EmployeeID,LastName,FirstName,Department,Salary
821,Pearson,Anita,Engineering,119917.99
15018,Chen,Alexander,Engineering,118304.79
334,Liu,Alicia,Engineering,115245.92
15635,Ramos,Angela,Engineering,113822.47
771,Stout,Ashley,Engineering,113402.19
15337,Garcia,Alex,Engineering,107116.73
825,Sanchez,Andrew,Engineering,101220.9
15485,Coleman,Andrew,Engineering,106653.4
985,Fisher,Angela,Engineering,99975.89
15100,Robbins,Amy,Engineering,96811.36
82,Green,Anthony,Engineering,94993.85
15727,Miller,Anthony,Engineering,95737.21
917,West,Alexis,Engineering,92513.26
15540,Perkins,Anne,Engineering,86409.5
261,Hensley,Amanda,Engineering,81907.0
15681,Peterson,Angela,Engineering,83369.91
403,Cook,Amy,Engineering,80585.49
15866,Mccarthy,Angela,Engineering,74736.68
103,Knox,April,Engineering,74933.87
15908,Brooks,Anthony,Engineering,69268.86
28,Gray,Ashley,Engineering,73999.11
15231,Foster,Amy,Engineering,68121.59
240,Harris,April,Engineering,65311.23
15339,Fernandez,Andrea,Finance,108520.52
946,Robinson,Amber,Finance,105953.04
15468,Roth,Anita,Finance,107341.49
820,Wilson,Anna,Finance,98672.06
15515,Gallegos,Andrew,Finance,102084.73
656,Rodriguez,Antonio,Finance,98105.04
15037,Baker,Austin,Finance,98470.15
339,Hahn,Amber,Finance,80589.8
15640,Dixon,Andrew,Finance,90035.96
24,Flores,Allison,Finance,80276.96
15987,Williams,Alison,Finance,85663.92
679,Adams,Allison,Finance,71069.0
15816,Potter,Andrew,Finance,75507.63
712,Winters,Amber,Finance,69114.39
15035,Stevens,Alexis,Finance,73125.68
186,Robles,Andrew,Finance,67358.9
15645,Conner,Adam,Finance,71124.87
347,Henderson,Anne,Finance,61299.35
15979,Thomas,Aaron,Finance,70295.0
231,Oliver,Alan,Finance,60666.66
15780,Munoz,Amanda,Finance,65284.62
582,Roberts,Alvin,Finance,59291.11
15366,Navarro,Amy,Finance,63970.7
595,Morris,Ashley,HR,88634.56
15931,Heath,Anthony,Finance,61847.04
329,Fuentes,Angela,HR,88496.32
15320,Rodriguez,Angela,Finance,59898.32
685,Mcdaniel,Angela,HR,87992.55
15175,Brown,Andrew,Finance,59233.68
139,Webster,Angela,HR,85712.07
15116,Ramirez,Audrey,HR,82055.64
796,Adkins,Andrea,HR,75672.01
15115,Watson,Alexander,HR,73594.65
58,Jones,Alexander,HR,73838.7
15405,Peters,Allen,HR,69448.57
52,Carpenter,Alicia,HR,72198.94
15531,Shaw,Amber,HR,64454.64
777,Bates,Alexis,HR,61832.38
15732,Morales,Ashley,HR,60633.46
295,Cruz,Abigail,HR,61697.0
15443,Frank,Andrew,HR,60294.69
375,Dickerson,Andrew,HR,59786.61
15157,Novak,Aaron,HR,50990.44
852,White,Amanda,HR,55911.59
15537,Davis,Ashley,IT,108771.62
835,Lara,Andres,HR,55081.45
15721,Jimenez,Angel,IT,106091.28
211,Allen,Alan,HR,54514.89
15275,Munoz,Angela,IT,92661.88
611,Mcknight,Amy,HR,52046.21
15986,Davidson,Amy,IT,89515.12
373,Greene,Adam,IT,113693.77
15290,Owen,Amanda,IT,81165.46
514,Sandoval,Ann,IT,108683.92
15691,Henry,Angela,IT,79398.04
786,Jones,Amy,IT,108460.87
15985,Macdonald,Alexandria,IT,75298.54
863,Roberts,Ashley,IT,107886.23
15117,Brown,Ann,IT,75192.91
862,Smith,Amy,IT,98817.23
15441,Miller,April,IT,74207.86
84,Dennis,Andrew,IT,92645.65
15342,Taylor,Adam,IT,67079.35
900,Norman,Alec,IT,88089.82
15464,Hester,Ashley,IT,62991.94
547,Keith,Angela,IT,85648.82
15304,Chavez,Alexandria,Legal,111613.14
95,Goodwin,Ashley,IT,64750.64
15782,Page,Adam,Legal,96125.23
417,Lopez,Aaron,Legal,109587.0
15801,Robinson,Anthony,Legal,93558.37
138,Jackson,Angela,Legal,93038.24
15328,Burns,Alan,Legal,83248.2
895,Ray,April,Legal,77629.46
15604,Castro,Alejandro,Legal,76848.34
275,Ramirez,Anna,Legal,71156.59
15702,White,Aaron,Legal,76565.35
488,Ellis,Adriana,Marketing,94838.5
15851,Reed,Amy,Legal,76364.21
727,Lam,Alyssa,Marketing,91706.58
15841,Sandoval,Ashley,Legal,69066.05
551,Turner,Amy,Marketing,91471.47
15412,Hopkins,Arthur,Legal,67868.73
669,Simmons,Adam,Marketing,90491.1
15216,Yates,Andrew,Marketing,99323.04
361,Taylor,Adriana,Marketing,83873.32
15335,Silva,Angel,Marketing,95136.34
711,Smith,Angela,Marketing,71888.42
15722,Hale,Allison,Marketing,91783.63
719,Harris,Alex,Marketing,58455.74
15010,Warner,Amy,Marketing,87035.52
276,Joyce,Albert,Marketing,58255.92
15663,Stephens,Andrew,Marketing,83812.59
729,Johnson,Abigail,Marketing,58140.54
15168,Morris,Amy,Marketing,83139.38
884,Smith,Andrew,Marketing,56732.56
15740,Martin,Anthony,Marketing,82000.52
976,Pierce,Adam,Marketing,52423.59
15756,Brooks,Alex,Marketing,75187.18
536,Brown,Andrew,Marketing,51715.26
15139,Johnson,Andrew,Marketing,74766.43
953,Collins,Aaron,Sales,82883.91
15299,Schroeder,Ashley,Marketing,74040.79
696,Rodriguez,Ann,Sales,77517.28
15452,Reese,Adam,Marketing,73532.18
910,Smith,Amanda,Sales,77215.72
15881,Hale,Alexander,Marketing,70313.81
381,Gross,Angela,Sales,74555.82
15859,Gordon,Antonio,Marketing,65627.43
616,Bradley,Angela,Sales,73502.72
15875,Snyder,Allison,Marketing,62637.36
185,Young,Anita,Sales,69887.31
15349,Williams,Aaron,Marketing,60266.31
839,Peters,Anna,Sales,65340.52
15490,Osborne,Antonio,Marketing,54978.46
77,Anderson,Amber,Sales,59855.17
15556,Dixon,Anna,Marketing,50682.65
673,Martin,April,Sales,48514.05
15671,Dominguez,Amanda,Sales,88621.05
130,Wilson,Antonio,Sales,45159.43
15344,Miller,Ashley,Sales,88549.0
85,Coffey,Aaron,Support,73455.85
15751,Cunningham,Austin,Sales,88397.96
187,Walton,April,Support,69770.49
15970,Vaughn,Ana,Sales,85402.62
288,Robertson,Anna,Support,69576.79
15580,Espinoza,Ashley,Sales,84665.31
819,Garza,Amber,Support,67954.63
15714,Fisher,Alyssa,Sales,83788.52
585,Clark,Angela,Support,62727.86
15332,Fletcher,Angela,Sales,77981.14
939,Waters,Aaron,Support,58725.28
15788,Mills,Amanda,Sales,75230.81
14,Marsh,Andrew,Support,58100.62
15351,Mcdaniel,Alan,Sales,72584.99
768,Gray,Andrew,Support,55630.36
15959,Gill,Alex,Sales,69062.75
430,Reed,Adam,Support,55226.32
15754,Hughes,Alexander,Sales,67219.85
521,Hamilton,Angie,Support,49766.7
15196,Moss,Anna,Sales,65563.7
38,Li,Adam,Support,49122.22
15821,Scott,Alan,Sales,64113.29
188,Rodriguez,Abigail,Support,46981.46
15993,Jackson,Angela,Sales,61979.34
1284,Cox,Anthony,Engineering,116360.71
3491,Hill,Amy,Engineering,116436.29
7636,Hicks,Angelica,Engineering,117885.53
15435,Garza,Aaron,Sales,57962.01
1356,Poole,Ashley,Engineering,113815.87
3369,Butler,Angela,Engineering,113854.22
7378,Diaz,Angela,Engineering,116502.78
15530,Taylor,Aaron,Sales,51697.21
1612,Kelley,Amanda,Engineering,102821.72
3934,Williams,Andrea,Engineering,107781.95
7225,Rose,Ashley,Engineering,112560.47
15950,Grant,Allison,Sales,47610.7
1812,Luna,Aaron,Engineering,101703.47
3272,Olson,Angela,Engineering,103310.56
7528,Smith,Amy,Engineering,110264.63
15295,Kennedy,Anna,Sales,45417.34
1556,Johnson,Alyssa,Engineering,98779.21
3913,Kelly,Anthony,Engineering,96004.98
7208,Cruz,Angelica,Engineering,108677.81
15376,Smith,Andrew,Support,79443.87
1871,Fox,Amber,Engineering,95023.9
3291,Tanner,Anita,Engineering,90976.51
7081,Carr,Audrey,Engineering,107887.05
15676,Davis,Allen,Support,74357.64
1965,Vasquez,Adam,Engineering,86572.05
3928,Gibson,Alison,Engineering,89445.59
7280,Schmitt,Andrea,Engineering,101634.58
15944,Clark,Antonio,Support,72584.82
1288,Villarreal,Ashley,Engineering,85439.12
3605,Mason,Andrew,Engineering,87745.07
7056,Andrews,Angela,Engineering,96525.32
15682,Robinson,April,Support,72110.39
1394,Ali,Amy,Engineering,85033.03
3424,Mills,Allen,Engineering,84037.06
7122,Gray,Amanda,Engineering,93080.37
15715,Patel,April,Support,65616.64
1160,Williams,Amanda,Engineering,77772.81
3233,Mcguire,Allen,Engineering,79710.22
7458,Scott,Alexis,Engineering,86997.26
15449,Wood,Aaron,Support,63661.27
1274,Fox,Alfred,Engineering,66456.19
3489,Lopez,Angela,Engineering,71270.31
7808,Cooper,Aaron,Engineering,85034.01
15776,Butler,Antonio,Support,61215.63
1273,Ramos,Amber,Finance,107926.97
3384,Chen,Antonio,Engineering,62218.14
7580,Frank,Amanda,Engineering,84318.61
15876,Davis,Angela,Support,57908.42
1705,Carter,Andrea,Finance,107356.25
3869,Rodriguez,Allison,Finance,102493.85
7999,Hobbs,Anthony,Engineering,65366.81
15110,Kane,Anna,Support,54431.0
1799,Wilson,Amy,Finance,106104.01
3547,Walker,Albert,Finance,84299.59
7062,Garcia,Amanda,Engineering,61718.7
15968,Fisher,Angela,Support,52910.57
1862,Mills,Ashley,Finance,104143.18
3196,Webb,Angela,Finance,80504.3
7216,Small,Adrian,Engineering,61025.67
15573,Lee,Alexander,Support,50171.77
1486,Mcdaniel,Ashley,Finance,97508.75
3642,Brooks,Amanda,Finance,77224.01
7620,Black,Andrew,Finance,107126.74
15731,Preston,Angela,Support,47752.36
1534,Griffin,Anthony,Finance,97087.19
3613,Howe,Adam,Finance,69526.05
7684,Roberts,Angela,Finance,106566.93
15326,Reed,Adam,Support,47154.15
1116,Johnson,Andrew,Finance,94901.24
3924,Briggs,Angela,Finance,64714.24
7804,Bush,Alex,Finance,99456.65
15932,Horn,Anita,Support,44668.55
1041,Leach,Aaron,Finance,88513.52
3377,Romero,Austin,Finance,62017.82
7960,Maldonado,Ashley,Finance,96792.28
8470,Reyes,Ann,Engineering,118975.12
1919,Griffith,Alyssa,Finance,85936.5
3624,Robinson,Annette,Finance,61145.41
7593,Perez,Austin,Finance,89840.92
8316,Miller,Ana,Engineering,115368.56
1749,Gonzalez,Allison,Finance,83010.65
3958,Matthews,Alexandra,Finance,55360.64
7989,Hart,Andrew,Finance,88536.56
8829,Bradley,Andrew,Engineering,113454.02
1071,Wilson,Adam,Finance,76619.34
3070,Williams,Andrew,HR,81694.43
7461,Campos,Angela,Finance,87338.92
8807,Doyle,Alan,Engineering,110873.3
1489,Mendoza,Amy,Finance,68136.24
3519,Crane,Ashley,HR,76862.0
7478,Jackson,Ashley,Finance,84926.53
8377,Mann,Andrew,Engineering,108000.25
1023,Stevens,Amy,Finance,62993.05
3169,Barrera,Alexandra,HR,69514.5
7512,Leblanc,Anthony,Finance,79902.49
8863,Hanson,Alyssa,Engineering,104267.95
1214,Contreras,Antonio,Finance,59442.7
3043,Brown,Andrea,HR,67773.7
7855,Valdez,April,Finance,68356.95
8963,Wright,Ariana,Engineering,99455.83
1146,Morgan,Andrew,Finance,59165.76
3382,Jordan,Alexandra,HR,67286.86
7600,Taylor,Anthony,Finance,67764.11
8466,Wheeler,Amanda,Engineering,94017.91
1550,Knapp,Andrew,Finance,55811.31
3685,Anderson,Amanda,HR,63390.84
7955,Medina,Amanda,Finance,67381.11
8477,Perez,Angel,Engineering,88968.12
1219,Adams,Anthony,HR,93039.24
3412,Jones,Alicia,HR,63114.41
7727,Chavez,Adam,Finance,63777.58
8444,Goodwin,Adam,Engineering,72012.83
1361,Kent,Andrea,HR,92625.49
3607,Marquez,Ashley,HR,59395.38
7689,Garcia,Alexander,Finance,61753.55
8027,Williams,Andrew,Finance,109538.79
1174,Dillon,Angela,HR,90203.24
3469,Sellers,Ashley,HR,55427.33
7118,Olson,Anthony,HR,85900.19
8668,Walker,Amanda,Finance,106225.53
1826,Erickson,Ashley,HR,88504.49
3180,Ross,Andrea,HR,54502.74
7529,Flores,Alexandra,HR,85598.04
8455,Walker,Alexander,Finance,101070.33
1302,Guzman,Ashlee,HR,87383.06
3347,Moore,Ann,HR,54177.51
7267,Crane,Amanda,HR,84462.99
8451,Thomas,Amber,Finance,100833.22
1055,Graves,Anthony,HR,85223.74
3911,Powell,Ashley,HR,51655.96
7266,Smith,Amanda,HR,78861.98
8318,Choi,Andrew,Finance,98228.21
1741,Thomas,Allison,HR,85036.1
3939,Martin,Angelica,HR,50234.54
7031,Jordan,Alison,HR,76540.02
8952,Nunez,Amanda,Finance,94342.74
1441,Castro,Amanda,HR,84991.78
3308,Anderson,Ashley,IT,93670.74
7405,Fisher,Anthony,HR,71608.96
8248,Johnson,Allison,Finance,94282.84
1192,Ford,Anthony,HR,84948.99
3354,Campbell,Ann,IT,92713.24
7923,Harrison,Alexa,HR,55346.5
8763,Michael,Amber,Finance,88172.63
1939,Rogers,Adam,HR,84636.41
3922,Myers,Amy,IT,87173.54
7768,Dunn,Anne,HR,54580.3
8555,Swanson,Angel,Finance,81161.01
1575,Thompson,Antonio,HR,82032.51
3518,Santiago,Amanda,IT,84157.82
7902,Graham,Alyssa,HR,51549.31
8506,Taylor,Amanda,Finance,76114.31
1625,Williams,Angelica,HR,80987.52
3007,Marshall,Angela,IT,76487.41
7599,Smith,Andrea,HR,50680.09
8759,Charles,Amanda,Finance,75823.5
1193,Meyer,Alexander,HR,69522.71
3554,Jennings,Amanda,IT,75844.49
7474,Scott,Angela,IT,111579.36
8404,Marsh,Amanda,Finance,74308.88
1902,Davis,Andrew,HR,60110.94
3553,Fernandez,Ashley,IT,74313.54
7554,Baker,Audrey,IT,111143.84
8008,Rangel,Aaron,Finance,72226.25
1743,Cole,Alexander,HR,58577.41
3157,Neal,Andrew,IT,74112.68
7628,Price,Anthony,IT,109810.35
8426,Moss,Ashley,Finance,69669.09
1348,Gregory,Andres,HR,58100.89
3404,Valentine,April,IT,66430.33
7892,Allen,Adam,IT,109261.37
8905,Shelton,Angela,Finance,67528.54
1983,Powell,Amy,HR,54983.68
3434,Hayes,Ashley,IT,65498.39
7371,Lambert,Anthony,IT,105949.84
8620,Eaton,Angel,Finance,62676.29
1977,Townsend,Ashley,IT,110034.47
3674,Cunningham,Alexis,IT,63064.73
7121,Black,Alexander,IT,98915.89
8223,Johnson,Anthony,Finance,61125.76
1043,Morris,Alex,IT,108189.62
3680,Bell,Allison,Legal,121161.61
7192,Hubbard,Anne,IT,94545.7
8161,Walters,Alexis,HR,92940.7
1593,Gordon,Amy,IT,107443.24
3640,Glover,April,Legal,112794.29
7084,Young,Allison,IT,90593.78
8837,Arellano,Amanda,HR,86862.87
1241,Hayden,Austin,IT,105508.12
3538,Webb,Anthony,Legal,108359.14
7830,Thompson,Andrew,IT,90389.72
8035,Mills,Austin,HR,85629.22
1411,Lee,Austin,IT,99006.79
3849,Baird,Ashley,Legal,103064.78
7091,Juarez,Arthur,IT,88463.52
8300,Robinson,Amber,HR,84594.78
1120,French,Angela,IT,84710.59
3742,Gonzalez,Amanda,Legal,102732.21
7812,Sheppard,Alec,IT,82720.84
8937,Dawson,Ann,HR,81344.99
1215,Collins,Amanda,IT,83207.91
3498,Cowan,Arthur,Legal,101385.33
7282,Jones,April,IT,82449.17
8540,Rodriguez,Adam,HR,79665.66
1378,Jones,Anthony,IT,79605.71
3095,Patterson,Angela,Legal,97223.91
7541,Barrett,Andre,IT,78451.94
8052,Anderson,Ann,HR,76425.88
1708,Bell,Arthur,IT,77360.03
3083,Henry,Ann,Legal,85291.81
7287,Thompson,Angie,IT,75167.48
8808,Clark,Anthony,HR,75640.85
1463,Hernandez,Amber,IT,76625.87
3166,Haley,Anthony,Legal,80017.16
7141,Hayes,Anna,IT,70890.07
8100,Bentley,Anthony,HR,69620.2
1615,Lucas,Angela,IT,71977.88
3511,Ferguson,Amber,Legal,76921.73
7185,Johnson,Amy,IT,68489.28
8006,Heath,Angela,HR,69512.84
1553,Diaz,Anna,IT,68764.34
3805,Jones,Ashley,Legal,76744.9
7709,Watkins,Adam,IT,65097.99
8117,Boyd,Aaron,HR,64768.65
1989,Mueller,Ashley,IT,66757.77
3611,Campbell,Angela,Legal,71907.01
7403,Baker,Ashley,Legal,119586.62
8696,Terry,Angela,HR,61156.32
1792,Cox,Alyssa,IT,66559.65
3637,Williams,Audrey,Legal,67618.82
7946,Morgan,Anthony,Legal,115430.82
8992,Thompson,Amber,HR,52142.99
1461,Villarreal,Anthony,IT,64835.04
3473,Bradshaw,Andre,Marketing,88072.44
7657,Miller,Alejandra,Legal,114405.4
8962,Lucas,Alexander,HR,51404.97
1421,Robinson,Aaron,Legal,124872.99
3234,Mccullough,Amanda,Marketing,85598.3
7977,Moore,Amanda,Legal,97112.94
8037,Luna,Amanda,IT,109244.41
1210,Green,Ashley,Legal,122158.5
3664,Phelps,Ashley,Marketing,77783.19
7823,Roman,Ashley,Legal,94851.76
8474,Johnson,Audrey,IT,99798.98
1109,Cole,Angela,Legal,117342.89
3974,Ortiz,Andrew,Marketing,76956.95
7203,Cuevas,Abigail,Legal,94608.21
8693,Stephens,Andrea,IT,93149.43
1870,Ryan,Allison,Legal,115020.12
3430,Reyes,Alejandra,Marketing,70299.29
7199,Wallace,Austin,Legal,94014.61
8056,Sullivan,Albert,IT,91994.47
1735,Bradford,Alfred,Legal,113482.41
3903,Thompson,Alexander,Marketing,63941.22
7320,Peterson,Aaron,Legal,83897.4
8233,Coleman,Amanda,IT,87516.58
1668,Gillespie,Andrea,Legal,112192.33
3326,Torres,Abigail,Marketing,59050.4
7738,Brown,Anthony,Legal,81903.77
8113,Whitaker,Adam,IT,80489.74
1503,Grimes,Alicia,Legal,110046.27
3309,Reid,Allison,Marketing,55467.76
7796,Cole,Amber,Marketing,96639.44
8525,Hill,Ana,IT,77734.13
1706,Lewis,Alexander,Legal,101809.13
3952,Perez,Andrew,Marketing,54815.16
7333,Roberts,Adrian,Marketing,88322.52
8981,Atkins,Anne,IT,74270.48
1292,Bonilla,Alexandra,Legal,85650.29
3025,Davis,Amanda,Marketing,54255.62
7849,Wilkins,Amy,Marketing,77827.97
8498,Johnson,Amanda,IT,70330.32
1358,Montes,Andrea,Legal,77720.45
3006,Murphy,April,Marketing,53609.7
7639,Benson,Alex,Marketing,58176.22
8662,Brown,Andrea,IT,64862.95
1733,Castro,Alex,Legal,75475.4
3785,Roberts,Amanda,Sales,89063.76
7945,Valdez,Amber,Marketing,51882.69
8207,Gonzalez,Andrew,Legal,121402.08
1248,Scott,Amy,Legal,73847.69
3643,Murray,Alexandria,Sales,87190.72
7298,White,Austin,Sales,88554.39
8642,Lopez,Amanda,Legal,118044.73
1198,Salinas,Aaron,Marketing,95607.2
3450,Guzman,Autumn,Sales,68326.07
7649,Turner,Alexander,Sales,88498.65
8480,Mckinney,Amanda,Legal,114043.56
1200,Taylor,Alexis,Marketing,93307.01
3883,Flores,Angela,Sales,61497.63
7951,Cervantes,Abigail,Sales,87518.12
8917,Johnson,Anthony,Legal,108577.16
1890,Allen,Austin,Marketing,92990.69
3262,Hinton,Ann,Sales,60579.89
7671,Johnson,Amy,Sales,85441.73
8868,Barnes,Allison,Legal,97397.43
1020,Bowers,Anne,Marketing,91853.23
3724,Williams,Antonio,Sales,57600.08
7888,Bowers,Aaron,Sales,79690.73
8338,Lane,Allison,Legal,95870.55
1953,Bowen,Angela,Marketing,87941.52
3861,Garcia,Angela,Sales,57292.27
7493,Burns,Austin,Sales,78825.97
8704,Graham,Angela,Legal,95031.68
1687,Henderson,Amanda,Marketing,87291.21
3304,Whitehead,Amy,Sales,56218.92
7312,Wright,Allison,Sales,78498.49
8129,Torres,Angela,Legal,93644.84
1097,Payne,Angela,Marketing,84565.44
3085,Bryant,Aaron,Support,73764.2
7925,Burns,Ashley,Sales,78409.68
8907,Snyder,Amy,Legal,91708.46
1634,Lewis,Amber,Marketing,80818.55
3187,Martinez,Alexander,Support,65125.41
7250,Thompson,Adam,Sales,75520.85
8511,Owens,Austin,Legal,89568.34
1981,Baker,Andrew,Marketing,56728.49
3453,Hansen,Alec,Support,63527.7
7704,Juarez,Angel,Sales,69676.05
8107,Green,Alexandra,Legal,88876.99
1785,Peterson,Ashley,Marketing,55767.78
3574,Robinson,Aaron,Support,61807.52
7322,Garcia,Angela,Sales,68495.17
8903,Hernandez,Amanda,Legal,87435.09
1151,Hancock,Abigail,Marketing,54325.14
3790,Kim,Ariel,Support,61074.52
7096,Gibbs,Allison,Sales,65088.98
8596,Ponce,Anita,Legal,78074.45
1523,Perez,Andrew,Marketing,51192.35
3675,Pacheco,Ana,Support,60740.37
7365,Baker,Aaron,Sales,57438.61
8065,Weiss,Alexandria,Legal,74392.27
1252,Johnson,Anna,Sales,81571.6
3800,Alexander,Angela,Support,60100.48
7036,Evans,Ashley,Sales,47656.0
8788,Richardson,Austin,Legal,66569.38
1663,Hayes,Anna,Sales,74228.6
3765,Cruz,Alyssa,Support,56679.77
7651,Ross,Allen,Sales,45734.02
8615,Parks,Andrea,Marketing,98785.84
1425,Graves,Adam,Sales,67572.35
3713,Murray,Ana,Support,42489.1
7264,Dean,Amber,Support,77713.04
8157,Bennett,Angela,Marketing,97457.1
1746,Martinez,Anthony,Sales,63674.89
3458,Fox,Angela,Support,42267.96
7778,Berg,Andrea,Support,74092.15
8561,Ramos,Amanda,Marketing,89922.0
1510,White,Austin,Sales,50947.84
7139,Johnson,Adam,Support,71041.32
8580,Beard,Anthony,Marketing,75291.73
1713,Gardner,Alicia,Sales,47435.5
7845,Madden,Alexander,Support,70693.22
8700,Garcia,Aaron,Marketing,69689.51
1675,Valdez,Adam,Sales,47360.87
7100,Mata,Alexis,Support,69811.12
8071,Bryant,Alexis,Marketing,63932.46
1709,Brewer,Anne,Sales,46420.65
7103,Hodges,Annette,Support,66868.45
8810,Adams,Alejandro,Marketing,57856.18
1009,Clark,Amanda,Sales,46020.73
7049,Perez,Ashley,Support,59900.37
8536,Fitzgerald,Allison,Marketing,56823.89
1299,Flores,Andrew,Support,70097.02
7341,Bryant,Amy,Support,59159.22
8178,Branch,Anthony,Marketing,52089.72
1949,Brown,Austin,Support,65367.11
7973,Thompson,Anthony,Support,52472.19
8643,Howard,Alexander,Sales,88658.83
1643,Morgan,Ashley,Support,55212.21
7383,Hart,Ashley,Support,51190.18
8392,Copeland,Alyssa,Sales,88186.36
1524,Jefferson,Alan,Support,52527.86
7814,Jackson,Ashley,Support,41499.8
8253,Leblanc,Amy,Sales,87535.35
1995,Thomas,Angela,Support,52311.15
4651,Quinn,Andrea,Engineering,113520.45
8738,Fuller,Alyssa,Sales,85958.41
1915,Long,Amber,Support,52168.66
4943,Hayes,Andrew,Engineering,106066.85
8669,Townsend,Amanda,Sales,84675.0
1753,Smith,Amy,Support,48182.82
4347,Powell,Aaron,Engineering,97890.64
8270,Brown,Ashley,Sales,84566.61
1623,Martinez,Abigail,Support,46365.1
4725,Stewart,Amy,Engineering,92044.28
8805,Ingram,Ashley,Sales,77035.45
1515,Hays,Andrew,Support,45088.88
4677,Chavez,Alex,Engineering,78457.95
8560,Moore,Amy,Sales,71464.98
1370,Wood,Aaron,Support,43014.97
4991,Drake,Amber,Engineering,68749.76
8711,Ross,Alicia,Sales,71001.66
9492,White,Amy,Engineering,118935.06
4202,Sullivan,Adam,Engineering,64442.47
8084,Snyder,Amber,Sales,60341.01
9484,Torres,Amy,Engineering,90649.29
4078,Leon,Austin,Finance,103035.27
8614,Smith,Amanda,Sales,58918.07
9845,Hunter,Amy,Engineering,90002.31
4928,Rodriguez,Alexandra,Finance,102979.38
8659,Flores,Aaron,Sales,52830.36
9530,Shelton,Anne,Engineering,85915.87
4401,Townsend,Amy,Finance,101246.41
8892,Day,Adam,Sales,47614.3
9910,Smith,Allison,Engineering,85482.22
4175,Wolf,Ashley,Finance,98347.72
8326,Maynard,April,Sales,46310.24
9548,Roberts,Aaron,Finance,107211.16
4972,Cunningham,Andrew,Finance,98229.34
8038,Hill,Amanda,Support,79928.94
9139,Ramirez,Aaron,Finance,100664.39
4095,Medina,Alexandra,Finance,86725.4
8933,Smith,Aaron,Support,78507.96
9643,Harris,Alexander,Finance,96073.89
4085,Woods,Alex,Finance,81943.97
8658,Browning,Amber,Support,78107.32
9031,Chang,Ann,Finance,94310.41
4266,Greer,Ashley,Finance,80507.92
8093,Bean,Ann,Support,64969.48
9407,Norton,Angelica,Finance,85944.37
4557,Golden,Amanda,Finance,80127.05
8049,Roy,Andrea,Support,55445.48
9569,Bean,Andrea,Finance,81657.07
4174,Banks,Anthony,Finance,80010.0
8429,Mccullough,Alyssa,Support,52651.83
9946,Gregory,Alex,Finance,69363.73
4550,Vincent,Andrea,Finance,56086.58
8930,Howard,Amanda,Support,51580.63
9816,Adams,Anita,Finance,67056.19
4003,Williams,Amber,HR,91500.14
8812,Sandoval,Anne,Support,49357.81
9871,Cherry,Amy,Finance,63417.72
4065,Mueller,Angela,HR,83821.68
8961,Greer,Annette,Support,47694.26
9180,Walker,Alexandra,Finance,61418.32
4684,Lewis,Alan,HR,82500.89
8179,Weiss,April,Support,45376.73
9766,Barnes,Anthony,HR,94334.85
4549,Hernandez,Ashlee,HR,80455.88
10154,Christian,Andrew,Engineering,119255.99
9528,Stevens,Austin,HR,93261.46
4211,Richmond,Alexandra,HR,80136.02
10391,Kennedy,Amanda,Engineering,118599.81
9857,Gonzalez,Andrew,HR,91341.21
4667,Rios,Alyssa,HR,75327.75
10279,Martin,Anna,Engineering,108228.86
9675,Smith,Anita,HR,77842.18
4137,Lopez,Amber,HR,75231.85
10872,Cook,Aaron,Engineering,105279.95
9460,Mcguire,Alexander,HR,75410.6
4455,Morrison,Ashley,HR,74481.61
10137,Hicks,Alicia,Engineering,103902.33
9738,Ruiz,Amy,HR,69137.56
4871,Barton,Amanda,HR,72244.56
10462,Cox,Alan,Engineering,98759.23
9178,Johnson,Anthony,HR,68338.17
4154,Phillips,Anthony,HR,71673.33
10356,Martinez,Allen,Engineering,98366.73
9594,Ross,Amy,HR,64135.75
4381,Johnson,Ann,HR,71268.19
10318,Rodgers,Alejandro,Engineering,95800.16
9560,Huffman,Alexander,HR,59938.17
4621,Cooper,Adam,HR,70489.69
10942,Wilson,Amber,Engineering,93507.5
9950,Nelson,Annette,HR,59480.82
4501,Mayer,Ashley,HR,69336.32
10777,Gordon,Amber,Engineering,93115.02
9673,Weber,Aaron,HR,57374.23
4596,Abbott,Amy,HR,69284.51
10011,Lee,Amy,Engineering,90586.98
9559,Wilson,Anne,HR,57220.11
4736,Yates,Angela,HR,69215.72
10620,George,Alexandra,Engineering,78994.37
9537,Lynch,Anna,HR,53721.28
4717,Barrett,Aaron,HR,63629.71
10109,Hill,Angela,Engineering,76099.01
9756,Jones,Amber,IT,114805.42
4436,Long,Amy,HR,63072.11
10053,Mccullough,Andrea,Engineering,73466.31
9448,Watson,Aaron,IT,110717.36
4441,Mcdonald,Antonio,HR,61502.74
10576,Harper,Austin,Engineering,65078.51
9844,Wood,Amber,IT,110078.74
4151,Wagner,Anthony,HR,56055.4
10850,Figueroa,Alexander,Engineering,61322.51
9037,Stanley,Alex,IT,103154.03
4497,Hunt,Alyssa,HR,52533.19
10104,Miller,Anthony,Finance,103654.97
9099,Ramirez,Alexander,IT,101732.07
4168,Adkins,Alicia,HR,51539.03
10941,Torres,Antonio,Finance,100185.55
9457,Mays,Angela,IT,100577.03
4935,Hunt,Amanda,IT,110148.83
10914,York,Andrea,Finance,97434.41
9156,Woods,Angela,IT,98547.74
4590,Harrison,Alexander,IT,109312.05
10878,Williams,April,Finance,83061.59
9268,Parker,Aaron,IT,97588.43
4483,Gonzalez,Alexander,IT,108845.96
10195,Hoffman,Amanda,Finance,81265.1
9762,Watkins,Anthony,IT,84084.63
4391,Robinson,Amy,IT,97384.34
10061,Boyd,Andrew,Finance,80493.85
9423,Evans,Ann,IT,76081.16
4373,Ward,Alexis,IT,92041.2
10966,Carroll,Ashley,Finance,66107.76
9652,Gilbert,Alexa,IT,73883.73
4883,Ramirez,Alexander,IT,91635.76
10847,Smith,Andrea,Finance,65893.34
9206,Goodwin,Andrew,IT,73490.8
4217,Sanchez,Andre,IT,89012.07
10622,Miranda,Amanda,Finance,64808.2
9464,Parker,Austin,IT,72541.47
4242,Mendez,Andrea,IT,76308.34
10951,Thomas,Adam,Finance,63943.57
9628,Barnes,Ashley,IT,72512.33
4920,Humphrey,Amy,IT,62443.84
10590,Zamora,Angel,Finance,60806.15
9538,Parker,Alyssa,IT,62095.19
4838,Phillips,Autumn,IT,61815.62
10896,Johnson,Andrew,Finance,59513.86
9610,Jackson,Andrea,IT,61657.86
4962,Hartman,Allen,IT,60157.0
10290,Short,Angela,HR,92433.34
9277,Taylor,Amber,IT,60381.14
4652,Wilson,Adrienne,Legal,124869.02
10672,Gordon,Alexander,HR,90254.7
9830,Carter,Alex,Legal,116298.49
4495,Lee,Allison,Legal,120869.35
10436,Jones,Amanda,HR,85149.5
9636,Davis,Angelica,Legal,115949.01
4443,Snow,Austin,Legal,109044.94
10052,Taylor,Ashley,HR,84911.59
9786,Johnson,Andrew,Legal,106281.88
4814,Fernandez,Andrew,Legal,101041.82
10017,Watson,Aaron,HR,78405.77
9554,Johnston,Alex,Legal,101601.38
4321,Payne,Andrew,Legal,98292.61
10616,Nunez,Angelica,HR,77258.56
9369,Williams,Ashley,Legal,100838.34
4917,Velasquez,Anthony,Legal,98246.73
10145,Mendoza,Anthony,HR,59741.74
9561,Gray,Ariel,Legal,99234.55
4784,Miller,Andrew,Legal,98152.0
10447,Gardner,Alyssa,HR,53139.29
9274,Davis,Amy,Legal,88821.44
4515,Stone,Amanda,Legal,95755.03
10760,Jones,Abigail,HR,50499.51
9260,Ramsey,Ashley,Legal,79784.44
4354,Larson,Aaron,Legal,94326.54
10204,Thomas,Adam,IT,106719.27
9584,Smith,Ashley,Legal,77481.39
4567,Crosby,Aaron,Legal,91622.81
10845,Proctor,Adam,IT,100174.4
9339,Brown,April,Legal,69272.66
4451,Le,Ann,Legal,91510.27
11000,Carter,Anthony,IT,87185.1
9238,Smith,Ariel,Marketing,95093.6
4882,Soto,Anthony,Legal,90515.82
10698,Morales,Adam,IT,83569.89
9356,Burgess,Adam,Marketing,92853.7
4072,Salazar,Alexander,Legal,89167.81
10378,Smith,Amber,IT,81069.96
9379,Clark,Ann,Marketing,88535.99
4251,Rodriguez,Amy,Legal,66601.51
10953,Preston,Angel,IT,78254.07
9235,Terrell,Alexander,Marketing,83839.04
4598,Villarreal,Amy,Marketing,97916.22
10366,Mckee,Anita,IT,73825.94
9677,Nguyen,Ann,Marketing,81098.9
4235,Howard,Andrea,Marketing,87699.93
10429,Mcgrath,Anthony,IT,71875.15
9229,Sexton,Andrea,Marketing,78883.23
4898,Gonzalez,Amy,Marketing,87099.33
10533,Rivera,Anthony,IT,69813.24
9987,Peterson,Anthony,Marketing,74588.87
4853,Payne,Amy,Marketing,85266.79
10335,Meyer,Angela,Legal,121583.84
9438,Lynch,Angela,Marketing,71500.54
4344,Hunt,Anthony,Marketing,84751.66
10936,Bailey,Adam,Legal,120457.35
9618,Jordan,Amy,Marketing,68966.04
4808,Cooper,Antonio,Marketing,84002.15
10883,Gutierrez,Amy,Legal,119432.43
9645,Hines,Amy,Marketing,66767.34
4546,Rodriguez,Amy,Marketing,74106.43
10280,Mendez,Allison,Legal,118741.22
9640,Moore,Alejandro,Marketing,52589.13
4158,Nguyen,Alexander,Marketing,72932.99
10537,Rocha,Albert,Legal,117913.88
9216,Robles,Alexander,Sales,87332.03
4823,Richard,Antonio,Marketing,69989.36
10694,Scott,Albert,Legal,112831.72
9221,Gardner,April,Sales,82914.54
4723,Kidd,Andrew,Marketing,67948.63
10434,Orr,Angela,Legal,106942.97
9901,Wheeler,Alejandro,Sales,79828.68
4094,Gomez,Anthony,Marketing,64391.59
10708,Ross,Aaron,Legal,104402.4
9969,Klein,Ashley,Sales,78864.16
4338,Miller,Alexandra,Marketing,64185.0
10464,Palmer,Amanda,Legal,90546.58
9928,Barber,Aaron,Sales,78095.96
4482,Jones,Alejandro,Marketing,63174.72
10427,Long,Andrew,Legal,75470.14
9748,Mills,Amy,Sales,58138.9
4901,Gonzalez,Abigail,Marketing,60993.45
10312,Farley,Alexis,Legal,72718.01
9759,Mclaughlin,Angel,Sales,56541.09
4745,Silva,Amy,Marketing,60647.11
10034,Collins,Alyssa,Legal,72138.05
9777,Buck,Alyssa,Support,78634.37
4121,Blevins,Angela,Marketing,59010.87
10807,Garcia,Amber,Legal,70474.64
9611,Haynes,Amanda,Support,77423.54
4593,Daugherty,Andrew,Marketing,57471.21
10213,Chen,April,Marketing,98813.64
9725,Blevins,Ashley,Support,77066.37
4179,Rowe,Amy,Marketing,51101.75
10048,Santos,Andrew,Marketing,93931.17
9522,Williamson,Angela,Support,72086.5
4257,Ray,Alyssa,Sales,87933.67
10573,Howard,Andrew,Marketing,93506.29
9415,Cohen,Angela,Support,71836.56
4771,Pena,Andrew,Sales,85014.39
10008,Hutchinson,Andrea,Marketing,92283.11
9706,Rodriguez,Angel,Support,70789.29
4452,Wells,Adam,Sales,84395.69
10925,Olson,Andrew,Marketing,88718.99
9390,Stone,Aaron,Support,69490.56
4253,Cobb,Amber,Sales,82645.8
10693,Klein,Amy,Marketing,87920.23
9227,Miller,Aaron,Support,55701.81
4586,Middleton,Amy,Sales,74875.1
10495,Greene,Ashley,Marketing,86764.58
9301,Hamilton,Anne,Support,54315.67
4082,Holmes,Adam,Sales,72812.81
10823,Rosales,Adrian,Marketing,83528.8
4867,Chambers,Anna,Sales,69803.24
10284,Anderson,Angela,Marketing,63580.37
4459,Wolf,Andrea,Sales,62951.75
10552,Patrick,Angela,Marketing,63523.16
4524,Nelson,Alexander,Sales,61518.32
10725,Gonzales,Andrew,Marketing,57399.51
4225,Douglas,Amanda,Sales,58662.65
10182,Chandler,Anne,Marketing,56709.72
4628,Stanley,Adam,Sales,55316.47
10049,Carroll,Andrew,Sales,88460.69
4129,Williams,Angela,Sales,52355.36
10664,Murphy,Angela,Sales,87352.87
4894,Estes,Ann,Sales,49038.83
10864,Garcia,Arthur,Sales,87094.24
4413,Diaz,Ashley,Support,79475.96
10057,Mays,Allison,Sales,81733.0
4434,Johnson,Amy,Support,79064.78
10067,Johnson,Anna,Sales,78707.54
4323,Benjamin,Andrea,Support,77105.83
10097,Smith,Ashley,Sales,70810.28
4945,Ryan,Anne,Support,74927.62
10539,Murray,Amanda,Sales,68701.58
4281,Molina,Amber,Support,68235.78
10641,Solis,April,Sales,62210.71
4019,Baker,Alyssa,Support,66601.18
10209,Young,Alice,Sales,58921.82
4673,Nelson,Antonio,Support,56990.47
10595,Gould,Andrew,Sales,58035.29
4068,Kline,Angie,Support,49063.2
10519,Wilcox,Andrew,Sales,57005.41
4181,Leon,Andre,Support,44994.54
10541,Stanley,Ashley,Sales,56798.28
4118,Lamb,Adam,Support,44675.23
10472,Evans,Andrea,Sales,55746.52
4265,Miller,Andrea,Support,41352.37
10159,Morris,Andrew,Sales,52503.37
2323,Cuevas,Andrew,Engineering,117527.01
10730,Harris,Adrienne,Support,75795.87
2191,Douglas,Alicia,Engineering,117143.35
10610,Brown,Angela,Support,72795.03
2824,Rojas,Alicia,Engineering,98209.53
10257,Ward,Angela,Support,69622.89
2605,Stewart,Arthur,Engineering,95116.0
10307,Armstrong,Amy,Support,63444.47
2607,Keller,Amber,Engineering,89103.3
10197,Zuniga,Amanda,Support,63246.9
2102,Moreno,Anthony,Engineering,86315.63
10819,Potter,Alisha,Support,59598.96
2731,Mcgrath,Alexander,Engineering,78556.09
10981,Wiggins,Andrea,Support,55010.87
2179,Hernandez,Alexander,Engineering,71910.01
10575,Bruce,Adam,Support,50055.15
2479,Payne,Alexis,Engineering,69772.07
10422,Nguyen,Andrew,Support,47997.66
2620,Schmidt,Anthony,Engineering,68719.1
10014,Chang,Alexis,Support,46600.76
2051,Williams,Andrea,Engineering,63997.64
10295,Edwards,Anthony,Support,44764.93
2697,Kemp,Angela,Finance,107480.83
10895,Hill,Andrew,Support,40076.62
2125,Allen,Antonio,Finance,102419.51
5696,Roberts,Alicia,Engineering,110863.85
2261,Peters,Ashley,Finance,96874.08
5931,Wallace,Andrea,Engineering,109526.8
2544,Williams,Allison,Finance,86865.14
5758,Oconnell,Annette,Engineering,108585.35
2111,Solomon,Adam,Finance,83086.92
5915,King,Anna,Engineering,106510.1
2956,Oneill,Ashley,Finance,82542.17
5845,Hunter,Andrew,Engineering,98281.17
2226,Escobar,Amy,Finance,82347.81
5901,Robertson,Alisha,Engineering,93346.72
2606,Mccoy,Alicia,Finance,80043.63
5647,Leblanc,Antonio,Engineering,91248.63
2070,Whitney,Alicia,Finance,73590.06
5470,Zimmerman,Alice,Engineering,89343.53
2835,Mendoza,Anna,Finance,73059.2
5438,Oliver,Amy,Engineering,82936.29
2426,Li,Alexander,Finance,71691.54
5798,Henry,Amy,Engineering,78847.86
2651,Perry,Andrea,Finance,70442.49
5149,Anderson,April,Engineering,78810.82
2967,Klein,Andrea,Finance,70076.73
5786,Matthews,Anthony,Engineering,75942.65
2464,Pace,April,Finance,65116.49
5932,Lopez,Allison,Engineering,60957.48
2961,Stewart,Alicia,Finance,63093.74
5455,Logan,Adam,Finance,109424.66
2874,Ruiz,Anthony,Finance,59861.29
5372,Arroyo,Adriana,Finance,107586.78
2467,Medina,Andrew,Finance,59081.29
5519,Delacruz,Amanda,Finance,101615.32
2332,Simon,Anthony,Finance,56307.3
5744,Winters,Alison,Finance,100279.88
2691,Garcia,Alexander,HR,94681.19
5781,Delgado,Amy,Finance,97923.99
2678,Harris,Ariel,HR,87669.58
5827,Malone,Anthony,Finance,96909.5
2545,Harper,Alexandra,HR,80362.6
5532,Adams,Ashley,Finance,90171.8
2065,Dunn,Amanda,HR,77387.82
5039,Bush,Anthony,Finance,88381.46
2291,Carlson,Alexandra,HR,77069.86
5732,Maxwell,Alexis,Finance,87219.99
2269,Powell,Aaron,HR,76368.27
5943,Choi,Arthur,Finance,80348.25
2947,Higgins,Amber,HR,76082.95
5962,Freeman,Anthony,Finance,74233.64
2501,Allen,Amy,HR,69214.75
5858,Henderson,Anna,Finance,72028.15
2495,Wilcox,Antonio,HR,68056.92
5369,Mitchell,Antonio,Finance,67205.11
2370,Dennis,Andrea,HR,65097.35
5790,Torres,Allen,Finance,61169.62
2644,Lara,Andrew,HR,61924.47
5889,Richmond,Amy,Finance,55944.21
2397,Lopez,Anthony,HR,59034.99
5346,Burton,Antonio,HR,93960.96
2973,White,Amy,HR,51548.67
5969,Winters,Austin,HR,92131.32
2056,Mckinney,Anthony,IT,114753.08
5046,Simpson,Adrienne,HR,90247.88
2050,Obrien,Amber,IT,114326.2
5522,Chavez,Ashley,HR,90011.63
2930,Cooley,Ashley,IT,109938.54
5126,Bennett,Austin,HR,89315.52
2042,Cooper,Andrea,IT,109869.82
5497,Chavez,Angela,HR,83031.48
2781,Dean,Annette,IT,102382.45
5984,Green,Alicia,HR,80111.17
2783,Tate,Aaron,IT,92272.77
5784,Simmons,Amanda,HR,79512.22
2807,Hernandez,Amanda,IT,92209.22
5728,Robinson,Austin,HR,76780.43
2461,Patterson,Amy,IT,87984.61
5511,Flynn,Amber,HR,73713.37
2225,Morgan,Anna,IT,66626.59
5151,Davis,Adrienne,HR,73551.66
2136,Townsend,Amanda,IT,65782.53
5925,Bowman,Aaron,HR,72601.17
2612,Santana,Alexa,IT,65470.67
5550,Dean,Anthony,HR,71492.91
2163,Love,Alyssa,IT,64051.7
5418,Dorsey,Ashley,HR,65853.38
2858,Ho,Alexander,IT,60059.24
5078,Wagner,Anthony,HR,64115.59
2638,Barr,Allison,Legal,123978.01
5517,Strickland,Amber,HR,59276.42
2643,Patrick,Austin,Legal,122125.81
5358,Barrett,Anthony,HR,57212.12
2969,Stone,Anthony,Legal,120671.27
5417,Goodwin,Anthony,HR,56324.94
2181,Curtis,Ashley,Legal,120283.52
5506,Wilson,Adam,HR,54816.01
2097,Delgado,Alyssa,Legal,117394.62
5869,Greene,Amy,HR,53735.26
2646,Riggs,Anna,Legal,112979.34
5277,Ramos,Alexandria,HR,53718.4
2144,Peters,Anthony,Legal,109395.77
5383,Hicks,Alan,HR,50963.92
2974,Miller,Anita,Legal,108299.12
5730,Orozco,Alexis,HR,50532.44
2532,Conner,Alyssa,Legal,105890.43
5772,Parks,Andrew,IT,113478.01
2662,Leonard,Alison,Legal,98091.3
5559,Martin,Angie,IT,108453.58
2176,Maxwell,Alan,Legal,78776.96
5516,Mccoy,Amanda,IT,107045.35
2894,Lopez,Amanda,Legal,75424.27
5524,Franklin,Albert,IT,92607.6
2180,Bishop,Alicia,Legal,66382.83
5512,Koch,Allison,IT,91782.63
2359,Gross,Albert,Marketing,93549.83
5187,Fernandez,Alicia,IT,91506.19
2352,Dunlap,Amy,Marketing,92660.4
5921,Johnson,Angela,IT,88186.0
2321,Hoover,Aaron,Marketing,89655.59
5823,Reynolds,April,IT,87525.49
2031,Santiago,Angelica,Marketing,85503.05
5047,Daniels,Andrea,IT,80217.07
2341,Harper,Amber,Marketing,76579.46
5156,Cochran,Angela,IT,79290.93
2959,Guzman,Adrian,Marketing,75271.83
5715,Romero,Ashley,IT,78881.1
2811,Jones,Arthur,Marketing,68486.14
5287,Johnson,Amanda,IT,76679.1
2187,Neal,Adam,Marketing,62931.11
5386,Mcclure,Anthony,IT,68291.99
2083,Randall,Ashley,Marketing,52666.91
5703,Steele,Andrew,IT,67346.48
2112,Burns,Aaron,Sales,86872.67
5274,Sandoval,Anthony,IT,65514.37
2881,Caldwell,Angel,Sales,79500.56
5628,Burnett,Antonio,IT,62297.39
2147,Johns,Andrew,Sales,72355.84
5164,Stanley,Amanda,Legal,117382.71
2764,Powers,Andrea,Sales,72118.13
5020,Harris,Alexander,Legal,115900.61
2458,Armstrong,Ann,Sales,71154.16
5498,Smith,Ashley,Legal,115504.42
2700,Crawford,Ashley,Sales,69056.38
5272,Mcdowell,Angela,Legal,112953.51
2752,Gibson,Amy,Sales,67798.4
5557,Neal,Anthony,Legal,110099.97
2736,Manning,Anthony,Sales,62318.94
5294,Mckinney,Alexandra,Legal,108145.08
2412,Thompson,Amanda,Sales,57899.39
5839,Weber,Amber,Legal,106762.67
2331,Lozano,Ashley,Sales,51681.54
5019,Garcia,April,Legal,99176.35
2770,Graham,Amanda,Support,79727.41
5920,Peters,Allen,Legal,98109.03
2377,Whitehead,Adrian,Support,76116.22
5904,Robinson,Ann,Legal,95786.32
2820,Brooks,Angela,Support,69173.06
5345,Lozano,Angela,Legal,94191.24
2845,Powell,Alexis,Support,67162.89
5072,Phillips,Andrew,Legal,89825.75
2514,Acevedo,Amanda,Support,65436.25
5437,Gross,Angela,Legal,78284.31
2613,Baker,Amy,Support,65380.25
5115,Spence,Alexis,Legal,73412.46
2403,Williams,Anthony,Support,57602.62
5172,Wilson,Annette,Marketing,95259.46
2158,Clarke,Angela,Support,55430.14
5567,Bush,Amanda,Marketing,94893.03
2985,Morgan,Amanda,Support,50043.4
5585,Estrada,Angela,Marketing,92472.82
2192,Wilkinson,Antonio,Support,49720.67
5866,Yates,Amy,Marketing,84453.85
2320,Chen,Ashlee,Support,46022.01
5253,Briggs,Amanda,Marketing,82923.62
2790,Brown,Ashley,Support,42475.6
5311,Gutierrez,Adam,Marketing,81496.73
2334,Steele,Antonio,Support,42030.24
5690,Stein,Antonio,Marketing,77615.64
11449,Richardson,Allen,Engineering,111043.92
5254,Martinez,Amy,Marketing,73886.32
11131,Kane,Adam,Engineering,104374.02
5190,Francis,Amber,Marketing,68967.65
11354,Garrett,Amy,Engineering,100097.16
5483,Sanchez,Andrew,Marketing,60298.11
11805,Kelly,Anthony,Engineering,94863.56
5388,Hansen,April,Marketing,58495.39
11745,Cummings,Alexis,Engineering,90613.15
5663,Nunez,Adam,Marketing,58464.64
11597,Torres,Alvin,Engineering,75175.52
5444,Ruiz,Angela,Marketing,54384.13
11583,Adams,Amber,Engineering,69514.89
5341,Bowers,Ann,Marketing,54290.98
11423,Gomez,Ann,Engineering,64856.31
5162,Avila,Amanda,Marketing,52639.8
11321,Goodman,Alicia,Engineering,61079.78
5727,Anderson,Andrew,Marketing,51529.81
11163,Soto,Ann,Finance,96035.46
5664,Boone,Amy,Marketing,50960.0
11839,Thomas,Alfred,Finance,94166.69
5051,Hodge,Andrew,Sales,88625.56
11445,Lee,Alfred,Finance,92911.99
5630,Montes,Anne,Sales,88150.41
11936,Kelly,Alex,Finance,89610.98
5678,Cook,Alexandra,Sales,83928.27
11779,Watkins,Amanda,Finance,84911.37
5198,Myers,Anna,Sales,81614.83
11111,Gordon,Anthony,Finance,81321.39
5357,Hodge,Ashley,Sales,79062.15
11219,Berry,Angela,Finance,78409.07
5023,Johnson,Alicia,Sales,72940.18
11331,Gibson,Anita,Finance,70331.45
5312,Parker,Ariel,Sales,72822.44
11179,Jefferson,Ashley,Finance,55747.55
5318,Williams,Abigail,Sales,67731.66
11118,Nguyen,Alyssa,HR,87152.55
5322,Brown,Allen,Sales,66042.12
11006,Gray,Allison,HR,85310.63
5299,Miller,Angela,Sales,64049.9
11913,Cohen,Ariel,HR,77684.78
5450,Smith,Aaron,Sales,59215.97
11686,Jordan,Alejandra,HR,76420.03
5236,Cole,Anna,Sales,54965.14
11263,Hawkins,Adam,HR,72986.91
5193,Hamilton,Anna,Support,79029.37
11934,Steele,Andrew,HR,69270.95
5738,Rice,Alex,Support,66347.99
11590,Wheeler,April,HR,65165.73
5079,Mercado,Alicia,Support,43914.76
11215,Rodriguez,Adriana,IT,113745.92
5526,Curry,Ashley,Support,42987.88
11633,Richmond,Alison,IT,113421.79
5671,Anderson,Annette,Support,42984.34
11250,Morrison,Alexandria,IT,106874.61
12063,Foster,Angela,Engineering,111888.06
11851,Hicks,Aaron,IT,101461.34
12684,Kelly,Alexander,Engineering,109549.0
11641,Cummings,Amy,IT,94814.17
12135,Fisher,Amy,Engineering,102886.58
11143,Kramer,Ashley,IT,76581.26
12515,Berry,Austin,Engineering,101475.01
11347,Conley,Aimee,IT,74408.74
12470,Price,Angela,Engineering,101274.59
11178,Valdez,Adam,IT,67156.31
12747,Mcdaniel,Ana,Engineering,97189.72
11058,Taylor,Amy,IT,65192.11
12074,Williams,Austin,Engineering,87462.68
11994,Harrison,Angela,IT,62628.98
12095,Wilkins,Amber,Engineering,86504.79
11493,Sanders,Amanda,IT,61098.17
12270,Jackson,Andrew,Engineering,84572.06
11875,Gordon,Anthony,Legal,109669.47
12556,Ayers,Andrea,Engineering,84070.16
11960,Marks,Audrey,Legal,94757.91
12708,Jones,Aaron,Engineering,61827.87
11045,Morales,Angela,Legal,94581.56
12535,Harrington,Amanda,Finance,104122.99
11102,Ramirez,Anthony,Legal,94343.71
12519,Sexton,Alexander,Finance,95378.58
11906,Johnson,Angel,Legal,90975.17
12218,Harris,Andrew,Finance,93060.41
11855,Brown,Antonio,Legal,90502.85
12910,Davis,Allison,Finance,88783.36
11496,West,Ariana,Legal,84892.98
12340,Knapp,Antonio,Finance,82920.97
11824,Woods,Alfred,Legal,83285.43
12024,Harris,Amanda,Finance,82063.38
11744,Davis,Adam,Legal,81374.84
12736,Gates,Anna,Finance,75965.5
11777,Rojas,Andrew,Legal,79542.98
12694,Brock,Andrew,Finance,66048.49
11778,Gregory,Alec,Legal,79484.79
12025,Leon,Alexandra,Finance,60659.96
11782,Willis,Ashley,Marketing,99023.85
12155,Stevens,Anthony,Finance,58647.88
11533,Bolton,Amy,Marketing,93287.11
12776,Wells,Alexandra,HR,93934.38
11028,Bennett,Anthony,Marketing,93195.61
12297,Wood,Aaron,HR,79834.52
11882,Ward,Abigail,Marketing,87760.49
12445,Bernard,Amber,HR,71946.04
11814,Perez,Alejandro,Marketing,85233.77
12137,Burton,Angela,HR,64737.77
11905,Mullins,Andrea,Marketing,84242.68
12697,Allen,Angela,HR,50931.35
11078,Richardson,Antonio,Marketing,84106.56
12410,Montgomery,Alexandra,IT,99730.42
11530,Robinson,Andrew,Marketing,78704.72
12894,Collins,Alison,IT,97796.68
11338,Smith,Anna,Marketing,74281.67
12170,Wood,Alice,IT,96292.55
11992,Henderson,Angela,Marketing,69978.47
12685,Trevino,Andrew,IT,82577.49
11723,Harris,Amy,Marketing,61175.57
12372,Ramirez,Angela,IT,78558.02
11147,Diaz,Angela,Marketing,52213.86
12367,Macias,Andrea,IT,69492.24
11287,Anderson,Ashley,Sales,84093.0
12846,Vaughn,Austin,IT,69165.01
11317,Nelson,Anthony,Sales,73593.64
12152,Lewis,Angel,IT,64728.56
11647,Ellis,Alexis,Sales,72786.11
12166,Le,Andrew,IT,62728.98
11063,Chandler,Amanda,Support,79317.69
12660,Norris,Amanda,IT,62005.35
11512,Barnes,Ashley,Support,74712.3
12792,Buck,Alicia,Legal,109228.44
11217,Strickland,Audrey,Support,73850.01
12148,Gallagher,Andre,Legal,107092.82
11594,King,Andrew,Support,67631.12
12436,Armstrong,Alexander,Legal,100134.94
11256,Howell,Albert,Support,61771.01
12991,Singh,Abigail,Legal,98770.5
11563,Hawkins,Ashley,Support,58270.76
12677,Ellis,Adam,Legal,96896.53
11438,Dominguez,Anne,Support,57699.82
12620,Sosa,Antonio,Legal,95960.46
11995,Stewart,Alexander,Support,47928.7
12125,Johnson,Alexis,Legal,93790.09
11751,Brooks,Amanda,Support,46107.64
12247,Carlson,Ashley,Legal,91712.91
11109,Miller,Andrea,Support,46053.99
12009,Jackson,Angela,Legal,91223.49
6249,Bennett,Anna,Engineering,118604.05
12906,Mullins,Amanda,Legal,81698.56
6400,Harper,Aaron,Engineering,118530.54
12864,Hernandez,Alexa,Legal,78826.37
6775,Blankenship,Amy,Engineering,114676.79
12228,Trujillo,Andrew,Legal,77254.24
6427,Gonzalez,Alexis,Engineering,107831.85
12453,Nelson,Anthony,Marketing,98107.79
6868,Bradford,Anne,Engineering,100603.24
12182,Perkins,Aaron,Marketing,94083.02
6529,Garcia,Austin,Engineering,98086.99
12480,Bray,Alexis,Marketing,89531.8
6897,Ford,Ashley,Engineering,94996.57
12108,Dominguez,Adrienne,Marketing,80374.26
6158,Smith,Amber,Engineering,91271.91
12382,Phillips,Anthony,Marketing,75194.23
6776,Morris,Andrew,Engineering,89932.35
12905,King,April,Marketing,65570.46
6905,Larson,Alicia,Engineering,89731.3
12491,Carter,Amanda,Marketing,63179.48
6989,King,Alexander,Engineering,87754.97
12833,Shah,Amanda,Marketing,62389.69
6972,Henry,Andrew,Engineering,85039.61
12238,Wong,Ashley,Marketing,61027.23
6577,Sanders,Alexis,Engineering,77241.88
12679,Tucker,Adrian,Marketing,57979.27
6061,Bautista,Alexis,Engineering,75146.37
12801,Robinson,April,Marketing,56434.41
6144,Walters,Alexis,Engineering,74241.43
12259,Cooper,Anna,Marketing,55773.95
6703,Hughes,Alicia,Engineering,67471.19
12785,Smith,Amy,Sales,88278.13
6539,White,Anthony,Finance,109196.75
12704,Howell,Anita,Sales,81310.91
6793,Mccall,Ashley,Finance,106764.08
12602,Erickson,Adam,Sales,76902.1
6680,Austin,Adam,Finance,87955.98
12558,Sullivan,Angela,Sales,75637.85
6380,Knox,Andrew,Finance,85401.85
12114,Harris,Alex,Sales,72736.09
6378,Nguyen,Anthony,Finance,70416.58
12326,Lewis,Autumn,Sales,71397.29
6300,Coleman,Alicia,Finance,68384.44
12511,Payne,Angela,Sales,70897.09
6974,Chavez,Andre,Finance,68296.67
12814,Williams,Anna,Sales,69617.22
6091,Kelley,Andrew,Finance,67509.47
12325,Moore,Amber,Sales,69030.05
6259,Moody,Amanda,Finance,65925.68
12543,Brown,Amy,Sales,60509.26
6340,Rios,Ann,Finance,57292.47
12315,Koch,Anthony,Sales,59570.07
6376,Kaufman,Alyssa,Finance,57141.03
12389,Perkins,Anthony,Sales,53306.84
6460,Thompson,Amy,Finance,56569.35
12093,Sosa,Alexandra,Sales,51526.52
6050,Rogers,Amy,Finance,55658.66
12930,Martinez,Ashley,Sales,50919.18
6627,Ramirez,Alex,HR,86399.82
12653,Rice,Antonio,Sales,45736.64
6631,Morris,Austin,HR,82856.55
12770,Johnson,Anthony,Support,75685.95
6602,Johnson,Angelica,HR,82634.78
12438,Vega,Amy,Support,74583.23
6194,Phillips,Alexander,HR,80051.06
12977,Rodriguez,Alexis,Support,73064.3
6231,Baker,Alex,HR,78242.09
12226,Brooks,Amanda,Support,72373.45
6765,Reyes,Aaron,HR,73320.01
12849,Collins,Amber,Support,68224.96
6659,Moreno,Ashley,HR,63534.69
12311,Jones,Andrew,Support,67999.35
6056,Spencer,Adam,HR,61889.75
12920,Richmond,Austin,Support,65236.91
6889,Nixon,Adam,HR,59044.66
12754,Crawford,Andre,Support,59213.6
6844,Vasquez,Angela,IT,109820.85
12931,Nichols,Amanda,Support,58953.28
6953,Ward,Amy,IT,103986.86
12096,Oconnor,Amanda,Support,58817.22
6797,Hunt,Amber,IT,97559.53
12752,Mitchell,Anthony,Support,56552.67
6143,Wilson,Angela,IT,93890.85
12982,Watts,Alexander,Support,55633.26
6981,Medina,Aaron,IT,88612.82
12948,Thornton,Angela,Support,45411.94
6600,Garcia,Austin,IT,83103.44
12329,Mitchell,Andrew,Support,43971.79
6302,Krause,Anthony,IT,74052.66
12162,White,Anthony,Support,43501.26
6048,Garcia,Adriana,IT,70034.98
12212,Rogers,Alicia,Support,41469.81
6780,Marshall,Amber,IT,66482.65
13566,Jackson,Amanda,Engineering,119488.38
6586,Sanchez,Angela,IT,64419.03
13726,Murphy,Angela,Engineering,115317.98
6963,Nichols,Adam,IT,62449.41
13440,Mcdonald,Alan,Engineering,114817.93
6611,Hoover,Amanda,Legal,123400.67
13933,Gibson,Anthony,Engineering,114330.72
6271,Torres,Anthony,Legal,99028.26
13776,Mendoza,Adam,Engineering,113459.75
6872,Frazier,Andrea,Legal,97078.95
13872,Burgess,Abigail,Engineering,106049.15
6487,Cruz,Aaron,Legal,85972.22
13981,Hayes,Anthony,Engineering,85944.45
6812,Beard,Angela,Legal,85124.69
13754,Stark,Ashley,Engineering,78497.54
6740,Munoz,Andrew,Legal,82485.97
13133,Anderson,Andrea,Engineering,75040.33
6814,Acevedo,Anita,Legal,74806.51
13099,Martin,Alexandria,Engineering,73279.14
6874,Stevens,Alyssa,Legal,69358.97
13612,Harris,Alyssa,Engineering,70920.99
6590,Lopez,Andrew,Marketing,92676.63
13100,Singh,Amber,Engineering,67106.67
6634,Martinez,Amanda,Marketing,83050.46
13799,Mendoza,Aaron,Engineering,61898.79
6503,Garcia,Adrienne,Marketing,82160.89
13115,Patel,Alison,Finance,101965.76
6639,Doyle,Alexandra,Marketing,82070.09
13845,Jackson,Angela,Finance,101700.37
6336,Gomez,Andrew,Marketing,76835.37
13717,Blair,April,Finance,100323.2
6492,Mcneil,Anthony,Marketing,75077.92
13669,Brown,Ashley,Finance,99717.17
6283,Nicholson,Allen,Marketing,73650.11
13123,Murillo,Angela,Finance,85973.02
6094,Madden,Alicia,Marketing,70382.5
13627,Merritt,Abigail,Finance,83434.34
6326,Reynolds,Amber,Marketing,68948.08
13873,Williams,Alyssa,Finance,81243.3
6076,Jones,Ashley,Marketing,60042.49
13305,Watson,Andrew,Finance,80617.87
6016,Hall,Alicia,Marketing,51268.9
13703,Carter,Adam,Finance,77122.26
6262,Roman,Andrew,Marketing,50508.42
13549,Jones,Amanda,Finance,76967.64
6589,Clark,Adam,Sales,88788.42
13038,Sanchez,Anthony,Finance,72702.69
6148,Trujillo,Ashley,Sales,87838.67
13542,Bailey,Amanda,Finance,72701.73
6319,Wolf,Anna,Sales,87230.02
13059,Merritt,Angela,Finance,68901.61
6826,Rodriguez,Austin,Sales,77779.6
13315,Wilkins,Amanda,Finance,67408.29
6154,Meyer,Amanda,Sales,76452.49
13436,Powell,Alicia,Finance,65810.48
6545,Fields,Alexander,Sales,73905.75
13217,Davis,Angela,HR,86327.85
6717,Cox,Anthony,Sales,69864.46
13943,Adams,Amanda,HR,82311.09
6959,Walters,Ashley,Sales,66891.27
13083,Harris,Alexander,HR,75657.56
6297,Perez,Anthony,Sales,60862.25
13228,Morris,Anthony,HR,70207.98
6083,Roberts,Ashley,Sales,59124.81
13949,Torres,Arthur,HR,65127.21
6842,Buchanan,Andrew,Sales,57021.3
13035,Davis,Andrew,HR,61824.53
6508,Spence,Amanda,Sales,55712.24
13385,Green,Aaron,HR,56366.65
6509,Campos,Ashley,Sales,54322.22
13291,Martinez,Amanda,IT,114609.37
6243,Skinner,Amy,Support,79569.6
13522,Mcmahon,Alan,IT,104283.35
6328,Moore,Alyssa,Support,71174.35
13501,Thompson,Adam,IT,103749.69
6994,Allen,Alexander,Support,68664.29
13624,Taylor,Allison,IT,101540.86
6470,Anderson,Amanda,Support,67645.13
13582,Cole,Angela,IT,92814.73
6216,Ortega,Ashley,Support,65871.78
13876,Little,Amanda,IT,92115.92
6197,Bautista,Angela,Support,55778.68
13913,Walker,Andrew,IT,86605.98
6774,Powell,Amy,Support,52208.14
13010,Hunter,Angela,IT,84758.04
6906,Rodriguez,Andrew,Support,47483.15
13209,Miller,Alexis,IT,83574.55
6941,Graham,Angela,Support,45903.21
13366,Reyes,Anne,IT,77662.53
14203,Chavez,Alexis,Engineering,118153.15
13750,Martinez,Angela,IT,68872.18
14205,Porter,Adam,Engineering,116459.97
13039,Griffin,Amanda,IT,67752.37
14426,Flores,Anthony,Engineering,115105.05
13795,Lee,Anthony,Legal,116346.41
14924,Bradley,Adam,Engineering,114065.58
13751,Perry,Angela,Legal,104789.91
14307,Caldwell,Aaron,Engineering,106848.47
13755,Mitchell,Anthony,Legal,103438.44
14933,Martin,Angela,Engineering,106629.7
13625,Roberts,Alexis,Legal,99066.18
14323,Ferguson,Autumn,Engineering,103983.34
13741,Young,Ashley,Legal,97166.5
14797,Martinez,Ana,Engineering,94585.78
13093,Johnson,Alexander,Legal,93840.64
14736,Butler,Anita,Engineering,88017.71
13375,Howell,Amanda,Legal,93613.72
14642,Holt,Anna,Engineering,86021.63
13106,Green,Anthony,Legal,87383.31
14740,Campbell,Anthony,Engineering,85903.47
13716,Thomas,Andrew,Legal,84928.64
14769,Miller,Ashley,Engineering,79682.18
13513,Williams,Andrew,Legal,76466.03
14028,Garcia,Ashley,Engineering,77337.32
13404,Miller,Amber,Legal,72957.53
14993,Butler,Angela,Engineering,70603.48
13761,Macias,Anthony,Legal,69198.79
14102,Meyer,Adam,Engineering,68544.05
13287,Martin,Amber,Legal,66489.02
14745,Ryan,Ashley,Engineering,61388.88
13600,Garza,Audrey,Marketing,90824.21
14394,Stafford,Amber,Finance,95256.35
13154,Collins,Angie,Marketing,89884.95
14694,Harrison,Anna,Finance,89196.74
13112,Fields,Amy,Marketing,83705.52
14316,Henderson,Anthony,Finance,84453.52
13218,Sanders,Amber,Marketing,80816.91
14706,Matthews,Adam,Finance,78510.73
13016,Hoover,Albert,Marketing,78081.42
14290,Wilkins,Anne,Finance,77284.78
13918,Brooks,Angela,Marketing,73086.99
14992,Brown,Anna,Finance,75161.2
13993,Brown,Austin,Marketing,67321.13
14151,Watkins,Antonio,Finance,69162.64
13231,Porter,Alexa,Marketing,67036.12
14866,Gibbs,Alan,Finance,67499.77
13441,Ross,April,Marketing,66125.66
14997,Watkins,Alex,Finance,62450.84
13363,Irwin,April,Marketing,59840.52
14125,Maldonado,April,Finance,58949.17
13155,Salazar,Alyssa,Sales,85656.42
14429,Hammond,Amanda,HR,92260.54
13846,Chambers,Anne,Sales,83897.77
14257,Summers,Alicia,HR,87277.84
13122,Baker,Annette,Sales,82674.65
14707,Craig,Amy,HR,79360.94
13889,Anderson,Amy,Sales,81623.35
14116,Morris,Angelica,HR,75915.1
13710,Jones,Ana,Sales,80882.47
14575,Byrd,Anne,HR,72595.25
13170,Hunter,Ann,Sales,80166.92
14689,Pierce,Angela,HR,60570.85
13886,Nelson,Ashley,Sales,76497.53
14897,Park,Angela,HR,58964.14
13957,Crane,Amy,Sales,71590.75
14823,Palmer,Alexander,IT,110721.08
13337,Callahan,Amber,Sales,70088.93
14737,Morrison,Amy,IT,103470.22
13924,Miller,Andrew,Sales,69015.3
14287,Smith,Allison,IT,96356.85
13902,Silva,Anita,Sales,67127.11
14460,Myers,Aaron,IT,90305.56
13143,Randall,Allison,Sales,66252.3
14342,Carlson,Alicia,IT,90083.04
13004,Smith,Alexis,Sales,62769.78
14490,Scott,Andrew,IT,88910.99
13602,Vance,Andrew,Sales,53692.73
14763,Scott,Ana,IT,88058.04
13460,Chavez,Arthur,Sales,52905.84
14709,White,Andrea,IT,78936.51
13831,Baker,Anita,Sales,50450.55
14284,Davis,Anthony,IT,61288.56
13752,Foster,Angela,Sales,47238.81
14641,Valdez,Allison,Legal,124741.24
13455,Huff,Amanda,Support,78779.86
14907,Hunter,Amanda,Legal,114218.93
13048,Robinson,Anne,Support,77615.02
14926,Moore,Angela,Legal,101068.37
13714,Saunders,Audrey,Support,62819.75
14200,Davis,Anna,Legal,99713.75
13150,Brown,Amanda,Support,60173.33
14845,Morrison,Adam,Legal,92527.71
13865,Williams,Amy,Support,53164.01
14264,Williamson,Ann,Legal,90258.74
13638,King,Amanda,Support,52908.24
14089,Pittman,Angela,Legal,84540.5
13509,Olson,Aaron,Support,51498.75
14514,Freeman,Alec,Legal,81508.6
13919,Stephens,Anne,Support,51188.07
14440,Cunningham,Adam,Legal,65740.06
13188,Haney,Arthur,Support,47464.25
14006,Davidson,Anthony,Marketing,99235.32
13704,Gilmore,Annette,Support,47275.06
14215,Simmons,Alan,Marketing,92514.05
13333,Blair,Amy,Support,42586.5
14569,Scott,Alyssa,Marketing,91283.96
13496,Ortega,Andrea,Support,42476.0
14045,Franklin,Andrew,Marketing,82176.93
13483,Hernandez,Amanda,Support,41376.14
14634,Hunter,Andre,Marketing,75529.04
14309,Greene,Ashley,Marketing,74513.05
14023,Paul,Allison,Marketing,73942.64
14929,Lewis,Alec,Marketing,62822.98
14605,Campos,Andrew,Marketing,60041.24
14882,Garcia,Amy,Marketing,58066.43
14792,Wilson,Amy,Marketing,55355.6
14383,Aguilar,Anne,Marketing,51785.73
14531,Burgess,Andre,Sales,78581.71
14104,Woods,Aaron,Sales,78346.65
14638,Johnson,Anthony,Sales,76393.87
14137,Morris,Alexander,Sales,75458.84
14629,Hoffman,Alyssa,Sales,67385.34
14043,Walker,Adam,Sales,65285.68
14676,Pope,April,Sales,63355.85
14226,Miller,Amber,Sales,62518.85
14510,Collins,Alicia,Sales,61463.89
14534,Ramirez,Anna,Sales,61309.17
14677,Brown,Adrienne,Sales,60967.17
14520,Roberts,Angela,Sales,53861.01
14915,Williams,Amy,Sales,48641.78
14539,Lucas,Antonio,Support,71920.43
14900,Kennedy,Anthony,Support,70209.32
14132,Carter,Amy,Support,63966.6
14293,Lloyd,Anthony,Support,61767.5
14405,Lopez,Amy,Support,61065.69
14359,Chen,Alejandra,Support,58808.23
14530,Odom,Amy,Support,57226.95
14430,Galvan,Amy,Support,55007.88
14236,Reyes,Alexis,Support,54364.34
14008,Bonilla,Anthony,Support,48683.6
14387,Chase,Angela,Support,40951.25
9297,Taylor,Bruce,Engineering,118909.06
14648,Martin,Bobby,Engineering,117627.88
9203,Patel,Brenda,Engineering,98951.31
14577,Lopez,Beth,Engineering,111891.45
9300,Mccarthy,Brenda,Engineering,86885.65
14042,Edwards,Brian,Engineering,89130.72
9382,Welch,Brooke,Engineering,81644.26
14258,Mcintyre,Bruce,Engineering,69411.94
9923,White,Brenda,Engineering,70236.8
14548,Bishop,Billy,Engineering,64902.93
9042,Harding,Bradley,Finance,106370.27
14532,French,Bonnie,Engineering,61896.81
9218,Larsen,Brianna,Finance,103780.39
14150,Miller,Benjamin,Finance,95667.86
9870,Allen,Benjamin,Finance,98960.98
14631,Evans,Bradley,Finance,92250.26
9690,Frank,Benjamin,Finance,96164.13
14142,Coffey,Bryan,Finance,81889.88
9647,Taylor,Brian,Finance,93343.99
14632,Gregory,Brian,Finance,81466.59
9248,Hughes,Brendan,Finance,89601.33
14667,Reed,Brooke,HR,92974.54
9163,Robinson,Brittany,Finance,80085.42
14842,Marshall,Brianna,HR,89444.85
9796,Brown,Brenda,Finance,68261.92
14819,Simmons,Brandon,HR,86053.18
9703,Brown,Brian,HR,93107.81
14050,Gordon,Brittany,HR,64447.06
9798,Wright,Brian,HR,79845.94
14346,Harris,Brian,IT,112222.76
9666,Warner,Bailey,HR,74464.49
14566,Schultz,Brett,IT,84788.64
9489,Brown,Brittany,HR,74037.69
14935,Romero,Brittany,IT,82713.25
9890,Nguyen,Brian,HR,68464.65
14153,Johnson,Brandon,IT,82362.35
9967,Gallegos,Brianna,HR,67016.02
14285,Conner,Briana,IT,65246.37
9450,Martin,Bryan,HR,60892.34
14867,Ellison,Bill,Legal,121649.22
9837,Baldwin,Betty,HR,59319.15
14416,Barnes,Bruce,Legal,89547.04
9937,Christian,Barbara,IT,114383.63
14060,Barker,Brad,Marketing,99681.86
9718,Lang,Brandon,IT,93174.82
14237,Calderon,Bryan,Marketing,96422.05
9155,Richards,Bryan,IT,84864.01
14883,Monroe,Bobby,Marketing,94895.77
9931,Ortiz,Brent,IT,84152.18
14814,Schaefer,Brent,Marketing,94215.12
9102,Scott,Beth,IT,71461.41
14938,Christensen,Brandon,Marketing,91235.01
9800,Harvey,Briana,IT,63597.75
14471,Cowan,Beth,Marketing,82452.84
9086,Roman,Brandy,Legal,104768.45
14123,Mcmahon,Brian,Marketing,79398.53
9435,Ramirez,Barbara,Legal,100395.26
14491,Graham,Billy,Marketing,54896.27
9217,Robertson,Brenda,Legal,96098.67
14259,Smith,Beth,Sales,84534.67
9367,Brown,Beth,Legal,79818.52
14367,Costa,Benjamin,Sales,78837.77
9902,Adams,Brian,Legal,74933.53
14476,Ruiz,Brandon,Sales,71783.02
9028,Holloway,Bryan,Legal,73629.94
14211,Stanley,Brenda,Sales,54713.44
9419,Contreras,Brian,Legal,72732.91
14523,Turner,Brenda,Sales,49771.57
9008,Zamora,Brandon,Marketing,98636.35
14752,Johnson,Bailey,Support,78615.56
9140,Morales,Brandon,Marketing,90700.76
14111,Wang,Bryan,Support,73384.87
9434,Humphrey,Bethany,Marketing,88331.13
14968,Rice,Brian,Support,69232.7
9017,Lowe,Bradley,Marketing,87343.37
14654,Jimenez,Brenda,Support,65849.44
9349,Singleton,Beth,Marketing,80307.27
14551,Thomas,Benjamin,Support,59196.53
9598,Santos,Brian,Marketing,67676.29
14417,Arnold,Bethany,Support,55281.9
9989,Lara,Brian,Marketing,57439.7
14159,Powell,Bethany,Support,49087.57
9665,Salazar,Brianna,Sales,89863.14
14246,Torres,Brady,Support,41454.84
9013,Gibson,Barbara,Sales,89144.74
195,Krause,Brittney,Engineering,118068.2
3008,Davis,Billy,Engineering,115495.56
13202,Schmitt,Brenda,Engineering,111696.29
9076,Montoya,Briana,Sales,76478.92
850,Martin,Brian,Engineering,111928.98
3548,Armstrong,Barry,Engineering,101206.54
13381,Cox,Bradley,Engineering,105588.53
9381,Davis,Bryan,Sales,76293.42
888,Davis,Benjamin,Engineering,110818.68
3055,Wagner,Brenda,Engineering,96087.21
13082,Waller,Bruce,Engineering,100157.59
9344,Jackson,Brian,Sales,69224.74
354,Long,Beth,Engineering,97214.24
3249,Lin,Brittany,Engineering,95476.34
13135,Ward,Brett,Engineering,99960.39
9849,Keller,Brandi,Sales,65800.84
474,Bennett,Brenda,Engineering,96996.23
3935,Howard,Bryan,Engineering,90634.47
13722,Riley,Brittany,Engineering,98229.53
9104,Olson,Brian,Sales,59472.82
302,White,Becky,Engineering,90258.32
3392,Harrell,Brian,Engineering,75494.31
13766,Jackson,Brandon,Engineering,78945.47
9663,Nelson,Brian,Sales,58217.15
566,Johnson,Bradley,Engineering,64065.15
3591,Rodriguez,Benjamin,Engineering,71835.13
13922,Chapman,Brian,Engineering,75432.18
9010,Davila,Betty,Sales,55374.22
668,Shepherd,Brandon,Finance,109131.57
3602,Lynch,Brian,Engineering,71833.1
13656,Hernandez,Brenda,Engineering,71282.37
9185,Potts,Brent,Sales,53100.36
745,Gibson,Brian,Finance,99095.69
3217,Stewart,Benjamin,Engineering,61712.7
13314,Bailey,Brian,Finance,109361.12
9411,Cobb,Bradley,Support,79873.48
363,Craig,Blake,Finance,90347.77
3136,Brown,Bryan,Finance,104539.57
13574,Walker,Barbara,Finance,108270.03
9648,Knight,Brent,Support,75332.51
106,Santos,Brandon,Finance,79727.74
3912,Lowery,Brenda,Finance,92859.46
13859,Mckinney,Brittany,Finance,90278.83
9772,Terry,Bruce,Support,60826.1
315,Willis,Bonnie,Finance,68321.38
3710,Wilson,Brandon,Finance,82753.55
13538,Benjamin,Benjamin,Finance,73271.01
9364,Long,Brenda,Support,60448.95
738,Pierce,Bryce,Finance,63907.66
3839,Nichols,Brian,Finance,81419.43
13275,Clark,Brian,Finance,68837.9
9891,Stewart,Brendan,Support,56676.33
851,Oliver,Brianna,Finance,61350.23
3004,Moore,Bryan,Finance,75951.91
13601,Jones,Brian,HR,83605.38
9162,Mcdonald,Brent,Support,50839.71
896,Weeks,Brooke,HR,72062.84
3300,Le,Brett,Finance,73676.72
13369,Velazquez,Brittany,HR,77986.43
9939,Lewis,Brenda,Support,41499.28
318,Duran,Brandon,HR,63080.28
3150,Lucas,Brandon,Finance,64033.84
13054,Clayton,Bobby,HR,70700.78
15524,Mccarty,Beth,Engineering,117238.7
446,Olson,Brian,HR,61288.04
3478,Miles,Brian,HR,92802.08
13276,Johnson,Brittany,HR,67716.7
15112,Baker,Benjamin,Engineering,115159.58
948,Rodriguez,Benjamin,HR,57803.65
3726,Ryan,Brenda,HR,84286.15
13663,Soto,Brent,HR,56667.48
15242,Herrera,Brandon,Engineering,109576.55
682,Gomez,Brian,IT,108179.96
3048,Bass,Billy,HR,69751.57
13102,Pittman,Brandon,IT,107822.24
15768,Lee,Brian,Engineering,94308.99
524,White,Bonnie,IT,103611.06
3620,Ross,Brooke,HR,69412.28
13642,Mosley,Bradley,IT,103405.16
15730,Castro,Brianna,Engineering,93000.07
458,Morris,Brian,IT,83518.44
3123,Schmidt,Brian,HR,59214.26
13118,Boyd,Benjamin,IT,103232.65
15974,Stewart,Brian,Engineering,82866.43
992,Carter,Barbara,IT,78680.33
3971,Sanders,Benjamin,HR,59166.26
13575,Brandt,Brenda,IT,91186.88
15773,Booth,Bryan,Engineering,68050.96
371,Montgomery,Bethany,IT,69526.58
3399,Clark,Brian,IT,106233.48
13758,York,Brandi,IT,77387.1
15432,Kelly,Brooke,Engineering,64732.01
866,Gallegos,Brandon,IT,62238.85
3571,Walker,Brian,IT,94845.65
13868,Odonnell,Brandon,IT,68342.31
15481,Gonzales,Brianna,Finance,107606.87
324,Thomas,Beth,IT,60389.49
3228,Valencia,Brenda,IT,93159.63
13595,Gonzalez,Brian,Legal,99044.07
15226,Henry,Brian,Finance,103318.59
748,Fisher,Brooke,Legal,119657.13
3583,Ayala,Breanna,IT,71696.13
13923,Martin,Bryan,Legal,93315.51
15418,Wolf,Breanna,Finance,92723.28
98,Mitchell,Bonnie,Legal,116925.06
3387,Yoder,Blake,IT,62719.98
13870,Harris,Brian,Legal,84706.0
15445,Villarreal,Brenda,Finance,72805.66
41,Hall,Brooke,Legal,115813.6
3259,Campbell,Benjamin,Legal,119886.03
13697,Horton,Brooke,Marketing,77793.66
15521,Alvarez,Brian,HR,94406.58
912,Salas,Brandi,Legal,108692.8
3375,Adams,Brandon,Legal,95904.38
13317,Brandt,Brandon,Marketing,69333.58
15962,Soto,Bethany,HR,94320.12
882,Johnson,Brian,Legal,106376.42
3479,Moore,Barbara,Legal,81188.32
13965,Peters,Brian,Marketing,58130.53
15374,Carlson,Brooke,HR,89219.25
406,Diaz,Brad,Legal,103924.33
3237,Parker,Benjamin,Legal,79049.68
13185,Frazier,Barbara,Marketing,50622.53
15900,Elliott,Brian,HR,88293.99
932,Best,Bradley,Legal,78290.96
3282,Anthony,Brittany,Legal,69894.9
13068,Robles,Brittany,Sales,82686.49
15463,Deleon,Barry,HR,84062.58
878,Fitzgerald,Benjamin,Marketing,97672.03
3401,Wolf,Briana,Legal,68386.03
13422,Cabrera,Bernard,Sales,82057.19
15099,Lin,Brent,HR,75094.76
398,Martinez,Brianna,Marketing,95166.32
3405,Woodard,Brandon,Marketing,53209.06
13073,Goodman,Billy,Sales,75100.42
15923,Vincent,Brittany,HR,71197.88
718,Duncan,Brandy,Marketing,92293.37
3035,Reilly,Bradley,Sales,89675.51
13219,Carroll,Brittany,Sales,61209.33
15466,Moore,Brandon,HR,68821.55
32,Fields,Brian,Marketing,91611.89
3156,Miller,Beth,Sales,83662.62
13744,Frey,Brent,Sales,59385.79
15879,Johnson,Bryan,HR,55729.11
903,Padilla,Bryan,Marketing,79775.37
3831,Santos,Billy,Sales,69637.53
13454,Sanders,Brandy,Sales,59208.93
15050,Nelson,Bryan,IT,101267.83
473,Gonzalez,Bonnie,Marketing,74114.79
3269,Gibson,Brian,Sales,64228.3
13330,Smith,Brandy,Sales,48512.35
15564,Edwards,Brian,IT,93606.64
301,Cook,Brittney,Marketing,57591.06
3314,Tran,Beth,Sales,62768.54
13318,Roberts,Benjamin,Support,66260.32
15146,Murray,Brooke,Legal,118121.28
522,Dixon,Bruce,Sales,88620.18
3797,Nolan,Brittney,Sales,54890.51
13536,Davies,Brianna,Support,65507.08
15763,Smith,Betty,Legal,115748.51
454,Barnes,Brian,Sales,82163.29
3933,Burnett,Billy,Sales,47884.09
13580,Griffith,Brandon,Support,63189.27
15390,Wood,Bethany,Legal,113739.74
944,Scott,Benjamin,Sales,82146.06
3561,Ross,Brian,Support,77091.02
13357,Harper,Bradley,Support,53820.52
15497,Edwards,Brandon,Legal,100052.19
541,Nguyen,Bryan,Sales,79759.43
3988,Wright,Brittney,Support,77056.11
13486,Anderson,Beverly,Support,47900.72
15852,Bradley,Brandi,Legal,99662.28
111,French,Bethany,Sales,75686.89
3667,White,Brian,Support,75205.78
13576,Carroll,Brenda,Support,44039.56
15621,Reyes,Bruce,Legal,92446.0
437,Ruiz,Bonnie,Sales,64653.68
3340,Thompson,Brandon,Support,61672.78
15590,Murphy,Barbara,Legal,81962.31
118,Jones,Brittney,Sales,58823.54
3550,Morrison,Bryce,Support,60680.42
15685,Allen,Brian,Legal,78639.04
335,Young,Benjamin,Sales,50410.77
3459,Woods,Billy,Support,55626.61
15470,Rodriguez,Brian,Marketing,99890.82
234,Hughes,Barbara,Sales,46948.17
3555,Freeman,Brianna,Support,50307.71
15837,Castro,Betty,Marketing,76481.75
613,Mayer,Barbara,Support,72337.29
8281,Gould,Breanna,Engineering,103600.08
15482,Frazier,Becky,Marketing,73368.63
7171,Park,Brian,Engineering,111745.92
8127,Hamilton,Bradley,Engineering,86146.95
15222,Williams,Brandi,Marketing,73338.13
7608,Thomas,Brian,Engineering,98999.5
8431,Martin,Bryan,Engineering,77904.52
15022,Diaz,Blake,Marketing,54748.13
7909,Moore,Bruce,Engineering,97880.28
8797,Myers,Brandon,Engineering,75760.68
15567,Long,Breanna,Sales,83815.61
7996,Young,Brenda,Engineering,64707.29
8664,Peterson,Beth,Engineering,62335.38
15297,Thompson,Bethany,Sales,77167.06
7505,Golden,Bryan,Finance,108425.75
8508,Anderson,Brian,Finance,103213.47
15656,Doyle,Brittany,Sales,75446.44
7503,Davis,Brianna,Finance,106168.59
8039,Stewart,Brad,Finance,102034.97
15289,Robinson,Barbara,Sales,51621.26
7913,Sanchez,Beth,Finance,86832.39
8333,Jones,Brenda,Finance,98154.98
15365,Morris,Brandon,Sales,46814.28
7695,Nichols,Brett,Finance,85412.84
8335,Miller,Brian,Finance,93889.53
15394,Williams,Brandon,Sales,45955.54
7179,Parker,Benjamin,Finance,73880.2
8778,Ellis,Brittany,Finance,86025.1
15238,Li,Brandon,Support,72865.4
7251,Anderson,Benjamin,Finance,73048.9
8982,Davies,Brenda,Finance,84011.69
15951,Harris,Bethany,Support,60682.71
7467,Thompson,Bradley,Finance,72335.67
8184,Barber,Brittany,Finance,77928.82
15934,Tucker,Brittney,Support,58390.09
7106,Snyder,Brian,Finance,66910.33
8169,Matthews,Bailey,Finance,65974.36
15930,Prince,Brandon,Support,49570.51
7614,Chan,Barbara,Finance,61047.15
8294,Butler,Brandon,Finance,64960.64
15006,Sanchez,Bruce,Support,48874.01
7413,Carlson,Bryan,Finance,59526.65
8942,Martin,Beverly,Finance,59113.32
15322,Morris,Briana,Support,45489.76
7640,Flores,Brandon,HR,93023.97
8858,Chen,Benjamin,HR,91958.14
15772,Brown,Brian,Support,42215.47
7446,Bray,Beth,HR,84707.28
8363,Jensen,Brian,HR,55074.87
1350,Hill,Brandi,Engineering,107617.92
7799,Hughes,Brandon,HR,79025.23
8926,Dyer,Brian,IT,105402.75
1913,Long,Barbara,Engineering,92877.07
7725,Fisher,Brian,HR,78752.29
8441,Moore,Brian,IT,105335.06
1095,Cole,Barry,Engineering,69480.89
7342,Parrish,Bonnie,HR,74916.96
8661,Jones,Brian,IT,95124.81
1859,Dudley,Breanna,Engineering,62907.94
7350,King,Brandon,HR,74335.3
8395,Hampton,Barbara,Legal,119371.7
1573,Marquez,Bradley,Finance,106202.18
7177,Moran,Brittany,HR,68614.61
8719,James,Brian,Legal,113797.61
1703,Serrano,Brooke,Finance,99178.1
7950,Williams,Bob,HR,67002.45
8501,Mullen,Bradley,Legal,97398.18
1238,Thompson,Brian,Finance,96655.95
7991,Harmon,Benjamin,HR,59151.8
8258,Holland,Brian,Legal,74349.89
1126,Greene,Brian,Finance,96601.49
7033,Perez,Brian,HR,58070.58
8651,James,Brandon,Legal,71630.67
1646,Lopez,Brandon,Finance,67644.19
7619,Simmons,Bryan,HR,52559.14
8998,Hobbs,Bryan,Marketing,98336.92
1970,Glover,Brittany,Finance,56151.06
7082,Fuller,Brandi,IT,109471.43
8315,Middleton,Beverly,Marketing,98282.55
1773,Wilson,Benjamin,HR,83612.38
7547,Pollard,Benjamin,IT,103902.8
8459,Williams,Bob,Marketing,77224.6
1170,Larson,Brent,HR,80058.27
7933,Anderson,Brandon,IT,97877.93
8543,Day,Bruce,Marketing,76719.77
1971,Barry,Breanna,HR,79576.38
7147,Schmidt,Brandon,IT,72846.21
8068,Lang,Beth,Marketing,71198.65
1980,Goodwin,Benjamin,HR,79334.72
7564,Johnson,Bryan,Legal,122706.35
8934,Martin,Bonnie,Marketing,69901.0
1734,Hoover,Brian,HR,70301.79
7370,Miller,Bruce,Legal,105260.21
8850,Martin,Breanna,Marketing,58640.64
1161,Friedman,Beverly,HR,64818.1
7947,Duncan,Barbara,Legal,72831.56
8162,Arnold,Brittney,Marketing,55070.81
1688,Hawkins,Bridget,HR,61871.0
7398,Garrett,Brittany,Legal,65013.72
8475,Foley,Brian,Marketing,54396.8
1956,Parker,Bailey,HR,58762.28
7776,Barnes,Brenda,Marketing,99988.0
8099,Green,Brian,Marketing,50715.07
1909,Rose,Becky,IT,80037.67
7573,Pearson,Brianna,Marketing,94883.08
8541,Bowen,Brandi,Sales,83390.74
1256,Schneider,Brian,IT,71493.24
7492,Webster,Brittany,Marketing,92115.83
8103,Berry,Brian,Sales,81843.91
1140,Foley,Brian,Legal,120900.0
7743,Benson,Bonnie,Marketing,86421.72
8454,Collins,Brittany,Sales,76143.52
1600,Mann,Barbara,Legal,80354.7
7066,Salazar,Brenda,Marketing,81384.78
8792,Cox,Bruce,Sales,60980.83
1203,Bradley,Bethany,Legal,68976.97
7137,Kennedy,Bradley,Marketing,67796.07
8924,Davis,Brooke,Sales,59935.16
1917,Hayden,Bryan,Marketing,90642.02
7059,Bridges,Beth,Marketing,53450.86
8334,Goodman,Bradley,Sales,55958.83
1138,Smith,Brittany,Marketing,84016.86
7764,Butler,Brandon,Sales,82626.47
8339,Price,Brittany,Sales,54729.28
1723,Peterson,Benjamin,Marketing,65014.11
7603,Vega,Brandon,Sales,70807.73
8556,Wilson,Brittany,Sales,50816.22
1990,Olson,Betty,Marketing,63453.38
7181,Smith,Briana,Sales,57389.56
8136,Shelton,Brian,Sales,47879.63
1781,Phillips,Bobby,Marketing,51003.21
7585,Miller,Bonnie,Sales,56025.22
8522,Barrett,Brenda,Support,65621.4
1098,Smith,Bryan,Sales,85367.21
7582,Anderson,Brandi,Sales,51943.18
8121,Brown,Betty,Support,60534.45
1172,Chavez,Brian,Sales,73032.11
7234,Mercado,Brian,Sales,51398.71
8192,Gray,Brian,Support,52687.76
1417,Martinez,Brenda,Sales,72243.7
7927,Nelson,Benjamin,Support,70540.09
8635,Perez,Barbara,Support,51572.27
1115,Terry,Bradley,Sales,61426.87
7303,Williams,Blake,Support,59904.69
8822,Hawkins,Brenda,Support,49310.97
1768,Dickerson,Brianna,Sales,54900.65
7316,Escobar,Brent,Support,47468.81
8070,Larson,Billy,Support,44516.16
1311,Archer,Brian,Sales,50698.11
6293,Morgan,Brittany,Engineering,119392.97
1874,Torres,Brittany,Support,70189.39
6224,Hunter,Brian,Engineering,92483.37
1502,Jenkins,Bridget,Support,69735.58
6022,Cox,Brian,Engineering,77239.65
1423,Lara,Brandy,Support,62714.94
6067,Moore,Belinda,Engineering,74166.58
1065,Collins,Blake,Support,58053.38
6146,Vance,Brenda,Finance,107996.18
1537,Jones,Barry,Support,55172.28
6035,Brown,Brittney,Finance,93580.66
2000,Perry,Brandon,Support,50782.63
6745,Lara,Billy,Finance,62099.05
1889,Reyes,Brooke,Support,49665.68
6748,Lang,Brittany,Finance,59636.67
2975,Fisher,Brian,Engineering,111419.58
6375,Smith,Brian,HR,92514.09
2496,Williams,Blake,Engineering,106571.93
6686,Bryant,Bryan,HR,86626.9
2524,Bishop,Brian,Engineering,98025.33
6422,Green,Briana,HR,83674.37
2308,Vargas,Brian,Engineering,93845.25
6282,Mason,Bradley,HR,80538.94
2633,Hart,Brandon,Engineering,87625.06
6494,Smith,Bryan,HR,74554.51
2143,Ramirez,Bobby,Engineering,61430.89
6365,Thompson,Brian,HR,65379.82
2302,Robinson,Barry,Finance,106218.79
6180,King,Briana,IT,83936.01
2641,Gregory,Brian,Finance,105160.38
6098,Flores,Brandy,IT,69121.97
2603,Phillips,Benjamin,Finance,98198.41
6397,Swanson,Brandon,Legal,116832.14
2932,Rice,Beverly,Finance,94524.46
6488,Mora,Bethany,Legal,104600.5
2266,Smith,Bryan,Finance,94351.98
6356,Perez,Bradley,Legal,100306.48
2122,Bishop,Benjamin,Finance,82680.42
6505,Pitts,Brad,Legal,96665.51
2869,Stevenson,Brian,Finance,81254.3
6709,Boyd,Brian,Legal,93902.19
2373,Gonzalez,Brandon,Finance,64407.63
6581,Martinez,Brandy,Legal,83732.33
2673,Jones,Brianna,Finance,60432.17
6519,Skinner,Brett,Legal,68041.99
2557,Velazquez,Brandy,HR,92851.03
6984,Horne,Brian,Legal,67823.71
2460,Mckay,Brandon,HR,73702.3
6851,Cox,Benjamin,Legal,67078.08
2645,Smith,Bryan,HR,68515.31
6205,Clark,Brandon,Marketing,95530.28
2151,Phelps,Brandi,HR,60072.55
6698,Grant,Becky,Marketing,94199.51
2193,Atkinson,Brian,HR,58721.65
6681,Osborne,Brianna,Marketing,74961.79
2301,Keller,Brad,HR,51436.22
6079,Simon,Benjamin,Marketing,63200.48
2428,Browning,Beth,IT,113349.47
6764,White,Bradley,Marketing,53640.93
2936,Barnes,Benjamin,IT,77444.82
6303,Archer,Benjamin,Marketing,53513.34
2247,Moreno,Barry,IT,64162.63
6125,Coleman,Brianna,Marketing,53078.74
2785,Knox,Brandon,IT,60531.28
6394,Abbott,Brandi,Sales,84964.43
2868,Watson,Billy,Legal,103299.36
6859,Rios,Bethany,Sales,78818.61
2782,Durham,Brenda,Legal,101687.86
6667,Price,Brent,Sales,73400.97
2518,Lindsey,Brandy,Legal,92713.38
6141,Young,Brandon,Sales,58283.25
2157,Edwards,Brandon,Legal,78620.68
6238,Olsen,Barbara,Sales,56780.47
2502,Flores,Bonnie,Legal,75261.9
6099,Wright,Becky,Sales,56457.46
2839,Munoz,Beth,Marketing,92901.14
6031,Hunter,Bryan,Sales,56347.59
2019,Kemp,Bridget,Marketing,89986.86
6617,Cardenas,Benjamin,Sales,52435.99
2021,Moreno,Brian,Marketing,82026.0
6160,Dalton,Brittany,Sales,50739.47
2061,Cook,Billy,Marketing,80325.44
6512,Caldwell,Becky,Support,68785.61
2958,Gardner,Bradley,Marketing,74408.51
6032,Riley,Bridget,Support,60749.41
2944,Wheeler,Benjamin,Marketing,70249.4
6269,Nolan,Brian,Support,58238.88
2759,Brown,Beth,Marketing,69983.3
6767,Foley,Brian,Support,54516.13
2890,Soto,Brian,Marketing,68226.05
6768,Pierce,Brooke,Support,52704.21
2080,Bird,Brian,Marketing,62955.26
6783,Wheeler,Brianna,Support,43690.53
2829,Park,Brian,Marketing,51922.68
4472,Porter,Bradley,Engineering,119902.74
2547,Gutierrez,Benjamin,Sales,83396.61
4633,Richard,Billy,Engineering,110245.06
2350,Bennett,Barbara,Sales,57794.47
4939,Kline,Breanna,Engineering,100908.85
2772,Schmidt,Betty,Sales,57054.72
4188,Schwartz,Bryan,Engineering,86821.28
2698,Rose,Billy,Sales,49987.94
4423,Christian,Brandy,Finance,104238.48
2379,Russell,Brian,Sales,49632.16
4764,Shah,Bobby,Finance,94421.16
2900,Ruiz,Brian,Support,79669.05
4177,Sanchez,Brittany,Finance,88806.03
2161,Taylor,Brittney,Support,76752.91
4842,Walker,Brandi,Finance,83215.19
2007,Evans,Barbara,Support,75913.45
4092,Fernandez,Benjamin,Finance,78524.29
2569,Lopez,Bruce,Support,71272.48
4477,Glass,Brian,Finance,67688.54
2877,Stewart,Brianna,Support,65400.42
4349,Flores,Brian,HR,79869.33
2443,Patterson,Brian,Support,57550.54
4560,Anderson,Bryan,HR,77994.2
2599,Sanchez,Brooke,Support,55082.58
4150,Mccarthy,Brandon,HR,67697.98
2617,Burgess,Bonnie,Support,53776.93
4077,Davis,Brian,HR,61552.93
2489,Harrison,Benjamin,Support,52437.08
4214,Simmons,Brooke,IT,111188.1
2709,Brown,Brian,Support,51595.07
4312,Hoffman,Bryan,IT,106493.38
2773,Copeland,Brittany,Support,46113.67
4534,Blair,Briana,IT,89304.07
2571,Robinson,Brian,Support,45108.86
4971,Decker,Bryan,IT,79933.75
2252,Freeman,Brandon,Support,44907.06
4375,Chung,Blake,IT,78274.81
2650,Lowe,Brian,Support,44844.4
4370,Martinez,Betty,IT,69107.12
2677,Ramirez,Barry,Support,43845.68
4841,Miller,Brandy,Legal,110628.75
10406,Davis,Brady,Engineering,116140.89
4577,Christensen,Bradley,Legal,107921.98
10688,Reed,Bradley,Engineering,113159.16
4206,Bishop,Briana,Legal,99054.87
10962,Johnson,Barbara,Engineering,93679.75
4280,Rivas,Benjamin,Legal,92450.92
10440,Weeks,Brett,Engineering,73372.96
4526,Obrien,Brittany,Legal,79526.63
10553,Myers,Brandon,Engineering,73080.75
4816,Barber,Brandi,Legal,72333.82
10596,Martin,Benjamin,Engineering,66706.55
4604,Cortez,Brandon,Legal,66044.0
10751,Holloway,Bruce,Engineering,65957.38
4189,Hamilton,Brandi,Marketing,94906.33
10712,Perez,Bruce,Finance,101227.49
4407,Hall,Brenda,Marketing,75798.5
10233,Hayden,Brandon,Finance,94893.4
4994,Bauer,Brandon,Marketing,75658.57
10118,Hardy,Billy,Finance,70841.23
4774,Roberts,Bradley,Marketing,72418.02
10524,Hammond,Bryan,Finance,65523.99
4141,Kelley,Barbara,Marketing,62383.46
10594,Meadows,Brandon,Finance,63926.98
4908,Stafford,Bryan,Sales,89244.31
10769,Clarke,Brandi,HR,92472.52
4176,Burnett,Brittany,Sales,80915.34
10888,Schultz,Brett,HR,84580.49
4073,Lee,Bailey,Sales,74174.79
10561,Frye,Bradley,HR,73143.8
4782,Santos,Brandon,Sales,70964.11
10513,Jennings,Brent,HR,65585.85
4757,Neal,Brian,Sales,48902.15
10987,Lane,Benjamin,HR,64844.03
4938,Crawford,Barry,Support,79218.72
10832,Olson,Brianna,HR,60935.4
4236,Acevedo,Brandi,Support,75523.52
10916,Smith,Barbara,HR,53811.83
4426,Black,Brittney,Support,71396.65
10841,Heath,Brianna,IT,101075.87
4897,Nelson,Beth,Support,70734.31
10717,Byrd,Brent,IT,95161.82
4909,Bean,Brianna,Support,70104.94
10498,Jackson,Brittany,IT,71472.63
4445,Thompson,Bryan,Support,61131.76
10417,Matthews,Brandon,Legal,94897.87
4223,Glass,Bradley,Support,60929.35
10126,York,Bradley,Legal,87202.33
4284,Williamson,Benjamin,Support,41888.46
10702,Kirby,Brian,Legal,76071.52
12319,Chambers,Brenda,Engineering,119538.77
10720,Brown,Brittany,Legal,67388.64
12728,Harris,Brandon,Engineering,104757.27
10415,Velazquez,Brittany,Marketing,72576.71
12421,Anderson,Brooke,Engineering,100168.08
10716,Taylor,Brenda,Marketing,69745.88
12952,Burke,Brent,Engineering,92996.16
10580,Hartman,Bradley,Marketing,63632.65
12099,Jones,Brittany,Engineering,87776.01
10991,Fields,Brian,Marketing,62462.73
12836,Dean,Bradley,Engineering,85087.28
10586,Rogers,Brooke,Marketing,59714.98
12186,Daniel,Brenda,Finance,96427.5
10341,Watkins,Bradley,Marketing,50317.4
12740,Miller,Barbara,Finance,71599.39
10773,Gonzalez,Bruce,Sales,84680.63
12794,Murphy,Brittany,HR,94855.58
10631,Goodwin,Barbara,Sales,84515.34
12094,Nguyen,Bryan,HR,92846.04
10787,Thomas,Brian,Sales,84315.99
12138,Ford,Benjamin,HR,89772.66
10062,Bates,Beth,Sales,73199.55
12926,Moody,Bobby,HR,82199.44
10342,Diaz,Benjamin,Sales,70515.46
12937,Snyder,Benjamin,HR,66793.95
10064,Boyer,Benjamin,Sales,62974.49
12105,Fernandez,Brandon,HR,65998.77
10549,Reynolds,Brandon,Sales,56561.96
12709,Lopez,Brian,HR,64588.14
10691,Davis,Brandon,Support,54195.2
12342,Johnson,Brittney,HR,52800.27
5140,Bailey,Benjamin,Engineering,115299.41
12316,Wilson,Brent,IT,114285.68
5209,Beck,Billy,Engineering,111040.24
12663,Stark,Brent,IT,103598.18
5182,Hopkins,Bryan,Engineering,106194.74
12256,Brown,Barbara,IT,100208.6
5991,Johnson,Brian,Engineering,82790.62
12680,Cox,Brian,IT,92077.54
5887,Bailey,Brandy,Engineering,79106.18
12936,Bailey,Brian,IT,82236.55
5838,Jackson,Brandon,Engineering,77514.05
12891,Dunn,Beverly,IT,79174.57
5689,Edwards,Brianna,Engineering,76339.01
12835,Reyes,Brian,IT,73982.84
5044,Marshall,Briana,Engineering,74892.32
12309,Nguyen,Brenda,IT,72683.36
5535,Cannon,Bobby,Engineering,62303.87
12411,Morris,Billy,Legal,111833.02
5966,Jones,Brandon,Engineering,60580.43
12988,Smith,Bryce,Legal,111050.37
5010,Rose,Brad,Finance,109153.86
12508,Clark,Bruce,Legal,93389.95
5380,Martin,Bobby,Finance,108599.09
12032,Garcia,Belinda,Legal,73433.5
5801,Knight,Brianna,Finance,99816.19
12103,Lewis,Barbara,Legal,72378.86
5213,Roberts,Brian,Finance,95130.63
12461,Martinez,Benjamin,Marketing,97715.98
5490,Thompson,Brandi,Finance,89452.46
12698,Ruiz,Benjamin,Sales,86371.62
5508,Torres,Bruce,Finance,83685.2
12392,Smith,Brian,Sales,63679.61
5389,Strickland,Brandi,Finance,70086.22
12286,Cook,Bradley,Sales,47494.81
5410,Thompson,Brandy,Finance,67749.48
12140,Quinn,Brittany,Support,75290.28
5478,Logan,Brian,Finance,61532.1
12706,Ruiz,Billy,Support,73066.17
5037,Roberts,Benjamin,Finance,60890.13
12715,Pratt,Bonnie,Support,61191.41
5310,Gonzales,Beverly,HR,94081.5
12963,Thomas,Betty,Support,54080.07
5042,Myers,Brianna,HR,60459.75
12745,Chandler,Brad,Support,46865.06
5223,Harris,Brittany,IT,113308.1
12053,Harris,Brendan,Support,46297.58
5197,Ramirez,Brad,IT,101973.73
11852,Pearson,Brian,Engineering,113959.84
5928,Guerra,Bryan,IT,99091.39
11003,Reid,Brian,Engineering,105536.36
5612,Cox,Bradley,IT,99026.13
11198,Cherry,Bernard,Engineering,95214.14
5423,Tran,Brandon,IT,95905.22
11177,Perez,Brenda,Engineering,90468.54
5257,Landry,Bryan,IT,92032.77
11743,Wade,Blake,Engineering,74888.47
5218,Mills,Bonnie,IT,82213.26
11690,Parker,Brandon,Engineering,61315.27
5320,Velasquez,Bruce,IT,70238.46
11719,Merritt,Briana,Finance,108979.23
5308,Jones,Billy,IT,68990.44
11422,Clark,Brandy,Finance,106371.81
5103,Wagner,Bruce,IT,68072.48
11150,Watson,Brandon,Finance,104614.09
5933,Gonzalez,Betty,Legal,120396.75
11769,Hubbard,Brian,Finance,102994.6
5334,Archer,Bailey,Legal,108068.01
11968,Fuller,Brittany,Finance,88242.73
5027,Ingram,Bethany,Legal,102509.43
11356,Simon,Becky,Finance,85864.51
5273,Terrell,Brian,Legal,99073.95
11596,Hull,Bradley,Finance,82721.2
5278,Barnes,Brittany,Legal,95054.58
11626,Mcclain,Blake,Finance,77154.33
5592,Harris,Barbara,Legal,78344.65
11770,Banks,Barbara,HR,70266.77
5263,Jordan,Brenda,Legal,67766.33
11863,Johnson,Blake,HR,60489.0
5570,Powell,Billy,Marketing,93863.17
11927,Smith,Beverly,HR,54270.26
5188,Perez,Brent,Marketing,91915.61
11103,Mason,Brandon,IT,108523.54
5063,Johnson,Barbara,Marketing,80009.45
11938,Benson,Billy,IT,97428.26
5569,Heath,Bradley,Marketing,72771.36
11714,Nguyen,Brenda,IT,90169.94
5809,Villarreal,Brandy,Sales,84077.72
11199,Vargas,Bobby,IT,88703.89
5493,Lee,Brett,Sales,82907.42
11230,Jackson,Brandon,IT,82929.31
5656,Boyd,Brett,Sales,72059.94
11888,Graham,Benjamin,IT,82304.43
5914,Williams,Benjamin,Sales,65309.63
11302,Robertson,Breanna,IT,60562.69
5481,Murphy,Barbara,Sales,56679.37
11235,Todd,Bradley,Legal,119724.23
5233,Lin,Beth,Support,72147.83
11534,Reyes,Brian,Legal,119368.9
5751,Wood,Bryan,Support,66173.92
11339,Wells,Benjamin,Legal,108782.84
5769,Andrade,Bradley,Support,63133.83
11096,Collins,Brianna,Legal,106395.84
11046,Davis,Brandon,Legal,103669.38
11446,Jones,Bradley,Legal,98104.88
11755,Smith,Bethany,Legal,92431.27
11290,Steele,Brendan,Legal,86119.86
11060,Farrell,Brandy,Legal,73145.74
11570,Jones,Bernard,Legal,71271.32
11969,Robertson,Bruce,Legal,70400.29
11682,Randolph,Brian,Marketing,99171.36
11155,Brown,Benjamin,Marketing,98963.85
11928,Nelson,Brett,Marketing,97677.0
11537,Sharp,Brandon,Marketing,96206.95
11740,Stewart,Benjamin,Marketing,93210.36
11396,Reyes,Brian,Marketing,90668.06
11766,Ewing,Benjamin,Marketing,87695.54
11372,Rodriguez,Brent,Marketing,85581.74
11695,Jenkins,Benjamin,Marketing,70940.94
11262,Marshall,Brandon,Marketing,63140.05
11567,Andersen,Benjamin,Marketing,51125.1
11368,Spence,Brandy,Sales,76464.9
11837,Green,Bradley,Sales,75108.77
11240,Cuevas,Bobby,Sales,73505.84
11304,Miller,Brenda,Sales,69095.66
11421,Robinson,Brooke,Sales,67533.62
11090,Meyers,Brenda,Sales,56368.67
11984,Curtis,Brandon,Sales,56359.69
11606,Yoder,Brandon,Support,72954.96
11585,Davis,Brent,Support,71900.53
11581,Smith,Brian,Support,71305.65
11761,Watson,Brandon,Support,70096.64
11874,Edwards,Brian,Support,68997.47
11642,Fisher,Benjamin,Support,66307.04
11457,Sherman,Brittany,Support,61989.25
11253,Goodman,Brandi,Support,61018.97
11727,Sanchez,Brian,Support,49698.25
11005,Patterson,Brian,Support,40283.91
13387,Coleman,Christina,Engineering,111473.21
11011,Morgan,Courtney,Engineering,102328.42
13811,Baxter,Christopher,Engineering,104868.93
11319,Anderson,Chelsea,Engineering,92613.12
13470,Miller,Christopher,Engineering,101708.24
11208,Gilbert,Christina,Engineering,74974.89
13266,Abbott,Charles,Engineering,100808.47
11481,Obrien,Carmen,Finance,109249.06
13403,Tucker,Christopher,Engineering,100549.13
11337,Garcia,Christopher,Finance,102971.92
13909,Hill,Cheyenne,Engineering,97079.54
11525,Hicks,Christopher,Finance,97843.79
13569,Johnson,Christopher,Engineering,95259.15
11477,Carr,Christopher,Finance,96937.78
13400,Archer,Cheyenne,Engineering,85669.69
11721,Smith,Cindy,Finance,95653.29
13175,Boyd,Candice,Engineering,75052.92
11086,Williams,Chelsea,Finance,90749.29
13739,Beck,Christopher,Engineering,71838.33
11540,Smith,Craig,Finance,82709.72
13977,Baldwin,Cristina,Finance,108621.76
11035,Hernandez,Christine,Finance,64947.03
13450,Sullivan,Cheyenne,Finance,107917.43
11951,Myers,Carmen,Finance,63074.85
13437,Holmes,Catherine,Finance,105690.76
11054,Adams,Connor,Finance,56666.99
13781,May,Christopher,Finance,96679.82
11919,Edwards,Carolyn,HR,94799.71
13032,Anderson,Christopher,Finance,95769.64
11880,Summers,Casey,HR,94221.48
13342,Warner,Christopher,Finance,78239.06
11162,Ballard,Christopher,HR,87615.04
13055,Robinson,Cheyenne,Finance,73866.18
11949,Carter,Charles,HR,81074.06
13777,Singleton,Courtney,Finance,66350.26
11470,Parsons,Crystal,HR,76858.16
13158,Ibarra,Crystal,Finance,61227.09
11694,Watson,Christina,HR,74677.45
13095,Thompson,Christian,HR,88739.36
11632,Oneal,Christine,HR,69018.32
13680,Miller,Christina,HR,71034.96
11232,Montoya,Cynthia,HR,61890.25
13214,Rogers,Cynthia,HR,64771.63
11130,Stewart,Chelsea,HR,57145.84
13551,Atkinson,Cameron,HR,55555.79
11330,Carlson,Courtney,HR,51190.18
13199,Hoover,Craig,HR,54280.34
11809,Crosby,Christina,HR,50233.91
13823,Wilkins,Connie,IT,114204.57
11702,Price,Cheryl,IT,92781.71
13906,Jones,Charles,IT,98625.22
11848,Osborn,Clifford,IT,90187.74
13477,Horton,Cindy,IT,75750.21
11408,Bridges,Cassandra,IT,65148.53
13724,Robinson,Colleen,IT,74102.52
11916,Brennan,Carol,Legal,120741.11
13235,Macias,Cynthia,IT,65614.88
11897,Anderson,Claudia,Legal,120392.3
13497,Fisher,Christine,IT,60322.68
11450,Christian,Christina,Legal,119427.91
13246,Robinson,Cheyenne,Legal,123599.81
11269,Turner,Cody,Legal,114593.64
13423,Cohen,Crystal,Legal,119104.5
11108,Reid,Christine,Legal,111711.8
13139,Singleton,Caleb,Legal,104078.64
11004,Hanna,Cheryl,Legal,103138.46
13324,Campbell,Christian,Legal,102958.95
11776,Hawkins,Curtis,Legal,101205.77
13813,Rivera,Carolyn,Legal,98577.19
11183,Knight,Christopher,Legal,99538.44
13882,Lee,Caitlyn,Legal,98078.08
11406,Howard,Christina,Legal,99477.7
13701,Becker,Christopher,Legal,91760.96
11952,Stewart,Charles,Legal,96424.29
13947,Benitez,Christopher,Legal,91529.27
11520,Pierce,Christina,Legal,88579.38
13653,Campbell,Cassandra,Legal,86981.36
11417,Dougherty,Christine,Legal,87852.38
13260,Martinez,Christian,Legal,79029.74
11693,Burns,Colleen,Legal,65586.36
13435,Garcia,Crystal,Legal,70229.68
11255,Scott,Chad,Marketing,83559.95
13731,Knight,Christina,Marketing,97224.16
11135,Martin,Crystal,Marketing,58721.05
13316,Schneider,Crystal,Marketing,61315.85
11209,Edwards,Christopher,Marketing,53978.46
13189,Robertson,Christopher,Marketing,52407.42
11012,Dillon,Christina,Marketing,50393.29
13809,Cox,Collin,Marketing,51940.84
11922,Davis,Carrie,Sales,86303.55
13241,Reed,Clarence,Marketing,50805.5
11836,Hill,Connor,Sales,81906.7
13673,Jenkins,Christopher,Marketing,50418.22
11637,Bennett,Christine,Sales,81454.95
13452,Henry,Casey,Sales,85363.66
11645,Hammond,Christopher,Sales,73693.15
13568,Fitzgerald,Christopher,Sales,72624.84
11394,Simmons,Christopher,Sales,68556.3
13727,Barnes,Christopher,Sales,71142.0
11254,Haley,Crystal,Sales,62167.64
13442,Martinez,Christopher,Sales,70623.31
11200,Thompson,Cheryl,Sales,48967.23
13709,Cisneros,Christopher,Sales,67986.63
11420,Petty,Charles,Sales,48890.82
13539,Kelley,Christy,Sales,63783.15
11578,Clark,Cindy,Sales,45621.03
13201,Lee,Cassandra,Sales,54697.56
11377,Salas,Connor,Support,76174.84
13765,Rodriguez,Caroline,Sales,51161.12
11608,Hancock,Carl,Support,70107.33
13432,Lozano,Carol,Sales,46581.14
11042,West,Craig,Support,69621.15
13920,Kelly,Christine,Sales,45733.06
11554,Kaufman,Caitlin,Support,64329.55
13178,Moyer,Cynthia,Support,79481.86
11216,Collins,Cheryl,Support,63797.62
13060,Jackson,Cheyenne,Support,73130.58
11335,Gardner,Christina,Support,61911.29
13258,Rodriguez,Christopher,Support,73066.98
11252,Mcbride,Casey,Support,56573.99
13927,King,Carlos,Support,67008.08
11711,Crane,Carrie,Support,55206.96
13025,Clark,Christopher,Support,66258.88
11963,Sampson,Christina,Support,49017.29
13211,Dyer,Curtis,Support,63652.02
11908,Moore,Curtis,Support,43451.61
13389,Anderson,Crystal,Support,62186.63
11306,Ramirez,Christian,Support,40901.93
13371,Foster,Clinton,Support,59625.22
7162,Oliver,Caleb,Engineering,115084.83
14105,Hernandez,Connie,Engineering,114547.41
5216,Hess,Corey,Engineering,111419.14
13589,Joyce,Catherine,Support,58748.85
7213,Norton,Christopher,Engineering,109320.18
14245,Sutton,Christopher,Engineering,111037.77
5152,Myers,Carlos,Engineering,102942.32
13762,Hughes,Crystal,Support,54029.53
7426,Wilkinson,Christopher,Engineering,108356.08
14169,Zhang,Chelsea,Engineering,96364.91
5529,Alexander,Cynthia,Engineering,100430.13
13421,Gonzalez,Cynthia,Support,46745.38
7476,Byrd,Cynthia,Engineering,107782.67
14224,Gilbert,Chase,Engineering,91703.07
5117,Adkins,Cynthia,Engineering,94571.84
9711,Koch,Cody,Engineering,115388.26
7374,Booth,Colleen,Engineering,101137.92
14021,Ibarra,Chelsea,Engineering,85473.78
5165,Tate,Cynthia,Engineering,94464.45
9223,Lewis,Caroline,Engineering,110062.64
7882,Armstrong,Caitlyn,Engineering,98515.23
14765,Hernandez,Carl,Engineering,70323.08
5970,Patterson,Caitlin,Engineering,91630.41
9161,Smith,Calvin,Engineering,108583.01
7029,Crane,Cynthia,Engineering,94667.92
14786,Cook,Claudia,Finance,105195.5
5175,Miranda,Christina,Engineering,80743.32
9412,Miller,Charles,Engineering,94985.64
7653,Deleon,Claudia,Engineering,81041.24
14584,Clark,Christina,Finance,102133.05
5333,Molina,Cory,Engineering,75117.97
9044,Simpson,Christopher,Engineering,91753.6
7919,Roth,Cynthia,Engineering,63631.21
14249,Huff,Carol,Finance,94756.58
5617,Barrett,Collin,Engineering,70923.72
9330,Stone,Cynthia,Engineering,90543.72
7612,Cannon,Carrie,Finance,107971.42
14807,Moreno,Christina,Finance,87182.12
5261,Morales,Chelsea,Finance,102356.3
9743,Mendoza,Cassandra,Engineering,86888.1
7345,Rios,Crystal,Finance,101494.37
14269,Marsh,Cassandra,Finance,85429.75
5875,Smith,Carlos,Finance,62377.96
9409,Richardson,Cesar,Engineering,83008.35
7349,Salas,Courtney,Finance,94966.35
14559,Morrison,Christine,Finance,64197.24
5652,Navarro,Courtney,Finance,61708.21
9427,Russo,Christopher,Engineering,81777.79
7645,Hart,Carol,Finance,93822.31
14673,Snyder,Courtney,HR,89464.34
5575,Black,Christina,Finance,59787.84
9130,Berry,Cheryl,Engineering,79407.6
7623,Fitzpatrick,Charles,Finance,84869.68
14232,Valentine,Crystal,HR,88055.28
5238,Tran,Charles,HR,90630.86
9803,Mcmillan,Corey,Engineering,69282.26
7537,Aguilar,Christopher,Finance,80474.65
14649,Gillespie,Casey,HR,85890.04
5442,Long,Christina,HR,87743.31
9524,Barry,Christine,Engineering,63379.68
7937,Mcdowell,Christopher,Finance,68694.25
14850,Ponce,Christopher,HR,84382.51
5073,Bautista,Christopher,HR,87524.97
9266,Gray,Courtney,Engineering,63024.81
7075,Hardin,Charles,Finance,68019.29
14049,Barber,Corey,HR,76419.84
5953,Martinez,Crystal,HR,86594.43
9129,Lucas,Carol,Finance,93695.2
7569,Atkinson,Charles,Finance,61796.52
14914,Schroeder,Carol,HR,73470.98
5513,Smith,Cheryl,HR,84430.98
9453,Byrd,Christopher,Finance,88759.56
7907,Hardy,Cheryl,Finance,60577.54
14390,Payne,Corey,HR,71566.11
5033,Foster,Cesar,HR,82014.21
9808,King,Carol,Finance,88645.97
7638,Trujillo,Christine,Finance,57118.9
14119,Gonzalez,Chase,HR,54947.36
5081,Preston,Christopher,HR,73440.66
9700,Gregory,Charles,Finance,69991.02
7288,Bell,Christine,Finance,55875.56
14449,Stone,Carol,IT,113421.87
5899,Howell,Christine,HR,71163.94
9887,Hudson,Charles,Finance,66179.81
7604,Ferguson,Carlos,HR,93683.06
14041,Love,Christina,IT,112681.41
5011,Patton,Carlos,HR,59516.25
9328,Fowler,Carol,HR,77279.06
7615,Kim,Carlos,HR,87104.18
14590,Vasquez,Carl,IT,112526.38
5806,Scott,Calvin,HR,57818.12
9466,Mason,Carla,HR,76132.22
7144,Barton,Carlos,HR,86149.63
14753,Morales,Christopher,IT,108969.14
5321,Robbins,Crystal,HR,56357.48
9506,Carson,Christopher,HR,62359.44
7857,Brewer,Craig,HR,84257.04
14343,Mcgee,Christopher,IT,104602.58
5808,Rodriguez,Cody,IT,112869.99
9507,Crawford,Christopher,HR,61509.45
7987,Johnson,Christina,HR,76441.09
14592,Johnson,Christopher,IT,96489.71
5963,Ochoa,Carolyn,IT,102821.39
9346,Williams,Charles,HR,60272.06
7932,Smith,Cheryl,HR,73852.67
14881,Brown,Christopher,IT,92450.03
5881,Mason,Curtis,IT,90989.2
9633,Mendez,Carol,HR,59336.89
7102,Stanley,Christopher,HR,72073.8
14990,Nguyen,Corey,IT,91301.22
5339,Kennedy,Courtney,IT,89939.25
9456,Valdez,Christopher,HR,58071.41
7964,Moreno,Christopher,HR,65204.37
14466,Edwards,Cassandra,IT,82012.77
5604,Thomas,Christopher,IT,86110.83
9094,Ingram,Christopher,HR,56843.9
7486,Lyons,Claudia,HR,57662.14
14340,Thomas,Christian,IT,80459.29
5888,Palmer,Christopher,IT,79665.0
9258,Day,Christopher,HR,52159.86
7792,Rogers,Clayton,HR,56953.17
14420,Morrow,Carol,IT,79601.41
5764,Lopez,Cindy,IT,78956.67
9485,Barton,Cole,IT,114188.38
7733,Franklin,Christina,HR,56407.86
14739,Hendricks,Cynthia,IT,76777.17
5968,Brown,Carlos,IT,74509.05
9109,Campbell,Caroline,IT,107536.39
7170,Baldwin,Carol,IT,112930.07
14974,Preston,Christine,IT,70500.32
5731,Martinez,Courtney,Legal,118096.46
9691,Rogers,Cody,IT,105648.23
7163,Alexander,Calvin,IT,111122.05
14594,Thompson,Christine,IT,63508.04
5621,Stanley,Courtney,Legal,117946.76
9846,Roman,Christian,IT,97796.07
7559,Haynes,Colleen,IT,106435.97
14789,Thomas,Carolyn,Legal,114969.97
5291,Rogers,Courtney,Legal,98722.67
9770,Hines,Cynthia,IT,88313.86
7805,Garcia,Charles,IT,103336.4
14220,Page,Christina,Legal,96123.54
5896,Smith,Carla,Legal,97645.47
9914,Lozano,Cody,IT,80724.39
7296,Guzman,Christopher,IT,92967.04
14177,Smith,Christina,Legal,96101.16
5015,Haney,Christopher,Legal,95554.16
9815,Cooper,Charles,IT,72877.44
7356,Williamson,Carl,IT,92385.79
14149,Gilbert,Christopher,Legal,93210.62
5907,Valdez,Charles,Legal,94205.93
9714,Hernandez,Charles,IT,72086.02
7134,Rodgers,Courtney,IT,86112.62
14824,Doyle,Cheryl,Legal,90903.58
5424,Smith,Christopher,Legal,91644.51
9361,Long,Christopher,IT,71819.97
7361,Moore,Christopher,IT,79859.2
14659,Barnes,Chelsea,Legal,89974.34
5688,Rivera,Crystal,Legal,81314.71
9034,Russell,Colleen,IT,66290.66
7552,Taylor,Colleen,IT,78040.83
14330,Fitzgerald,Christine,Legal,87729.53
5428,Mendez,Corey,Legal,71498.12
9947,Robinson,Curtis,IT,61948.67
7351,James,Chloe,IT,73670.54
14315,Thomas,Christina,Legal,78465.14
5855,Macdonald,Courtney,Legal,67294.45
9347,Rodriguez,Cody,Legal,124480.36
7410,Valdez,Catherine,Legal,124434.25
14609,Berry,Crystal,Legal,74640.93
5090,Bernard,Chase,Marketing,99612.14
9015,Hale,Cynthia,Legal,121988.15
7710,Carter,Christopher,Legal,114923.89
14492,Tran,Carlos,Legal,72589.54
5852,Taylor,Christopher,Marketing,96675.61
9627,Schultz,Charles,Legal,110830.84
7828,Howard,Cameron,Legal,114707.25
14139,Walker,Cynthia,Marketing,92390.87
5673,York,Connie,Marketing,95324.41
9971,Thomas,Cassandra,Legal,100039.64
7729,Archer,Caitlin,Legal,113725.37
14685,Mcdonald,Christopher,Marketing,90094.11
5181,Ross,Craig,Marketing,84107.7
9313,Gates,Christopher,Legal,97645.15
7329,Lewis,Christian,Legal,111165.12
14587,Hill,Christian,Marketing,89555.22
5986,Baker,Christopher,Marketing,66891.11
9213,Dougherty,Carrie,Legal,93316.21
7438,Zuniga,Christopher,Legal,102367.69
14861,Lara,Catherine,Marketing,84769.31
5207,Gardner,Charles,Marketing,65147.93
9625,Webb,Cathy,Legal,93013.92
7061,Ponce,Cheryl,Legal,94983.87
14324,David,Charles,Marketing,82749.0
5385,Mcclain,Christine,Marketing,54937.48
9212,Cline,Christian,Legal,89351.69
7530,Sutton,Christopher,Legal,88070.23
14120,Peterson,Carlos,Marketing,80346.36
5201,Harris,Connie,Marketing,51795.8
9529,Peterson,Courtney,Legal,76614.61
7256,Garcia,Cheryl,Legal,85351.08
14088,Jimenez,Christine,Marketing,79467.03
5825,Gordon,Cheryl,Sales,87582.7
9387,Middleton,Cynthia,Legal,75932.24
7565,Gardner,Corey,Legal,74290.85
14871,Oliver,Carl,Marketing,75298.76
5404,Burnett,Charles,Sales,86961.43
9078,Turner,Colin,Legal,74611.82
7409,Ramirez,Crystal,Legal,68745.09
14961,West,Crystal,Marketing,53476.9
5710,Irwin,Christopher,Sales,83182.86
9167,Bartlett,Cindy,Legal,72511.84
7255,Hoffman,Cynthia,Legal,67446.8
14874,Gillespie,Caroline,Sales,85298.31
5939,Butler,Carla,Sales,82897.27
9676,Torres,Carla,Legal,71501.75
7785,Bowers,Courtney,Marketing,97899.26
14474,Patton,Christine,Sales,84057.08
5288,Lamb,Christopher,Sales,79846.43
9667,Jackson,Charles,Legal,69771.73
7984,Lucas,Christopher,Marketing,93218.52
14563,Murphy,Christina,Sales,81865.25
5251,Carroll,Claire,Sales,63917.08
9511,Parker,Christopher,Legal,66771.47
7596,Williams,Christopher,Marketing,80282.66
14617,Owens,Cynthia,Sales,81861.38
5186,Walker,Christian,Sales,61895.5
9052,Woods,Charles,Marketing,88720.99
7759,Walker,Cole,Marketing,65185.24
14970,Gibson,Carlos,Sales,81256.76
5503,Terry,Crystal,Sales,57355.16
9084,Mccarthy,Curtis,Marketing,76974.89
7305,Stark,Carlos,Sales,82767.7
14436,Mason,Cameron,Sales,80798.53
5108,Johnson,Craig,Sales,56519.75
9451,Dalton,Christopher,Marketing,76376.47
7916,Estes,Clinton,Sales,74630.65
14980,Nixon,Connor,Sales,77772.05
5004,Herrera,Christopher,Support,79451.51
9602,Anderson,Charles,Marketing,72563.73
7829,Chavez,Cathy,Sales,74283.98
14991,Armstrong,Chase,Sales,74653.72
5670,Harris,Charles,Support,71711.6
9182,Molina,Cheryl,Marketing,68104.48
7601,Jones,Charles,Sales,73766.71
14495,Davis,Chad,Sales,68987.3
5840,Reese,Colin,Support,70674.32
9993,Adams,Cynthia,Marketing,60733.19
7744,Hall,Cassandra,Sales,62347.38
14308,Jackson,Christopher,Sales,65019.56
5651,Jennings,Charles,Support,69284.55
9885,Madden,Chelsea,Sales,82270.67
7815,Johnson,Charles,Support,76595.54
14695,Martinez,Carrie,Sales,57904.82
5192,Woods,Carrie,Support,69132.35
9416,Horton,Christina,Sales,76979.61
7646,Wright,Cameron,Support,68982.07
14185,Owens,Cassandra,Sales,52415.87
5134,Goodman,Christine,Support,47962.91
9370,Wallace,Courtney,Sales,76883.58
7716,Martin,Christopher,Support,64434.23
14384,Floyd,Charles,Sales,47905.24
5048,Andrews,Carlos,Support,47942.42
9272,Nelson,Christopher,Sales,69699.44
7926,Raymond,Carolyn,Support,63164.71
14811,Lin,Carolyn,Sales,45288.3
5708,Fields,Clayton,Support,47678.47
9007,Moore,Cynthia,Sales,62488.32
7948,Simmons,Crystal,Support,60946.87
14833,Garcia,Christopher,Support,77204.05
5239,Greene,Christopher,Support,44438.54
9030,Long,Charles,Sales,58473.71
7441,Simmons,Carrie,Support,60643.25
14720,Rodriguez,Chad,Support,74693.17
5964,Howard,Christian,Support,43568.98
9487,Frazier,Christopher,Sales,55014.17
7994,Tran,Cassandra,Support,59743.53
14666,Williams,Corey,Support,73275.72
5473,Henson,Christopher,Support,41240.2
9201,Thompson,Cynthia,Sales,52071.89
7214,Brown,Christopher,Support,58082.76
14046,Molina,Christine,Support,72960.17
9499,Dominguez,Charles,Support,77771.39
7915,Beasley,Carla,Support,53770.91
14379,Thomas,Christopher,Support,69797.07
9468,Jones,Courtney,Support,73931.74
7774,Strickland,Carrie,Support,41397.59
14536,Patterson,Chelsea,Support,69751.85
9566,Jones,Carol,Support,73044.25
15391,Gentry,Christopher,Engineering,118242.18
14754,Smith,Christine,Support,69085.36
9586,Wise,Carolyn,Support,67757.82
15453,Haley,Chloe,Engineering,87594.14
14876,Newman,Christina,Support,67347.26
9549,Conner,Cheyenne,Support,62230.97
15846,Phillips,Crystal,Engineering,86072.88
14755,Pugh,Cristina,Support,67255.17
9045,Roberts,Caitlin,Support,55802.26
15765,Byrd,Christine,Engineering,72198.32
14353,Stevenson,Caitlyn,Support,64407.78
9117,Clark,Cristina,Support,51081.78
15211,Shields,Christina,Engineering,69904.9
14506,Harrison,Christopher,Support,64363.66
9392,Smith,Chelsea,Support,42824.38
15638,Vasquez,Christopher,Engineering,66534.99
14878,Martin,Claudia,Support,59791.76
9307,Clayton,Crystal,Support,40037.43
15215,Freeman,Cindy,Engineering,62456.52
14411,Gonzalez,Catherine,Support,56954.32
3483,Mclaughlin,Cynthia,Engineering,114041.36
15496,Mann,Charlotte,Engineering,61627.42
14975,Nicholson,Connie,Support,53718.49
3678,Mitchell,Crystal,Engineering,113731.45
15334,Cole,Connie,Finance,103647.05
14734,Pham,Courtney,Support,43082.8
3255,Jones,Catherine,Engineering,113059.67
15550,Hood,Carol,Finance,98996.42
517,Davila,Christopher,Engineering,99497.5
3324,Hill,Cody,Engineering,108373.73
15133,Austin,Charles,Finance,98236.24
624,Young,Cynthia,Engineering,90281.85
3729,Lowe,Courtney,Engineering,107645.57
15362,Clark,Chelsea,Finance,95303.36
358,Stevens,Caitlyn,Engineering,82278.12
3853,Woodward,Charles,Engineering,94828.26
15737,Fisher,Cory,Finance,95001.33
124,Calderon,Calvin,Engineering,63280.31
3022,Baldwin,Cindy,Engineering,93320.61
15543,Love,Cynthia,Finance,89415.5
192,Patel,Christina,Engineering,60694.86
3089,Lynch,Carla,Engineering,87369.1
15277,Wilson,Charles,Finance,86029.37
23,Pacheco,Cynthia,Finance,105885.62
3679,Reed,Cindy,Engineering,86979.88
15922,Hamilton,Christopher,Finance,83988.18
259,Braun,Caleb,Finance,99678.43
3953,Mitchell,Chris,Engineering,76283.53
15072,Evans,Charles,Finance,76499.31
459,Vargas,Carlos,Finance,92635.69
3738,Nelson,Carlos,Engineering,67996.85
15668,Navarro,Christina,Finance,72174.98
652,Patel,Connie,Finance,82608.19
3133,Nelson,Cynthia,Engineering,67392.83
15977,Mcfarland,Cheryl,Finance,58569.5
81,Walters,Christopher,Finance,79804.33
3400,Stanley,Caitlin,Finance,109708.54
15336,Thomas,Christine,Finance,55186.33
449,Patterson,Christopher,Finance,77536.36
3780,Jackson,Connie,Finance,92430.33
15897,Riley,Christina,HR,85738.96
366,Hill,Courtney,Finance,76048.67
3808,Evans,Christopher,Finance,91955.86
15077,Rivers,Chad,HR,84608.7
362,Thompson,Cynthia,Finance,74636.4
3859,Bass,Charles,Finance,86908.28
15867,Brown,Cynthia,HR,81933.09
934,Castillo,Chad,Finance,65033.72
3094,Gray,Cindy,Finance,85492.16
15065,Wilson,Courtney,HR,80917.89
724,Howard,Catherine,Finance,61473.66
3345,Sawyer,Courtney,Finance,85418.43
15313,Matthews,Colleen,HR,76488.24
79,Conrad,Claire,Finance,60023.22
3475,Rogers,Christina,Finance,74402.72
15129,Gonzalez,Chris,HR,70351.6
336,Alvarado,Calvin,Finance,60016.73
3218,Hawkins,Catherine,Finance,62468.88
15350,Watson,Cynthia,HR,63481.11
770,Ibarra,Christopher,Finance,59921.3
3011,Owens,Chris,HR,84268.6
15213,Williams,Charles,HR,59901.85
833,Rodriguez,Catherine,Finance,59673.58
3110,Bird,Chelsea,HR,83185.12
15512,Jackson,Colleen,HR,59553.75
314,Gomez,Charles,Finance,59142.2
3248,Diaz,Crystal,HR,69987.01
15577,Gray,Courtney,HR,56509.72
694,Santana,Christopher,HR,90780.76
3182,Hunter,Cory,HR,62874.44
15675,Williams,Chad,IT,110711.37
162,Wilson,Carrie,HR,82191.85
3597,Knight,Catherine,HR,59433.56
15804,Macias,Christopher,IT,109767.24
122,Harris,Christina,HR,82156.79
3568,Carroll,Curtis,HR,56084.64
15611,Edwards,Christopher,IT,109584.59
756,James,Caroline,HR,67403.14
3495,Martin,Christina,HR,55379.31
15767,Wilson,Christopher,IT,108816.78
761,Dyer,Christian,HR,59349.35
3488,Hunter,Catherine,HR,54490.54
15409,Wise,Cynthia,IT,108628.03
680,Lucero,Caroline,HR,50747.35
3155,Williams,Carla,IT,107752.03
15283,Brown,Curtis,IT,108319.72
169,Johnston,Christopher,IT,105293.66
3063,Mosley,Catherine,IT,106759.68
15235,Leach,Charles,IT,105350.23
395,Martinez,Christine,IT,104035.02
3570,Mcdaniel,Chad,IT,100885.52
15152,Park,Charles,IT,95409.95
940,Lewis,Christine,IT,103257.43
3728,Sullivan,Chelsea,IT,99393.37
15592,Pierce,Christopher,IT,93753.75
245,Powell,Charles,IT,101044.7
3335,Nelson,Christopher,IT,85275.9
15750,Weaver,Collin,IT,86647.0
813,Murphy,Christopher,IT,96826.13
3662,Alvarado,Chase,IT,84854.24
15318,Baxter,Christopher,IT,84232.94
760,Harris,Cory,IT,95892.58
3876,Grant,Christine,IT,81805.93
15031,Roth,Cassandra,IT,67955.88
645,Bryant,Courtney,IT,93488.66
3676,Crosby,Christine,IT,78823.21
15455,Mcintyre,Charles,IT,61317.49
332,Wright,Clinton,IT,84919.74
3468,Roberson,Cody,IT,65357.69
15085,Michael,Christopher,IT,61076.43
955,Butler,Christopher,IT,83811.92
3144,Ruiz,Courtney,IT,64534.56
15558,Castillo,Cameron,Legal,110509.44
635,Smith,Cassie,IT,83774.75
3754,King,Christopher,IT,64429.12
15124,Mayer,Carolyn,Legal,107620.9
317,Bishop,Catherine,IT,70817.09
3509,Jones,Christopher,Legal,124058.41
15263,Hall,Christine,Legal,107016.61
340,Marshall,Charles,IT,61269.09
3456,Hall,Carl,Legal,105340.53
15333,Santos,Carmen,Legal,99030.76
601,Valenzuela,Colton,Legal,120860.35
3422,Bryant,Christina,Legal,102325.61
15736,Webb,Carrie,Legal,94504.53
183,Crawford,Calvin,Legal,118912.85
3632,Green,Christopher,Legal,92225.71
15689,Evans,Christopher,Legal,80984.72
436,Ho,Christina,Legal,118632.22
3908,Clark,Christine,Legal,87509.61
15924,Sims,Corey,Legal,80094.97
116,Noble,Courtney,Legal,116768.98
3948,Chavez,Christopher,Legal,84229.82
15688,Fields,Christopher,Legal,75183.32
526,French,Christopher,Legal,111769.63
3505,Sexton,Carlos,Legal,83820.07
15492,Miller,Christine,Legal,71056.96
776,Thompson,Charles,Legal,110486.24
3826,Ray,Cynthia,Legal,82872.85
15354,Cabrera,Cameron,Marketing,91606.89
962,Hill,Caroline,Legal,110043.49
3864,Meza,Charles,Legal,77741.78
15787,Figueroa,Carrie,Marketing,86270.89
149,Woodard,Christopher,Legal,104108.23
3517,Jones,Courtney,Legal,74317.73
15048,Rivera,Courtney,Marketing,84341.3
199,Diaz,Carol,Legal,102019.93
3464,Jordan,Crystal,Legal,66185.17
15298,Gonzalez,Corey,Marketing,82126.95
529,Torres,Carrie,Legal,101809.76
3327,Brown,Cheryl,Marketing,93181.71
15119,Vaughan,Christopher,Marketing,81216.18
10,Blair,Courtney,Legal,96594.81
3432,Solis,Crystal,Marketing,84924.78
15128,Gay,Chad,Marketing,78714.4
501,Thompson,Christopher,Legal,93830.94
3906,Reynolds,Christopher,Marketing,84107.37
15393,Kennedy,Christopher,Marketing,73373.77
755,Burns,Charles,Legal,88781.21
3938,Ayala,Cassandra,Marketing,82755.58
15478,Evans,Christopher,Marketing,71138.57
242,Williams,Christopher,Legal,87298.9
3337,Floyd,Chelsea,Marketing,82369.66
15988,Braun,Carrie,Marketing,64671.02
264,Johnson,Christine,Legal,84953.12
3239,Wilson,Christian,Marketing,77636.6
15792,Carter,Catherine,Marketing,61271.59
856,Maxwell,Crystal,Legal,75080.88
3338,Nelson,Cesar,Marketing,76745.09
15230,Gibson,Christina,Marketing,55393.03
254,Spears,Carla,Marketing,99812.22
3033,Daniel,Colton,Marketing,72460.82
15764,Smith,Cindy,Sales,86958.64
134,Chen,Cindy,Marketing,98342.0
3860,Jimenez,Carmen,Marketing,67026.67
15382,Mckay,Christine,Sales,86161.59
137,Thompson,Catherine,Marketing,96981.32
3619,Oliver,Crystal,Marketing,65968.26
15294,Reilly,Cory,Sales,79868.07
12,Ramirez,Christopher,Marketing,95382.49
3751,Walker,Cassandra,Sales,88541.33
15904,Martinez,Candice,Sales,75800.1
865,Murphy,Crystal,Marketing,94301.69
3787,Lawson,Cheryl,Sales,86082.97
15518,Bryant,Christopher,Sales,75151.01
311,Taylor,Courtney,Marketing,90134.48
3944,Mills,Charles,Sales,85245.15
15209,Ross,Christina,Sales,65252.2
262,Wilson,Cassandra,Marketing,89464.17
3316,Brown,Cameron,Sales,82593.05
15253,Parker,Courtney,Sales,57495.96
225,Weeks,Christine,Marketing,87184.71
3595,Watson,Carlos,Sales,81856.17
15622,Figueroa,Claire,Sales,55528.47
965,Osborne,Charles,Marketing,71454.52
3211,Mason,Corey,Sales,80453.33
15181,Callahan,Carmen,Sales,49294.77
562,Chavez,Christina,Marketing,62676.02
3365,Taylor,Carla,Sales,78004.78
15200,Simmons,Cheyenne,Support,79195.28
68,Sloan,Carl,Marketing,56525.36
3301,Gillespie,Charles,Sales,73432.12
15401,Ramirez,Christy,Support,79109.33
958,Weaver,Christina,Marketing,52099.54
3778,Guerra,Christina,Sales,73274.13
15893,Griffin,Cameron,Support,73303.46
448,Martinez,Christian,Sales,85505.84
3735,Rodriguez,Carol,Sales,71565.86
15659,Sheppard,Cory,Support,66175.39
443,Schroeder,Christina,Sales,84156.64
3477,Garcia,Chase,Sales,65962.43
15102,Gomez,Curtis,Support,63874.88
592,Herrera,Christopher,Sales,81901.1
3695,Christian,Cory,Sales,63253.18
15302,Hoover,Crystal,Support,62778.96
475,Foster,Charles,Sales,72165.22
3982,Cruz,Christopher,Sales,61969.54
15324,Hudson,Charles,Support,57165.84
641,Willis,Christopher,Sales,65017.29
3818,Wright,Christopher,Sales,60939.72
15694,West,Connor,Support,54790.19
412,Ryan,Christopher,Sales,62827.66
3537,Barrett,Christine,Sales,59386.17
15013,Chavez,Candace,Support,41432.73
746,Garcia,Carlos,Sales,59174.74
3113,Holland,Christopher,Sales,56779.14
15658,Lloyd,Chad,Support,40189.23
29,Adams,Carly,Sales,55300.62
3493,Aguilar,Caitlin,Sales,51168.75
327,Koch,Cindy,Sales,50827.53
3433,Cooper,Charlene,Sales,47918.99
981,Henderson,Caroline,Support,76672.05
3877,Jensen,Courtney,Sales,46015.03
280,Moore,Christian,Support,69673.42
3439,Carson,Curtis,Sales,45454.84
864,Young,Christina,Support,68234.41
3426,Lopez,Connie,Support,78654.2
741,Thompson,Carl,Support,68146.33
3792,Crawford,Craig,Support,77880.02
519,Oliver,Charles,Support,66517.19
3288,Hamilton,Christine,Support,77035.51
287,Carson,Christine,Support,65883.0
3244,Spencer,Christopher,Support,71646.59
467,Shepard,Christine,Support,60407.69
3224,Waters,Cindy,Support,51969.27
291,Oliver,Charles,Support,52305.89
3027,Johnson,Cassandra,Support,51143.94
990,Weiss,Carolyn,Support,50513.89
3081,Medina,Carlos,Support,47009.88
486,Brooks,Christian,Support,49283.67
3893,Ramos,Charles,Support,45250.31
885,Knight,Chelsea,Support,45636.28
12967,Lewis,Chelsea,Engineering,112420.6
998,Holland,Cheryl,Support,43028.48
12688,Ramirez,Christine,Engineering,109132.15
886,Jenkins,Christine,Support,40555.29
12318,Montgomery,Crystal,Engineering,109061.65
906,Cox,Crystal,Support,40489.78
12970,Heath,Curtis,Engineering,106303.56
6358,Craig,Christine,Engineering,116918.01
12085,Tran,Charles,Engineering,93355.39
6171,Gibson,Carlos,Engineering,115879.28
12041,Middleton,Caitlin,Engineering,90219.52
6705,Knight,Chelsea,Engineering,112908.69
12997,Tucker,Cynthia,Engineering,76283.36
6958,Moran,Charles,Engineering,112618.37
12576,House,Christina,Engineering,72167.13
6877,Lewis,Chad,Engineering,111858.94
12008,Romero,Carol,Finance,106168.8
6121,Martinez,Christopher,Engineering,105888.25
12971,Johnston,Catherine,Finance,105350.53
6564,Murray,Christine,Engineering,98839.7
12678,Melton,Christy,Finance,103683.73
6732,Moore,Colleen,Engineering,98740.4
12348,Meyer,Catherine,Finance,100675.2
6183,Smith,Charles,Engineering,96858.92
12380,Green,Crystal,Finance,99503.48
6044,Mcintyre,Carolyn,Engineering,93970.13
12525,Thomas,Corey,Finance,98705.8
6544,Shelton,Charlene,Engineering,88082.55
12580,Thomas,Christine,Finance,88752.25
6014,Holder,Cheryl,Engineering,73277.21
12265,Greene,Charles,Finance,80562.15
6432,Ward,Crystal,Finance,100910.76
12164,Campbell,Cassie,Finance,80264.0
6542,Parker,Carrie,Finance,98150.98
12422,Benton,Carlos,Finance,77655.79
6837,Hardin,Chad,Finance,95389.35
12176,Powell,Carrie,Finance,76172.9
6104,Gonzalez,Carrie,Finance,85949.68
12675,Chang,Christopher,Finance,76085.6
6304,Smith,Carrie,Finance,76168.91
12371,Stevens,Christopher,Finance,75316.91
6124,Harvey,Calvin,Finance,73851.18
12399,Pope,Charles,Finance,75140.32
6406,Mills,Chelsea,Finance,71791.99
12018,Johnson,Cameron,Finance,73385.9
6346,Hawkins,Charles,Finance,67617.26
12941,Miller,Colleen,Finance,71058.77
6806,Gonzalez,Cody,Finance,66425.76
12171,Reilly,Cassie,Finance,67050.19
6710,Cook,Chad,Finance,62485.62
12446,Stewart,Christopher,Finance,64467.73
6362,Collier,Christine,Finance,61839.22
12797,Fowler,Chris,Finance,55593.85
6561,Martin,Christine,HR,88934.92
12589,Rodriguez,Cindy,HR,90472.58
6952,Hughes,Christopher,HR,84742.66
12274,Conner,Carrie,HR,88230.86
6896,Vazquez,Catherine,HR,74509.6
12276,Mann,Charles,HR,85751.15
6928,Hoffman,Christopher,HR,73725.53
12636,Marks,Charles,HR,85228.03
6119,Williamson,Christopher,HR,72052.32
12261,Johnson,Chelsey,HR,83946.18
6174,Frazier,Chelsea,HR,59043.19
12271,Johnson,Courtney,HR,82891.93
6294,Salinas,Carmen,HR,58568.03
12996,Sexton,Christopher,HR,77983.84
6737,Brown,Chelsea,HR,55450.77
12278,Leon,Chris,HR,74721.04
6055,Anderson,Christopher,HR,52784.91
12559,Mcdonald,Chelsea,HR,63687.72
6456,Mercer,Christina,HR,51578.59
12248,Jennings,Chad,HR,62496.46
6161,Harrison,Cameron,IT,111757.31
12781,West,Curtis,HR,61795.8
6188,Andersen,Craig,IT,89150.89
12071,Ross,Christopher,HR,57348.36
6223,Davis,Cathy,IT,86356.66
12233,Anderson,Cameron,IT,112751.82
6930,Montoya,Carrie,IT,83587.42
12123,Burton,Carol,IT,101637.04
6700,Castro,Christopher,IT,78959.59
12119,Lozano,Christopher,IT,63692.93
6043,Robinson,Christina,IT,74245.01
12724,Stone,Catherine,IT,62929.1
6314,Williams,Corey,IT,63917.35
12579,Smith,Courtney,IT,60981.16
6521,Garrett,Christina,Legal,124244.87
12780,Hart,Carla,Legal,88104.15
6151,Cook,Cindy,Legal,122882.25
12159,Gonzales,Chelsea,Legal,74280.87
6266,Kennedy,Cassandra,Legal,119589.06
12925,Ramirez,Cynthia,Legal,74102.58
6575,Johnson,Courtney,Legal,115047.9
12295,Mann,Charles,Legal,72463.68
6621,Spence,Christine,Legal,109316.24
12502,Mitchell,Connie,Legal,67818.81
6053,Moore,Catherine,Legal,109257.04
12687,Bradley,Christian,Legal,67317.47
6652,Lawson,Christopher,Legal,100802.15
12933,Flores,Catherine,Marketing,95262.36
6428,Davis,Carl,Legal,88497.55
12725,Jackson,Cindy,Marketing,93494.43
6862,Hardy,Christopher,Legal,82482.29
12288,Olson,Christopher,Marketing,90753.31
6738,Myers,Christopher,Legal,82378.06
12817,Thompson,Christopher,Marketing,81008.03
6699,Chandler,Christopher,Legal,82224.61
12359,Green,Caitlin,Marketing,79078.38
6017,Bartlett,Carlos,Legal,75608.73
12581,Ashley,Calvin,Marketing,76604.72
6707,Erickson,Carly,Legal,66627.8
12978,Grant,Cassandra,Marketing,74273.48
6469,Burke,Caroline,Legal,65883.72
12912,Phillips,Carol,Marketing,65520.17
6268,Ramirez,Catherine,Legal,65624.77
12808,Martinez,Crystal,Marketing,53610.19
6807,Burke,Cassandra,Marketing,98038.12
12404,Hurley,Cody,Marketing,51967.99
6582,Ramirez,Chelsea,Marketing,87036.49
12374,Olson,Cynthia,Sales,88858.93
6413,Ortiz,Connie,Marketing,75952.48
12901,Daniel,Christopher,Sales,76695.43
6725,Smith,Cesar,Marketing,73518.6
12471,Rosario,Clinton,Sales,69509.57
6692,Miller,Christina,Marketing,72252.13
12122,Bradshaw,Catherine,Sales,67202.6
6585,Vasquez,Cindy,Marketing,72144.53
12518,Perez,Carrie,Sales,59745.7
6726,Day,Courtney,Marketing,72123.75
12823,Norris,Colton,Sales,58780.65
6633,Boone,Charles,Marketing,67964.26
12572,Reynolds,Chelsey,Sales,50258.6
6618,Jones,Charles,Marketing,57694.68
12076,Lozano,Charles,Support,77101.78
6605,Walker,Corey,Sales,89527.58
12635,Figueroa,Curtis,Support,74035.26
6983,Lloyd,Charles,Sales,86628.76
12596,Marsh,Chad,Support,66398.76
6246,Barrett,Colleen,Sales,86478.33
12858,Cole,Cynthia,Support,65386.44
6426,Ross,Christopher,Sales,86231.66
12257,Aguilar,Christopher,Support,63325.38
6241,Chavez,Charles,Sales,82947.7
12877,Thompson,Christopher,Support,58006.34
6656,Wilson,Christine,Sales,78704.2
12702,Holland,Cheryl,Support,55726.79
6226,Morrison,Chad,Sales,78440.33
12132,West,Chad,Support,44965.99
6849,Young,Calvin,Sales,75008.08
8532,Davis,Christopher,Engineering,119854.99
6352,Arnold,Catherine,Sales,66756.78
8703,Williams,Crystal,Engineering,116004.51
6082,Smith,Christopher,Sales,64856.68
8048,Santos,Christina,Engineering,113170.07
6899,Harper,Christopher,Sales,61569.55
8399,Johnson,Courtney,Engineering,108065.39
6625,Davenport,Cynthia,Sales,59301.5
8943,Newton,Cathy,Engineering,98647.4
6829,Pineda,Carlos,Sales,55802.28
8631,Duncan,Cindy,Engineering,96502.94
6081,Gonzalez,Curtis,Sales,53922.77
8111,Green,Christine,Engineering,83431.39
6550,Gomez,Cristina,Support,68668.76
8802,Johnson,Christian,Engineering,83324.08
6363,Harris,Courtney,Support,64103.93
8094,Weber,Christina,Engineering,73222.14
6244,Kelly,Charles,Support,59276.2
8547,Perez,Christine,Engineering,71392.27
6757,Duncan,Charles,Support,49433.26
8686,Richardson,Charles,Engineering,70348.83
6666,Clark,Charles,Support,48892.38
8735,Valdez,Carrie,Engineering,67413.05
6398,Ford,Christopher,Support,42977.43
8186,Webster,Christopher,Engineering,62579.14
1217,Page,Clinton,Engineering,111580.57
8514,Hamilton,Christopher,Finance,103209.73
1389,Jones,Christopher,Engineering,111463.58
8321,Duncan,Courtney,Finance,99249.8
1324,Best,Cheryl,Engineering,110903.68
8271,Montgomery,Cristina,Finance,71957.77
1866,Hernandez,Cynthia,Engineering,107309.3
8925,Simmons,Christopher,Finance,67995.66
1635,Sanders,Christian,Engineering,106245.67
8527,Rios,Christina,Finance,60076.85
1042,Wood,Christina,Engineering,93913.65
8172,Walls,Cheryl,HR,93528.12
1286,Brooks,Cheryl,Engineering,93892.4
8726,Collins,Crystal,HR,90373.58
1535,Carr,Cody,Engineering,88898.03
8195,Oneill,Christopher,HR,88609.82
1906,Tyler,Christopher,Engineering,87474.37
8060,Rogers,Carl,HR,82487.59
1319,Lucas,Cory,Engineering,85490.43
8936,Jones,Caitlin,HR,75775.71
1905,Smith,Christopher,Engineering,82076.5
8946,Lee,Cathy,HR,73713.15
1365,Nelson,Charles,Engineering,80202.35
8554,Elliott,Courtney,HR,71871.22
1516,Page,Christopher,Engineering,79860.43
8795,Jackson,Christopher,HR,70209.18
1355,Evans,Christopher,Engineering,79636.68
8720,King,Cynthia,HR,68499.87
1025,Banks,Cynthia,Engineering,78045.26
8870,Sims,Candace,HR,68277.95
1250,White,Clifford,Engineering,67703.69
8909,Adkins,Christina,HR,67904.94
1766,Martinez,Chelsea,Engineering,62574.65
8112,Brown,Christopher,HR,66485.08
1107,Santos,Catherine,Finance,108353.15
8717,Watson,Crystal,HR,64995.14
1584,Willis,Calvin,Finance,105567.46
8650,Riley,Charles,HR,58711.38
1607,Smith,Christina,Finance,103243.61
8867,Franklin,Carmen,HR,58559.51
1728,Benson,Chelsea,Finance,101229.58
8383,Robinson,Crystal,IT,114916.09
1822,Smith,Curtis,Finance,98312.91
8753,Arnold,Christine,IT,98628.13
1018,Robinson,Carolyn,Finance,87784.06
8608,Stanton,Christopher,IT,94997.82
1194,Payne,Christina,Finance,86389.39
8030,Alvarez,Crystal,IT,92263.7
1873,Chapman,Carl,Finance,81585.25
8156,Mitchell,Carlos,IT,88366.51
1010,Francis,Cheryl,Finance,77017.86
8791,Harrison,Christine,IT,87368.64
1075,Robinson,Charles,Finance,65387.47
8503,Soto,Carlos,IT,84085.39
1979,Cox,Cynthia,Finance,56027.21
8251,Davis,Cassandra,IT,80585.8
1818,Turner,Cheryl,HR,94023.62
8067,Watson,Craig,IT,76934.18
1754,Ochoa,Christopher,HR,87604.97
8472,Harris,Christopher,IT,67199.08
1823,Mason,Catherine,HR,82804.51
8283,Barron,Christopher,IT,66701.91
1962,Hutchinson,Chad,HR,81774.44
8935,Price,Carrie,IT,60472.13
1626,Thomas,Christopher,HR,73262.18
8520,Johnson,Cindy,Legal,123769.8
1141,Wade,Christine,HR,71310.51
8879,Russell,Cory,Legal,121971.38
1796,Paul,Carol,HR,69351.86
8288,Weber,Cheryl,Legal,108248.8
1782,Martin,Cassandra,HR,64834.08
8513,Russell,Christopher,Legal,106469.26
1879,Ramos,Chloe,HR,63473.74
8313,Wright,Carol,Legal,99770.89
1539,Clark,Caitlyn,HR,57373.06
8630,Richards,Crystal,Legal,85217.02
1880,Johnson,Courtney,HR,57350.76
8918,West,Christopher,Legal,74043.13
1221,Benson,Crystal,IT,109756.9
8291,Larson,Christopher,Legal,70659.82
1571,West,Carly,IT,98049.82
8328,Johnson,Cynthia,Legal,70506.53
1264,Johnson,Christina,IT,96137.48
8188,Shaffer,Carol,Marketing,98122.12
1005,Kane,Chelsey,IT,93783.0
8502,Weaver,Catherine,Marketing,89712.67
1586,Patrick,Christopher,IT,93287.35
8811,Mathis,Cole,Marketing,86393.3
1811,Holden,Chad,IT,92998.04
8402,Perry,Colton,Marketing,82646.67
1424,Andrade,Christina,IT,65008.55
8375,Morris,Cynthia,Marketing,78122.62
1651,Reynolds,Christopher,Legal,116982.52
8904,Johnson,Cheryl,Marketing,70407.75
1383,Williams,Christina,Legal,113845.0
8126,Davis,Candice,Marketing,54532.53
1647,Harris,Cameron,Legal,103275.4
8599,Holland,Chelsea,Marketing,51787.58
1242,Hill,Cassandra,Legal,100922.49
8231,Robinson,Cassandra,Sales,85938.12
1413,Hoover,Charles,Legal,93945.25
8310,Delgado,Christian,Sales,85711.01
1269,Rosales,Courtney,Legal,93012.06
8324,Olson,Colin,Sales,76985.31
1527,Sanchez,Colleen,Legal,76323.14
8152,Miranda,Craig,Sales,74719.38
1202,Anderson,Courtney,Legal,68501.02
8292,Lee,Cynthia,Sales,67484.67
1437,Avila,Charles,Marketing,92061.84
8507,Jordan,Catherine,Sales,66659.86
1881,Bowers,Charles,Marketing,78281.92
8221,Williams,Christopher,Sales,63372.72
1845,Thomas,Christian,Marketing,71566.1
8062,Sandoval,Catherine,Sales,63123.98
1465,Taylor,Chase,Marketing,65465.58
8290,Baker,Clayton,Sales,59277.17
1918,Schaefer,Christopher,Marketing,62783.75
8539,Lee,Cristina,Sales,47885.86
1195,Harris,Cindy,Marketing,56015.58
8898,Gray,Cody,Support,75897.72
1406,Clark,Christina,Sales,85705.3
8944,Green,Carla,Support,69014.79
1234,Smith,Crystal,Sales,81378.2
8881,Woodward,Chad,Support,66477.66
1136,Smith,Christopher,Sales,77618.71
8500,Decker,Christy,Support,63562.73
1591,Martinez,Christina,Sales,69287.94
8800,Smith,Carrie,Support,63203.96
1830,Mason,Calvin,Sales,62870.23
8075,Berger,Carol,Support,57549.81
1817,Molina,Cathy,Sales,58070.94
8337,Gordon,Christian,Support,57193.56
1134,Oneal,Cindy,Sales,54918.7
8329,Kelly,Catherine,Support,51734.38
1507,Warren,Christine,Sales,54029.91
10842,Edwards,Courtney,Engineering,115683.18
1739,Peters,Christine,Support,77999.95
10065,Wheeler,Chelsea,Engineering,112052.91
1225,Lee,Colleen,Support,76428.98
10278,Hood,Christopher,Engineering,107633.74
1475,Davis,Carrie,Support,74998.45
10093,Schmidt,Catherine,Engineering,100816.21
1034,Johnson,Caitlin,Support,74015.04
10153,Durham,Christopher,Engineering,96693.84
1704,Jensen,Carlos,Support,72515.95
10808,Bennett,Catherine,Engineering,96419.77
1606,Garcia,Christopher,Support,68145.91
10087,Miller,Crystal,Engineering,89334.8
1638,Harris,Christopher,Support,66501.89
10985,Hernandez,Christopher,Engineering,86485.06
1482,Armstrong,Curtis,Support,66244.52
10666,Savage,Christopher,Engineering,82776.38
1978,Kelley,Christina,Support,65891.03
10682,Alexander,Cynthia,Engineering,81011.3
1082,Russell,Christine,Support,61477.91
10132,Valencia,Connor,Engineering,78017.69
1514,Meyer,Chad,Support,54892.16
10763,Weber,Carl,Engineering,76617.33
1576,Holmes,Carl,Support,49341.82
10150,Parsons,Christopher,Engineering,71514.82
1583,Moore,Carla,Support,48808.62
10550,Cain,Chad,Finance,102740.58
1374,Hernandez,Courtney,Support,47429.2
10135,Duran,Christopher,Finance,95312.37
1300,Osborne,Cynthia,Support,46432.01
10871,Thomas,Courtney,Finance,93510.33
1139,Howell,Cody,Support,44514.3
10659,Smith,Cheryl,Finance,91649.73
2576,Sheppard,Caitlin,Engineering,114494.19
10772,Copeland,Charles,Finance,89360.91
2035,Dillon,Colin,Engineering,111692.67
10081,Mcpherson,Connor,Finance,89072.26
2242,Dawson,Cheryl,Engineering,110964.95
10649,Lucas,Cynthia,Finance,80708.43
2468,Hampton,Christina,Engineering,107698.76
10245,Maxwell,Cameron,Finance,79160.54
2911,Ramos,Cody,Engineering,94713.29
10822,Rodriguez,Crystal,Finance,77542.25
2857,Davidson,Christopher,Engineering,86776.1
10403,Garcia,Clinton,Finance,74272.65
2463,Evans,Carolyn,Engineering,73465.77
10079,Rowe,Chase,Finance,59949.11
2388,Nelson,Calvin,Engineering,64645.29
10790,Burgess,Carolyn,HR,88714.29
2997,Huerta,Charles,Finance,108787.33
10523,Salinas,Colin,HR,83782.17
2507,Hernandez,Carrie,Finance,102010.41
10626,Lopez,Christopher,HR,80409.3
2656,Brandt,Christopher,Finance,100331.0
10923,Garcia,Cynthia,HR,79170.89
2215,Brewer,Catherine,Finance,91704.04
10386,Lowe,Crystal,HR,68849.38
2203,Rodriguez,Christopher,Finance,85789.49
10098,Castro,Carolyn,HR,61943.61
2989,Nguyen,Carol,Finance,84459.01
10546,Swanson,Curtis,HR,59068.26
2356,Snyder,Carly,Finance,83563.4
10375,Benton,Christine,HR,55547.8
2635,Parker,Chase,Finance,80626.96
10015,Kelley,Catherine,HR,51193.15
2204,Delgado,Christopher,Finance,70219.48
10940,Kim,Christopher,IT,103502.51
2431,Stewart,Christina,Finance,68567.89
10414,Henson,Craig,IT,103220.38
2784,Gonzalez,Colin,Finance,55760.07
10239,White,Cheryl,IT,99871.26
2369,Hill,Christina,HR,94297.17
10199,Brown,Charles,IT,96816.61
2821,Ellis,Cheryl,HR,89653.15
10796,Nguyen,Candace,IT,95892.59
2130,Perez,Chelsea,HR,78505.7
10489,Johnson,Christopher,IT,82068.01
2422,Copeland,Charles,HR,76609.02
10976,Bates,Christopher,IT,78749.62
2289,Mitchell,Christina,HR,73333.97
10984,Martin,Charles,IT,67926.54
2694,Matthews,Craig,HR,67609.53
10211,Cook,Christopher,Legal,116846.65
2963,Parsons,Christopher,HR,65067.8
10242,Stevens,Catherine,Legal,109439.33
2648,Robinson,Corey,HR,58422.3
10339,Wilson,Crystal,Legal,105510.39
2863,Mclaughlin,Charles,HR,58000.58
10968,Nguyen,Crystal,Legal,103774.24
2287,Mcdonald,Cheryl,IT,112826.64
10060,Bowen,Carla,Legal,94962.81
2316,Mills,Crystal,IT,111811.22
10640,Cooley,Christopher,Legal,84879.65
2994,Sanders,Charles,IT,105278.43
10283,Rosales,Christopher,Legal,81108.78
2455,Smith,Cassandra,IT,100231.24
10804,Watson,Candice,Legal,78243.39
2238,Rodriguez,Clarence,IT,98515.87
10885,Mcguire,Cynthia,Legal,75146.77
2250,Tran,Charles,IT,93694.51
10207,Clark,Carlos,Marketing,96935.79
2267,Montoya,Caitlin,IT,91778.65
10277,Brown,Christine,Marketing,94789.66
2239,Richards,Christina,IT,89135.06
10957,Graham,Crystal,Marketing,90431.95
2283,Mckenzie,Courtney,IT,80421.45
10788,Mcintyre,Colton,Marketing,83762.44
2553,Garrett,Carolyn,IT,78243.79
10345,Martin,Cathy,Marketing,79638.42
2478,Ferguson,Cynthia,IT,71786.1
10446,Sanchez,Catherine,Marketing,76644.42
2322,Ayala,Colin,IT,65846.45
10614,Johnson,Caroline,Marketing,61952.42
2190,Higgins,Christina,Legal,114138.39
10675,Wright,Caleb,Marketing,57585.07
2690,Jones,Carrie,Legal,113151.37
10735,Coleman,Charles,Marketing,52716.97
2965,Wade,Carla,Legal,106325.94
10220,Stone,Cindy,Marketing,50880.39
2418,Williams,Christopher,Legal,97938.03
10329,Dyer,Carolyn,Sales,86115.18
2999,Ramirez,Christopher,Legal,92465.99
10390,Woods,Connie,Sales,75520.95
2659,Fry,Christopher,Legal,91702.28
10919,Davidson,Cole,Sales,71610.77
2174,Montes,Christopher,Legal,89065.33
10742,Gonzales,Cheyenne,Sales,71396.07
2469,Miller,Chad,Legal,87656.42
10935,Lane,Charles,Sales,67758.97
2375,Mack,Chad,Legal,87151.41
10983,Jones,Christopher,Sales,66807.15
2511,Moss,Charles,Legal,86610.0
10866,Peterson,Curtis,Sales,55796.05
2815,Carlson,Cathy,Legal,84999.77
10848,Sweeney,Charles,Sales,55612.18
2082,Callahan,Christina,Legal,83470.36
10612,Christian,Christina,Sales,48057.64
2741,Bates,Christopher,Legal,79359.02
10026,Hernandez,Christopher,Sales,46777.18
2419,Strickland,Carla,Legal,70524.62
10789,Perez,Christine,Sales,46725.17
2025,Rodriguez,Cody,Legal,68980.0
10956,Castillo,Christine,Support,66244.79
2033,Mullins,Christopher,Marketing,92795.08
10249,Mccarthy,Courtney,Support,64737.39
2115,Brown,Christopher,Marketing,89998.38
10172,Campbell,Carrie,Support,62051.54
2804,Thomas,Christopher,Marketing,89036.39
10431,Gardner,Christina,Support,59530.52
2392,Reed,Cheryl,Marketing,87292.7
10982,Kane,Cindy,Support,58112.59
2004,Wilson,Charlotte,Marketing,77192.24
10075,Decker,Caitlin,Support,54306.21
2149,Reeves,Christine,Marketing,74495.21
10262,Webb,Charles,Support,53307.27
2747,Bowman,Chad,Marketing,70927.29
4636,Marks,Christopher,Engineering,119701.13
2394,Boyd,Calvin,Marketing,70838.59
4990,Stephens,Christopher,Engineering,118200.7
2627,Grimes,Christopher,Marketing,70478.86
4645,Whitaker,Charles,Engineering,115237.16
2600,Bailey,Charles,Marketing,68269.51
4380,Martinez,Cassandra,Engineering,92704.79
2665,White,Cynthia,Marketing,68077.6
4899,Hull,Caleb,Engineering,67905.3
2750,Bruce,Catherine,Marketing,62457.38
4221,White,Chad,Engineering,67166.81
2030,Mclaughlin,Cheryl,Marketing,61242.27
4250,Stevens,Connie,Finance,85942.2
2901,Morales,Cheryl,Marketing,50765.47
4126,Baker,Charles,Finance,60566.68
2891,Osborne,Cassandra,Sales,86582.05
4087,Garcia,Cassandra,HR,90705.58
2429,Torres,Christopher,Sales,84510.28
4411,Rodriguez,Christopher,HR,90699.87
2762,Meyers,Calvin,Sales,84507.19
4750,Carroll,Christopher,HR,80897.0
2340,Hudson,Connie,Sales,58037.75
4334,Duncan,Cindy,HR,77899.3
2938,Daugherty,Cheryl,Sales,57434.89
4133,Salinas,Caroline,HR,73422.51
2450,Cole,Christopher,Sales,56401.44
4984,Cantu,Chase,HR,69822.19
2445,Morris,Christina,Sales,54940.89
4114,Lopez,Catherine,HR,68306.65
2126,Macdonald,Cody,Sales,50517.58
4893,Nelson,Clifford,HR,67175.83
2951,Decker,Crystal,Support,77350.41
4719,Hunt,Colin,HR,62632.97
2365,Miller,Cindy,Support,76031.98
4777,Cooper,Charles,HR,61702.55
2888,Thomas,Cindy,Support,74405.42
4694,Livingston,Colleen,HR,58627.62
2720,Martinez,Charles,Support,72332.48
4947,Morgan,Cynthia,HR,58261.67
2148,Jennings,Cheryl,Support,66620.67
4730,Bolton,Carl,HR,54537.13
2927,Garcia,Cheryl,Support,65990.07
4161,Mitchell,Colleen,HR,50931.23
2434,Smith,Christopher,Support,58385.79
4029,Chase,Christopher,HR,50578.19
2862,Reed,Cameron,Support,48698.28
4210,Calderon,Christopher,IT,114769.69
2522,Clay,Cassandra,Support,46180.86
4361,Banks,Casey,IT,110911.73
2389,Ferguson,Christina,Support,45242.08
4207,White,Corey,IT,102538.49
2982,Williams,Charles,Support,41679.11
4159,Fields,Cody,IT,100122.83
2210,Fuller,Christopher,Support,40865.02
4559,Aguilar,Crystal,IT,95598.49
4384,Pruitt,Carly,IT,93652.21
4450,Smith,Carla,IT,93000.35
4880,Taylor,Carrie,IT,92209.98
4503,Jones,Carl,IT,83918.42
4655,Dickerson,Cole,IT,83103.2
4963,Berger,Christian,IT,80519.71
4584,Gallagher,Cameron,IT,79436.11
4975,Preston,Cynthia,IT,69179.63
4854,Perez,Christopher,IT,68285.09
4989,Carrillo,Catherine,IT,61207.99
4683,Smith,Christian,Legal,123885.39
4648,Robinson,Candice,Legal,121661.86
4706,Walker,Cynthia,Legal,102194.05
4698,Christensen,Craig,Legal,93842.59
4924,Bryant,Charles,Legal,86933.24
4510,George,Cynthia,Legal,86653.9
4638,Davis,Christian,Legal,81136.66
4014,Simpson,Cathy,Legal,80314.08
4089,Perez,Christopher,Legal,77634.55
4866,Gilbert,Christopher,Legal,68453.85
4768,Norris,Christina,Legal,68451.76
4116,Perez,Colin,Legal,65737.45
4839,Garrett,Cheryl,Marketing,99081.98
4672,Smith,Christopher,Marketing,85300.03
4580,Dunn,Christina,Marketing,82625.89
4511,Spears,Chelsey,Marketing,77176.82
4377,Mcclain,Colleen,Marketing,72026.36
4762,Jones,Chad,Marketing,70631.99
4907,Young,Cole,Marketing,69770.87
4313,Nelson,Christopher,Marketing,67208.34
4021,Sanchez,Connie,Marketing,65543.86
4911,Woodward,Courtney,Marketing,54795.84
4006,Sanchez,Candice,Marketing,52889.68
4191,Riddle,Christine,Sales,88395.66
4091,Fox,Christopher,Sales,87924.81
4675,Rodriguez,Christine,Sales,85873.61
4831,Garcia,Casey,Sales,85127.81
4458,Barber,Charles,Sales,81195.98
4741,Peterson,Christine,Sales,80924.29
4462,Brown,Cody,Sales,75685.19
4020,Rivera,Cynthia,Sales,74636.78
4011,Orr,Carlos,Sales,70350.64
4922,Hardy,Catherine,Sales,68285.32
4425,Hernandez,Connie,Sales,67198.94
4620,Roberts,Courtney,Sales,63622.25
4668,Barnett,Christopher,Sales,62857.65
4205,Smith,Carolyn,Sales,50938.05
4470,Dixon,Cheryl,Sales,45620.83
4712,Bowman,Christopher,Support,71378.83
4927,White,Charles,Support,71287.9
4481,Horton,Christopher,Support,67500.74
4847,Tucker,Cynthia,Support,66804.44
4680,Davis,Christine,Support,65876.93
4576,Vasquez,Chad,Support,64228.2
4791,Riggs,Candice,Support,60313.34
4697,Harris,Craig,Support,55532.0
4765,Johnston,Courtney,Support,55279.42
4355,Williams,Christopher,Support,48288.94
4314,Wallace,Crystal,Support,47652.46
4315,Hines,Christine,Support,46917.27
4267,Tucker,Christina,Support,45378.44
5665,Boyd,Daniel,Engineering,113363.31
4298,Payne,David,Engineering,119304.87
5500,Luna,Diane,Engineering,111275.67
4165,Cantrell,David,Engineering,111189.19
5100,Reed,Devin,Engineering,111201.09
4442,Farley,Dorothy,Engineering,107018.77
5675,Smith,Dawn,Engineering,109606.52
4491,Webb,David,Engineering,102610.7
5381,Moreno,Daniel,Engineering,92647.71
4012,Miller,Donna,Engineering,102523.95
5760,Ortiz,Denise,Engineering,84371.67
4494,Vasquez,Daniel,Engineering,101937.11
5088,Peters,Deborah,Engineering,83087.17
4884,Johnson,Daniel,Engineering,94200.82
5754,Thomas,Dennis,Engineering,75568.38
4067,Perez,Don,Engineering,93099.31
5874,Khan,Daniel,Engineering,69127.26
4319,Reed,David,Engineering,89551.08
5474,Mooney,Deborah,Engineering,67733.79
4811,Wilson,David,Engineering,83040.52
5445,Oliver,Debra,Engineering,65569.62
4998,White,David,Engineering,80133.21
5783,Sherman,David,Finance,106674.29
4582,Smith,Daniel,Engineering,79913.06
5924,Case,David,Finance,105789.05
4933,Oliver,Daniel,Engineering,75934.8
5139,Ross,Debra,Finance,102819.4
4653,Jones,Dalton,Engineering,67086.65
5456,Hays,Desiree,Finance,99499.86
4060,Hamilton,David,Finance,104425.19
5374,Johnson,Dillon,Finance,94932.27
4056,Cummings,Derrick,Finance,96407.84
5913,Montoya,Deborah,Finance,92666.74
4364,Gonzalez,David,Finance,91767.09
5362,Hawkins,Donald,Finance,92563.37
4224,Booth,Danielle,Finance,83607.91
5626,Lewis,Drew,Finance,80358.16
4192,Ibarra,Daniel,Finance,83285.59
5316,Woods,Dennis,Finance,63321.33
4837,Brown,Derek,HR,85514.44
5215,Gomez,Dawn,Finance,56418.51
4630,King,David,HR,84208.9
5684,Johnson,David,HR,84860.35
4264,Fisher,Debra,HR,62197.15
5158,Stein,Daniel,HR,80162.71
4036,Wilson,Donna,HR,57129.76
5965,Hall,Danny,HR,69073.06
4163,Brewer,David,HR,54388.61
5466,Christensen,David,HR,65547.62
4076,Howell,Diana,HR,53318.96
5482,Bridges,Darlene,HR,64892.43
4456,Garcia,David,HR,52359.2
5648,Gonzalez,Daniel,HR,57383.25
4336,Myers,Deanna,IT,108951.17
5507,Castillo,Danielle,HR,52509.42
4296,Gonzalez,Dawn,IT,106831.8
5269,Harvey,David,IT,104933.74
4721,Jones,Donald,IT,105442.11
5892,Mercado,David,IT,99682.65
4718,Mays,Daniel,IT,104461.97
5089,Bradley,David,IT,97239.59
4934,Todd,Drew,IT,101242.17
5196,Jones,Douglas,IT,95160.31
4822,Calderon,Daniel,IT,74085.86
5979,Byrd,Daniel,IT,94905.42
4246,Fischer,Donald,IT,68176.33
5447,Roberts,Dawn,IT,84974.45
4499,Williams,David,IT,67077.29
5416,Sanchez,Derrick,IT,77348.19
4311,Rodriguez,David,Legal,117581.72
5680,Hicks,Daniel,IT,67315.99
4062,Phillips,Danielle,Legal,114894.81
5267,Mckinney,Devin,IT,67007.58
4183,Morales,David,Legal,112644.19
5682,Haas,David,IT,66146.1
4198,Stanley,Devin,Legal,101349.14
5810,Hardy,Donald,Legal,117902.61
4832,Brown,Dustin,Legal,86620.95
5571,George,Danielle,Legal,111406.8
4022,Ortega,Deanna,Legal,85437.58
5016,Mitchell,Daniel,Legal,109528.78
4686,Henderson,Diane,Legal,76431.22
5141,Harvey,Danielle,Legal,88341.56
4449,Nelson,Dana,Legal,68334.37
5750,Vasquez,Dawn,Legal,86127.3
4709,Wright,Dennis,Legal,68171.1
5944,Roberts,Daniel,Legal,81838.0
4484,Stevenson,Debbie,Legal,66627.32
5596,Simmons,Dawn,Legal,81439.67
4759,Brown,Dominique,Marketing,97608.38
5900,Davidson,Donna,Legal,78894.97
4218,Dougherty,David,Marketing,94278.54
5122,Pitts,Dylan,Marketing,99451.41
4164,Jackson,David,Marketing,80043.99
5697,Baldwin,Daniel,Marketing,94026.57
4400,Watson,Dylan,Marketing,78167.09
5331,Dunn,Dominic,Marketing,91863.62
4793,Gutierrez,Donald,Marketing,76222.78
5060,Ayala,Dustin,Marketing,80693.05
4122,Sanford,Danielle,Marketing,75138.98
5857,Green,Dominic,Marketing,80252.7
4363,Davenport,Darlene,Marketing,72291.65
5863,Gilmore,Danielle,Marketing,79873.63
4256,Walters,Dana,Marketing,67901.71
5230,Watkins,Daniel,Marketing,72960.02
4106,Jimenez,Darin,Marketing,63638.51
5649,Wood,Daniel,Marketing,72031.85
4027,Green,Diane,Marketing,62747.27
5729,Becker,Darren,Marketing,71869.43
4404,Leon,Deanna,Marketing,60741.46
5864,Fuller,David,Marketing,63325.97
4227,Tate,Dave,Sales,87419.56
5071,Stevenson,Douglas,Marketing,61738.22
4293,Oneill,Devin,Sales,84163.11
5739,Pugh,David,Sales,86087.49
4288,Garner,Donald,Sales,84145.4
5109,Turner,David,Sales,74803.68
4521,Wyatt,Donald,Sales,80849.7
5989,Gibson,David,Sales,65337.27
4670,Perez,Danielle,Sales,76254.89
5432,Hill,David,Sales,61328.39
4626,Rangel,Douglas,Sales,66101.84
5286,Hernandez,David,Sales,59981.87
4519,Gordon,Daniel,Sales,58418.38
5573,Stephens,Donald,Sales,56010.36
4850,Gordon,Denise,Sales,56032.18
5985,Ochoa,Denise,Sales,54685.07
4208,Diaz,Dennis,Sales,54038.71
5338,Schultz,Dominic,Sales,53953.62
4329,Gross,David,Sales,53551.17
5110,Peters,Diane,Support,75298.4
4306,Reed,Daniel,Sales,49915.71
5619,Kelley,Daniel,Support,68116.12
4615,Jones,Derek,Sales,49611.76
5815,Rodriguez,Debra,Support,61838.83
4527,Shaffer,Dawn,Sales,45794.52
5624,Romero,Dylan,Support,61246.05
4270,Fitzgerald,Danielle,Support,77244.3
5489,Robinson,Daniel,Support,60029.91
4995,Fowler,Diane,Support,75987.15
5194,Davis,Diane,Support,58516.02
4468,Mann,Douglas,Support,72853.89
5379,Miller,Diane,Support,54578.43
4902,Rios,Devin,Support,66800.14
5879,Salazar,Denise,Support,54308.39
4605,Bell,David,Support,66560.95
2105,Booth,Denise,Engineering,119067.25
15578,Perry,David,Engineering,116070.14
11283,Cline,David,Engineering,119230.6
4729,Brown,Donald,Support,66423.23
2107,Perez,Daniel,Engineering,115280.44
15998,Patterson,Daisy,Engineering,112220.44
11073,Lawrence,Daniel,Engineering,112325.25
4572,Weber,David,Support,60990.48
2614,Alexander,Danielle,Engineering,104624.56
15861,Murray,Donna,Engineering,109331.31
11267,Hill,Dwayne,Engineering,103782.19
4258,Shaw,Darrell,Support,60531.22
2085,Curry,Deborah,Engineering,99111.48
15700,Miller,Dylan,Engineering,101561.8
11877,Arias,Doris,Engineering,95842.26
4153,Barnes,David,Support,54638.2
2475,Monroe,Danielle,Engineering,81708.48
15074,Taylor,Danielle,Engineering,90460.38
11806,Nixon,David,Engineering,94000.48
4556,Moore,Dylan,Support,51295.52
2802,Cruz,Deanna,Engineering,70005.14
15527,Hayes,David,Engineering,89821.22
11587,Atkins,Daniel,Engineering,93221.04
4779,Anderson,Dustin,Support,48943.93
2271,Whitehead,Douglas,Finance,109540.75
15262,Ryan,Donald,Engineering,86250.31
11495,Mueller,David,Engineering,89560.71
4448,Dunn,David,Support,47379.61
2208,Walker,Deanna,Finance,105604.55
15825,Dickson,Danielle,Engineering,85659.34
11236,Lester,Devon,Engineering,83053.23
13503,Davis,Danielle,Engineering,118133.76
2020,Rodriguez,Derek,Finance,100177.41
15864,Adams,Dustin,Engineering,85619.45
11224,Wagner,Duane,Engineering,62861.73
13391,Carey,Debra,Engineering,111516.6
2213,Taylor,Daniel,Finance,90332.34
15250,Jones,Dana,Engineering,83732.89
11362,Curtis,Devon,Finance,109637.2
13664,Hardin,Desiree,Engineering,107566.29
2780,Hoffman,Douglas,Finance,87766.28
15942,Richardson,Daniel,Engineering,83449.98
11613,Lawrence,Derek,Finance,101932.64
13730,Carr,Darryl,Engineering,99914.82
2233,Proctor,Dustin,Finance,84889.7
15570,Blair,David,Engineering,73897.57
11378,Patterson,Darius,Finance,99724.8
13760,Hicks,David,Engineering,98740.48
2093,Morgan,Dominique,Finance,79888.63
15871,Simpson,Daniel,Engineering,61472.46
11923,Rodriguez,David,Finance,81276.12
13268,Garza,David,Engineering,92115.59
2564,Martin,Donna,Finance,74947.28
15882,Russo,Derrick,Engineering,60094.34
11189,Grant,David,Finance,80425.51
13245,Griffin,Dawn,Engineering,90853.63
2216,Owens,Daniel,Finance,73906.94
15807,Curtis,Douglas,Finance,96799.03
11771,Flowers,David,Finance,77014.61
13599,Thomas,David,Engineering,90192.23
2760,Perez,Daniel,Finance,71601.63
15762,Marshall,Danielle,Finance,94637.76
11387,Pitts,David,Finance,73658.67
13195,Brennan,Dennis,Engineering,74615.68
2680,Morris,Danielle,Finance,67835.09
15078,Haynes,David,Finance,90410.04
11840,Owens,Daniel,Finance,66698.73
13301,Hall,Diana,Engineering,65647.05
2220,Cruz,Donald,Finance,64857.32
15775,Donovan,Dawn,Finance,84500.8
11762,Graham,David,HR,94264.06
13310,Garza,Darin,Finance,95264.91
2404,Garcia,Derek,Finance,58013.11
15965,Ramirez,David,Finance,64920.87
11901,Sanders,Duane,HR,93195.92
13759,Nelson,Darrell,Finance,94927.56
2387,Berg,Douglas,HR,89896.72
15381,Moore,Dominique,HR,90764.02
11987,Maldonado,David,HR,89254.84
13172,Bright,Daniel,Finance,94249.58
2725,Henderson,David,HR,87630.12
15940,May,Derek,HR,83657.33
11753,Myers,David,HR,89155.01
13487,Bowen,David,Finance,93015.73
2432,Bailey,Debra,HR,81177.78
15734,Bray,Danny,HR,81429.2
11237,Andrade,Dawn,HR,86590.3
13162,May,David,Finance,90185.98
2630,Moore,Daniel,HR,80458.48
15506,Miller,Doris,HR,79647.75
11325,Coleman,Diana,HR,83586.74
13149,Evans,Denise,Finance,86470.54
2474,Cook,Dustin,HR,70624.16
15044,Johnson,Danny,HR,77817.35
11191,Horn,David,HR,79072.53
13982,Ritter,Dale,Finance,80167.01
2292,Moore,Douglas,HR,67133.18
15180,Hess,Daniel,HR,74485.95
11175,Walker,Denise,HR,78679.1
13206,Curry,David,Finance,76584.42
2223,Hill,Darryl,HR,67065.78
15158,Medina,Debra,HR,73025.67
11918,Lewis,Diane,HR,78656.59
13926,Taylor,David,Finance,65490.64
2063,Harrison,Dana,HR,51878.47
15314,Rivera,Damon,HR,67781.53
11295,Wagner,Dawn,HR,69452.26
13636,Payne,David,HR,89980.7
2279,Reeves,David,IT,103356.65
15195,Taylor,Danielle,HR,67407.65
11937,Daniel,Dawn,HR,62310.67
13588,Gilmore,Debra,HR,86850.31
2237,Sims,Deborah,IT,89436.69
15047,Brown,Darren,HR,64624.28
11447,Bell,Dawn,HR,60807.63
13424,Rice,Drew,HR,85275.33
2519,Fuller,David,IT,78317.53
15853,Richards,Debra,HR,59284.56
11327,Banks,David,HR,58905.24
13696,Gonzalez,Dylan,HR,81151.28
2300,Bridges,Deborah,IT,68321.57
15716,Gallagher,Derek,HR,57334.71
11953,Warren,Daryl,HR,53317.47
13547,Casey,Derrick,HR,68487.29
2774,Bell,David,IT,65782.6
15885,Rowe,Denise,IT,105028.13
11228,Ramirez,Derek,IT,114367.2
13572,Kelley,Donna,HR,63837.74
2437,Hill,Daniel,IT,61645.33
15151,Wilson,Drew,IT,102003.2
11401,Nguyen,Daniel,IT,103244.29
13412,Porter,Donald,HR,61227.88
2376,Chapman,Drew,IT,61431.99
15581,Hernandez,Dwayne,IT,80579.28
11415,Patel,Donald,IT,101997.91
13076,Berger,Daniel,HR,52308.29
2169,Lozano,David,Legal,113092.18
15162,Brooks,David,Legal,119434.81
11168,Reese,David,IT,101165.88
13225,Howard,Denise,HR,50773.34
2098,Everett,Danielle,Legal,112626.9
15054,Cowan,Diamond,Legal,115597.94
11173,Mendoza,David,IT,100896.6
13278,Bailey,David,IT,109911.35
2317,Todd,Daniel,Legal,107290.7
15159,Grant,Dominique,Legal,111731.55
11066,Hoffman,Debra,IT,85265.14
13974,Owens,Dawn,IT,97430.57
2705,Lopez,David,Legal,92631.64
15373,Adams,Daniel,Legal,107985.3
11281,Berry,David,Legal,109299.29
13550,Frye,Debra,IT,94832.69
2505,Johnson,Desiree,Legal,91096.0
15628,Williams,David,Legal,105334.77
11620,Gentry,Debra,Legal,106038.44
13579,Campbell,Donna,IT,91602.39
2344,Hopkins,Danielle,Legal,81259.98
15415,Patel,Daniel,Legal,103260.16
11395,White,Debbie,Legal,97659.53
13544,Taylor,Dennis,IT,84775.58
2897,Higgins,Dean,Legal,77087.03
15664,Lang,David,Legal,90769.79
11681,Howe,Deborah,Legal,96099.57
13706,Phillips,Denise,IT,79698.31
2171,Roberts,David,Legal,75929.28
15660,Williams,Donald,Legal,78270.35
11093,Gross,Deborah,Legal,92025.99
13707,Velez,Dominique,IT,71661.55
2380,Castro,Destiny,Legal,70675.96
15630,Espinoza,David,Legal,74313.59
11316,Green,Dana,Legal,83602.92
13745,Robertson,David,IT,68778.61
2563,Rodriguez,Dawn,Legal,69319.36
15199,Watkins,David,Marketing,98558.91
11959,Taylor,David,Legal,81403.66
13346,Jones,Dakota,IT,68764.97
2420,Hughes,Dylan,Marketing,97191.39
15785,Gordon,Daniel,Marketing,71343.46
11670,Castro,Debra,Legal,74830.74
13526,Johnson,Deanna,IT,61780.41
2534,Price,Daniel,Marketing,96874.63
15111,Colon,Dustin,Marketing,70592.73
11750,Yang,Dawn,Legal,67758.03
13887,Chambers,Dorothy,Legal,120716.07
2733,Calderon,Dana,Marketing,93544.25
15106,Cox,David,Marketing,70205.9
11018,Gonzalez,David,Marketing,90634.26
13682,Garner,Diana,Legal,118964.57
2699,Woodard,Dustin,Marketing,77798.73
15284,Smith,Dustin,Marketing,62474.07
11019,Garcia,Don,Marketing,89778.05
13141,Santos,Derek,Legal,116074.7
2290,Campos,Daniel,Marketing,75361.72
15921,Fletcher,Dennis,Marketing,51053.37
11359,Brown,David,Marketing,84829.28
13557,Roberts,David,Legal,115087.17
2984,Cohen,David,Marketing,72552.72
15176,Best,Dennis,Sales,84524.44
11701,Hutchinson,Dominique,Marketing,84528.45
13280,Rivera,Daniel,Legal,111224.28
2156,West,David,Marketing,71381.76
15355,Thompson,David,Sales,79633.35
11717,Smith,Dawn,Marketing,84522.55
13364,Park,Dana,Legal,91240.06
2183,Gutierrez,Dominique,Marketing,67445.69
15346,Roberts,Derek,Sales,78568.78
11087,Erickson,Donna,Marketing,78544.23
13890,Torres,Destiny,Legal,88269.99
2800,Robinson,David,Marketing,59152.98
15386,Pratt,Daniel,Sales,78103.66
11176,Perez,Dustin,Marketing,77234.99
13676,Rios,Deborah,Marketing,96824.05
2449,Johnson,Daniel,Marketing,58718.8
15395,Vang,Daniel,Sales,76223.46
11827,Jones,David,Marketing,63897.39
13620,Johnson,David,Marketing,82619.4
3000,Ramirez,Debra,Marketing,51697.77
15847,Carr,Devin,Sales,69255.79
11044,Luna,Denise,Marketing,56443.73
13331,Decker,Dustin,Marketing,81999.68
2274,Baldwin,Donna,Sales,89394.53
15710,Chandler,Deborah,Sales,66748.64
11365,Fletcher,Danny,Marketing,54673.13
13492,Martinez,David,Marketing,74910.94
2008,Ho,Dennis,Sales,82481.37
15835,Garcia,Diana,Sales,62432.22
11247,Ortega,Dominique,Marketing,54061.43
13407,Oneill,Dustin,Marketing,74718.57
2075,Stevens,Darius,Sales,78821.83
15292,Farrell,David,Sales,57433.73
11340,Owen,Daniel,Sales,75152.86
13169,Salinas,Diana,Marketing,70834.01
2592,Smith,Donna,Sales,76199.98
15160,Smith,David,Sales,53799.75
11460,Fuller,Daniel,Sales,65524.78
13692,Lee,Daisy,Marketing,67094.48
2668,Carter,Donald,Sales,69444.57
15511,Blevins,David,Sales,46328.66
11333,Barnes,David,Sales,64006.21
13444,Martinez,Darin,Marketing,62586.74
2722,Douglas,Douglas,Sales,68037.47
15972,Jackson,David,Support,78330.06
11352,Miller,Dan,Sales,63017.11
13511,Graham,David,Marketing,56973.54
2268,Garza,Desiree,Sales,67444.1
16000,Smith,Daniel,Support,75587.45
11432,Hernandez,Denise,Sales,48047.23
13247,Washington,David,Sales,89555.94
2381,Nunez,David,Sales,66439.23
15379,Lawrence,Douglas,Support,71233.33
11056,Becker,Derrick,Support,79107.86
13955,Hess,Devin,Sales,88944.51
2456,Vargas,Daniel,Sales,58790.15
15516,Garner,David,Support,70542.36
11049,Brown,Dylan,Support,76734.7
13379,Hughes,Daniel,Sales,80047.25
2465,Martin,David,Sales,53778.17
15462,Roberts,Daniel,Support,61262.51
11574,Brown,David,Support,72350.96
13457,Phelps,Darlene,Sales,52609.08
2748,Weber,Donna,Sales,51807.6
15096,Miller,Dennis,Support,56709.4
11624,Rodgers,Debbie,Support,71922.28
13495,Perry,Diane,Support,79169.83
2561,Brown,Dennis,Sales,48007.86
15063,Perez,Dawn,Support,52769.7
11748,Hartman,David,Support,71694.45
13605,Collins,Darlene,Support,76659.51
2859,Armstrong,Danielle,Sales,45991.59
15380,Sparks,Donna,Support,48075.73
11203,Edwards,David,Support,66785.0
13867,Bell,David,Support,71423.09
2639,Williams,Danielle,Support,67323.36
15833,Wright,Dustin,Support,41961.32
11411,Hill,Dominic,Support,66081.88
13148,Villegas,Donna,Support,70847.89
2608,Kane,Dana,Support,57633.27
11112,Evans,Danny,Support,64814.49
13985,Wise,Danny,Support,68246.36
2293,Gray,Diane,Support,50800.19
11014,Melton,Danielle,Support,59499.58
13226,Wheeler,Debra,Support,67493.97
2339,Foster,Dustin,Support,49356.83
11623,Stewart,Deborah,Support,55809.82
13740,Newton,Diane,Support,65688.64
2150,Wilson,Daniel,Support,45138.09
11921,Stewart,Drew,Support,50733.18
13771,Grimes,Douglas,Support,61572.2
2763,Lynn,Donna,Support,40182.45
11501,Torres,Daniel,Support,48436.69
13772,Nguyen,Deborah,Support,55087.64
14382,Smith,David,Engineering,118145.52
11817,Weber,Dawn,Support,46576.85
13259,Hall,David,Support,50446.95
14748,Howard,Daniel,Engineering,114743.94
11114,Alvarez,David,Support,46524.9
13265,Whitney,Dennis,Support,47182.05
14764,Rubio,Donna,Engineering,108990.87
11539,Diaz,Dennis,Support,45035.27
13866,Nguyen,David,Support,43372.68
14058,Holland,Dennis,Engineering,106734.96
11746,Cline,Donald,Support,44824.76
13288,Kelley,Dennis,Support,42741.32
14070,Roman,David,Engineering,97143.58
11023,Juarez,Dylan,Support,42846.83
7427,Martinez,David,Engineering,119123.16
14611,Lowe,Darren,Engineering,94940.47
11716,Payne,Denise,Support,41092.85
7949,Dennis,Derrick,Engineering,116828.21
14690,Thomas,David,Engineering,71223.61
9866,Davis,Daniel,Engineering,115406.83
7114,Jones,Darrell,Engineering,110737.58
14331,Trevino,David,Engineering,69179.75
9944,Foster,Debra,Engineering,112523.07
7259,Hernandez,Daniel,Engineering,105112.01
14620,Richards,Deanna,Engineering,65445.76
9684,Bradford,Danielle,Engineering,100897.64
7887,Johnson,David,Engineering,96664.91
14627,Simpson,Donald,Engineering,62211.52
9535,Le,Debra,Engineering,100749.1
7332,Sexton,Deborah,Engineering,89477.84
14949,Anthony,Douglas,Finance,100731.76
9599,Chambers,Debra,Engineering,100198.23
7176,Hayes,David,Engineering,87333.27
14937,Moyer,Dalton,Finance,99030.27
9509,Long,Donald,Engineering,89463.25
7900,Valdez,Danielle,Engineering,86434.6
14776,Pierce,Douglas,Finance,95487.39
9403,Morales,Donna,Engineering,88241.54
7527,Mcmillan,Donald,Engineering,83485.53
14849,Moore,David,Finance,92368.98
9712,Mercer,Dakota,Engineering,78603.73
7917,Lopez,Deborah,Engineering,78659.37
14453,Peck,Dylan,Finance,91658.62
9417,Melendez,Danny,Engineering,78526.35
7471,Larson,Destiny,Engineering,72049.2
14027,Brown,Daniel,Finance,85831.38
9984,Russell,David,Engineering,77825.15
7424,Nelson,Dakota,Engineering,71209.23
14947,Dillon,Donald,Finance,69916.08
9455,Richard,Diane,Engineering,68737.81
7835,Dawson,Douglas,Engineering,61292.84
14513,Yu,Danielle,Finance,65839.86
9904,Robinson,Daniel,Finance,100013.88
7956,Brown,Daniel,Finance,100091.75
14341,Lynch,Deborah,Finance,59514.87
9657,White,David,Finance,93132.38
7543,Jones,David,Finance,87796.14
14406,Franklin,Danny,HR,92864.87
9903,Herrera,Deanna,Finance,91594.57
7500,Maynard,Deanna,Finance,83296.08
14229,Wilson,Douglas,HR,80820.29
9134,Reyes,Daniel,Finance,91169.44
7525,Bowen,Donna,Finance,78848.71
14972,Duran,Don,HR,79230.69
9055,Miles,David,Finance,90000.94
8000,Cruz,Darrell,Finance,72998.51
14775,Casey,Daniel,HR,72036.96
9170,Christensen,Dawn,Finance,85441.28
7496,Lynch,Donald,Finance,68081.87
14790,Vance,Donald,HR,67546.68
9319,Kelly,Dawn,Finance,84699.45
7085,Russell,Dawn,HR,91675.04
14813,Gonzalez,Darius,HR,65780.78
9733,Simpson,Daniel,Finance,78649.95
7904,Boone,Dylan,HR,81395.8
14572,Ewing,Daniel,HR,64186.64
9883,Lopez,David,Finance,71105.35
7381,Griffin,David,HR,80841.04
14885,Joyce,Darryl,HR,57886.72
9635,Vang,David,Finance,69060.51
7128,Flynn,Dennis,HR,79999.61
14785,Garza,Darryl,HR,52408.46
9593,Walls,Diana,Finance,60824.76
7055,Wagner,Donald,HR,76165.03
14012,Price,David,IT,109045.59
9876,Parker,Debra,HR,93597.5
7879,Wilkerson,Daniel,HR,75093.22
14675,Russell,Donald,IT,104074.74
9719,Cantu,Dana,HR,90590.52
7297,Davis,Danielle,HR,70580.52
14481,Thomas,Desiree,IT,92667.51
9063,Hamilton,Deborah,HR,87337.76
7721,Moore,David,IT,110809.22
14633,Martin,Deborah,IT,85417.54
9622,Palmer,Dustin,HR,86877.77
7632,Henry,Derek,IT,109502.82
14275,Moore,Daniel,IT,79051.38
9540,Gutierrez,Daniel,HR,76390.07
7290,Brown,Derek,IT,97966.44
14462,Camacho,Dana,IT,63584.77
9750,Taylor,Dana,HR,68870.0
7254,Murphy,Dawn,IT,95907.48
14126,Johnson,David,Legal,123561.58
9377,Shannon,Danielle,HR,67157.96
7791,Bruce,Dustin,IT,94658.36
14178,Reynolds,David,Legal,122427.07
9386,Farmer,Daniel,HR,65532.32
7836,Baker,Danny,IT,90286.56
14558,Jordan,Daniel,Legal,122056.49
9824,Williams,David,HR,52477.71
7039,Davis,Dalton,IT,80840.27
14108,Howard,Darryl,Legal,113159.0
9590,Davis,Darrell,IT,114169.36
7440,Dalton,Donna,IT,73802.14
14272,Castillo,David,Legal,112927.21
9940,Hudson,David,IT,108712.6
7752,Miller,David,IT,72974.74
14836,Mcgrath,Denise,Legal,110186.49
9073,Harrison,Dawn,IT,90954.73
7769,Kaufman,Diana,IT,72967.62
14877,Meyers,Deanna,Legal,104318.48
9087,Hunter,Dana,IT,89816.31
7429,Mccoy,Dana,IT,69993.73
14954,Crawford,Desiree,Legal,93502.69
9956,Moreno,Dawn,IT,87163.89
7311,Hall,Dawn,IT,67544.22
14508,Bell,Dawn,Legal,86423.18
9421,Baker,David,IT,86659.94
7097,Cole,David,IT,65029.77
14607,Mercado,David,Legal,81344.47
9360,Villarreal,Denise,IT,76098.72
7408,Smith,Denise,IT,64947.68
14560,Greer,Desiree,Legal,77087.83
9006,Taylor,Deborah,IT,71515.9
7417,Atkinson,Daniel,Legal,106119.4
14864,Smith,Darlene,Legal,75075.64
9149,French,Donald,IT,69056.53
7821,Frey,Derek,Legal,102263.44
14158,Johnson,Duane,Marketing,97702.74
9886,Townsend,David,IT,63143.65
7858,Roy,Dana,Legal,79681.93
14828,Padilla,Daniel,Marketing,85869.75
9513,Harvey,David,IT,60882.86
7719,Thomas,Daryl,Legal,76393.19
14100,Anderson,Darrell,Marketing,85204.42
9023,Mcfarland,Dean,Legal,124409.94
7753,Campbell,Debra,Legal,73115.59
14098,Robbins,Donna,Marketing,67431.14
9672,Harris,David,Legal,118660.01
7463,Powers,David,Marketing,91326.2
14486,Miller,Debra,Marketing,66611.27
9032,White,Daniel,Legal,116903.77
7504,Adams,Dylan,Marketing,86036.09
14414,Lynn,Diane,Sales,88476.95
9827,Foster,Danny,Legal,115237.94
7706,Davis,David,Marketing,81388.76
14779,Harris,Derek,Sales,83822.69
9852,Simpson,David,Legal,111510.6
7453,Rodgers,Daniel,Marketing,76807.09
14445,Barnes,Diana,Sales,82967.13
9588,Ramsey,Dylan,Legal,105700.52
7346,Perry,David,Marketing,66211.09
14422,Le,David,Sales,81662.31
9805,Gonzales,Donna,Legal,98049.59
7434,Patel,David,Marketing,59798.85
14985,Morgan,Dawn,Sales,71296.06
9112,Baxter,Daniel,Legal,80706.82
7930,Sexton,Dennis,Marketing,51527.08
14434,Yu,Donald,Sales,59504.24
9043,Holmes,Daniel,Marketing,97299.07
7717,Silva,David,Sales,87573.42
14189,Turner,Daniel,Sales,57043.68
9289,Fuentes,Douglas,Marketing,93687.62
7469,Martin,Derek,Sales,81610.08
14602,White,Denise,Sales,50685.84
9771,Salinas,Daniel,Marketing,88345.42
7115,Ballard,David,Sales,66251.29
14646,Henderson,David,Support,74005.73
9600,Ross,David,Marketing,86145.16
7944,Black,Denise,Sales,63073.69
14155,Moon,David,Support,73404.26
9048,Lambert,Derrick,Marketing,79537.03
7686,Raymond,Donna,Sales,62690.56
14562,Smith,Debbie,Support,60968.4
9840,Blackwell,Dylan,Marketing,72319.98
7200,Hayden,Dennis,Sales,53556.71
14600,Lowe,Dustin,Support,58810.23
9038,Harvey,Daniel,Marketing,69153.98
7490,Nguyen,David,Sales,51910.28
14003,Jackson,David,Support,58749.35
9004,Garrison,Denise,Marketing,66797.12
7508,Watkins,Danny,Support,79003.13
14650,Edwards,Diana,Support,57987.04
9794,Delgado,David,Marketing,64783.16
7990,Russell,David,Support,76478.02
14643,Lee,Darryl,Support,56077.97
9973,Wells,David,Marketing,60940.2
7938,Price,Diane,Support,74471.33
9152,Reyes,Daniel,Marketing,56092.43
7986,Shaffer,Dawn,Support,67199.46
9996,Freeman,David,Marketing,52689.9
7772,Berry,Dennis,Support,66720.16
9249,Sampson,David,Sales,81294.7
7838,Rivera,Dustin,Support,60125.18
9695,Graham,Daniel,Sales,79138.64
7016,Heath,Diana,Support,49581.06
9970,Robinson,Diane,Sales,77711.03
7292,Bailey,Dana,Support,40272.0
9787,Lewis,Donald,Sales,49424.67
10891,Wiggins,Don,Engineering,118565.03
9685,Raymond,Daniel,Support,78524.06
10251,Love,Deborah,Engineering,102999.11
9189,Smith,Deanna,Support,73892.31
10655,Ramirez,Dylan,Engineering,101091.53
9150,Stone,Daniel,Support,73565.3
10078,Olson,Deborah,Engineering,98944.86
9779,Sosa,David,Support,68216.4
10463,Richmond,Duane,Engineering,84552.79
9952,Hart,Daniel,Support,68077.09
10671,Myers,Derek,Engineering,82686.51
9158,Hall,Deborah,Support,67233.69
10238,Vaughn,Diana,Engineering,82354.76
9630,Johnson,David,Support,66917.86
10250,Dixon,Dustin,Engineering,72449.7
9806,Hughes,Douglas,Support,63820.69
10632,Castillo,Dillon,Engineering,67847.85
9420,Landry,Debra,Support,63305.2
10149,Tanner,David,Engineering,62698.36
9171,Bean,David,Support,62504.76
10452,Bell,Denise,Finance,102944.45
9431,Johnson,Dana,Support,62327.75
10054,Harrison,Daniel,Finance,101350.59
9596,Ramirez,Dana,Support,58602.22
10715,Rojas,Debbie,Finance,100396.7
9913,Moore,Donna,Support,58241.99
10829,Church,Derrick,Finance,97444.94
9563,Thomas,Danny,Support,56769.25
10635,Martin,David,Finance,89470.54
9165,Glenn,Derrick,Support,56463.75
10113,Smith,Donna,Finance,84990.16
9658,Munoz,David,Support,52484.2
10867,French,Dustin,Finance,79618.18
9680,Snow,Daniel,Support,51205.62
10285,Mccormick,Daniel,Finance,74199.59
9012,Walton,Dawn,Support,40685.57
10119,Pena,Deanna,HR,94757.79
12485,Butler,Danny,Engineering,114999.49
10531,Wagner,Deborah,HR,91395.93
12158,Ellis,Dustin,Engineering,114890.78
10152,Yoder,Daniel,HR,81559.72
12068,Alvarado,Denise,Engineering,89730.19
10433,Burns,Dennis,HR,71335.87
12251,Shepherd,Daniel,Engineering,72718.89
10910,Hodges,Dean,HR,69616.41
12916,Dunn,Dawn,Finance,105072.04
10746,Lee,Debra,HR,68714.35
12532,Green,Douglas,Finance,102799.28
10402,White,Dylan,HR,64620.31
12362,Trujillo,Dana,Finance,101883.67
10194,Barnett,Daniel,HR,60346.21
12718,Stevenson,Derek,Finance,100493.04
10653,Chen,David,HR,58795.39
12551,Combs,Danielle,Finance,99161.95
10920,Williams,David,HR,57609.59
12483,Jordan,Derrick,Finance,79538.38
10459,Hamilton,David,HR,53297.92
12945,Richmond,Dennis,Finance,77881.96
10127,Fuller,David,HR,51816.07
12759,Day,Daniel,Finance,75387.56
10158,Craig,Daniel,IT,114735.63
12831,King,Deborah,Finance,68821.42
10315,Welch,Dustin,IT,92264.59
12363,Allen,Danielle,Finance,68566.66
10890,Reynolds,Dustin,IT,89396.32
12101,Gonzalez,Denise,Finance,64836.74
10770,Allen,David,IT,84946.23
12441,Monroe,David,Finance,62592.76
10574,Anderson,Donald,Legal,116923.01
12043,Wang,Diane,Finance,60468.79
10105,Smith,David,Legal,114648.25
12369,Brooks,Debra,Finance,57062.17
10004,Flores,Diana,Legal,112949.72
12919,Miller,David,HR,91604.1
10146,Williams,David,Legal,105266.13
12907,Robinson,Dominic,HR,91534.27
10654,Dougherty,Dylan,Legal,101337.9
12856,Wilson,Dylan,HR,81347.92
10837,Compton,Darryl,Legal,97253.53
12696,Lester,Dale,HR,79289.02
10108,Lee,Debra,Legal,96189.14
12601,Solomon,Daniel,HR,77307.63
10657,Gomez,Derek,Legal,92669.93
12875,Bailey,Destiny,HR,74245.15
10120,Baker,Duane,Legal,66616.62
12892,Chavez,Dillon,HR,61645.72
10363,Pierce,Darrell,Marketing,99949.84
12605,Donovan,Daisy,IT,110581.47
10755,Castillo,Denise,Marketing,97884.08
12812,Day,David,IT,109083.77
10418,Obrien,Debbie,Marketing,90829.79
12766,Garcia,Danielle,IT,104701.69
10995,Davis,Donna,Marketing,84049.08
12254,Grant,Donald,IT,95903.56
10963,Hall,David,Marketing,73672.69
12198,Edwards,Daniel,IT,80132.21
10642,Gray,Daniel,Marketing,71534.85
12450,Crane,Darrell,IT,63937.63
10115,Harris,Donna,Marketing,65320.61
12671,Adams,Diana,IT,60447.64
10997,Duncan,Donald,Marketing,56422.39
12564,Ortega,David,Legal,124980.65
10621,Byrd,Donna,Marketing,55541.16
12517,Mcconnell,Denise,Legal,112742.42
10370,Hamilton,Daniel,Marketing,52088.0
12751,Carlson,Diana,Legal,110599.35
10767,Johnson,Donald,Marketing,50594.61
12463,Costa,Dawn,Legal,105710.68
10496,Santiago,Diana,Sales,85543.11
12629,Chapman,Debbie,Legal,101652.41
10266,Mckinney,David,Sales,83407.78
12798,Hamilton,David,Legal,97742.38
10439,Gilbert,David,Sales,80049.11
12454,Keller,Donald,Marketing,86760.15
10147,Romero,Denise,Sales,74542.47
12841,Rivers,Dominique,Marketing,79319.63
10800,Berg,Daniel,Sales,73535.04
12306,Frank,David,Marketing,70235.94
10668,Moreno,David,Sales,73339.68
12732,Chaney,Danielle,Marketing,61982.99
10904,Martin,Donna,Sales,66090.81
12547,Lopez,Drew,Sales,88279.3
10786,Martinez,Darrell,Sales,50796.4
12731,Wiggins,Donna,Sales,83252.86
10466,Thompson,Dustin,Sales,48672.37
12568,Knapp,David,Sales,71559.29
10419,Roberts,Darren,Support,74967.44
12520,Hanson,Debbie,Sales,66791.45
10361,Johnston,Daniel,Support,63081.69
12863,Juarez,Deborah,Sales,61393.02
10969,Alvarado,Dillon,Support,59845.62
12037,Brown,Donna,Sales,60404.32
10830,Pruitt,David,Support,59417.7
12571,Lee,Dennis,Sales,53867.98
10313,Romero,David,Support,59091.79
12998,Rodriguez,Daniel,Sales,53741.29
10990,Chapman,David,Support,57941.31
12623,Powers,Diana,Sales,46494.15
10334,Owens,Daniel,Support,53721.31
12719,Vargas,Dana,Support,70153.68
10424,Caldwell,Danielle,Support,53212.18
12381,Martin,Diane,Support,61804.62
10165,Anderson,Daniel,Support,48254.16
12843,Greene,Dillon,Support,57669.35
10022,Hamilton,Deborah,Support,46325.78
12264,Coffey,Daniel,Support,54281.19
10875,Jones,Debbie,Support,44579.29
12115,House,Duane,Support,44631.35
10637,Arias,Darren,Support,43713.94
3699,Howell,Donald,Engineering,119275.3
10128,Parker,David,Support,42185.87
3484,Rivers,David,Engineering,111420.42
859,Johnson,Daniel,Engineering,116491.02
3408,Johnson,Daniel,Engineering,107467.97
897,Cooper,David,Engineering,116447.71
3423,Castillo,David,Engineering,103782.88
951,Irwin,Diana,Engineering,114783.43
3059,White,Danny,Engineering,100345.85
845,Logan,Danielle,Engineering,113972.89
3756,Williams,David,Engineering,98991.23
359,Cohen,Donald,Engineering,112124.71
3044,Roberson,David,Engineering,93518.65
525,Ruiz,Daniel,Engineering,88145.41
3428,Braun,David,Engineering,88712.08
70,Kramer,Destiny,Engineering,80128.9
3852,Long,Drew,Engineering,86550.68
146,Baker,David,Engineering,78455.71
3360,Hoffman,Derek,Engineering,85940.24
500,Williams,Darlene,Engineering,77244.01
3527,Hahn,David,Engineering,82359.09
914,Snow,Debra,Engineering,71717.94
3585,Williams,David,Engineering,80218.68
790,Castillo,David,Finance,100531.61
3576,Walton,Donald,Engineering,78731.21
409,Barton,David,Finance,95564.64
3615,Watson,Donald,Engineering,77418.47
174,White,David,Finance,93808.19
3118,King,Danielle,Engineering,66502.09
180,Gonzalez,Diane,Finance,77319.94
3020,Ramsey,David,Engineering,66440.68
943,Hayes,Don,Finance,56740.61
3833,Morris,Dustin,Engineering,64441.31
618,Johnson,Douglas,Finance,55022.69
3717,Ochoa,David,Engineering,63806.13
735,Mcdowell,Danny,HR,91316.26
3036,Mclaughlin,Deborah,Finance,108757.51
194,Perez,Dustin,HR,90890.42
3700,Booker,Diane,Finance,100286.02
642,Robinson,David,HR,87147.38
3241,Wise,David,Finance,91962.06
538,Salas,Devon,HR,76515.32
3385,Mclaughlin,David,Finance,88490.98
823,Rodriguez,Deborah,HR,63126.55
3739,Bishop,Danielle,Finance,85550.34
574,Gonzales,David,HR,61928.07
3857,Freeman,Donald,Finance,85048.88
67,Hall,Debbie,HR,59443.49
3626,Galvan,Dennis,Finance,81356.88
734,Yoder,Dennis,IT,108136.28
3542,Frank,Deborah,Finance,65250.19
110,Aguirre,Dominic,IT,107555.56
3720,Romero,Desiree,Finance,63371.83
396,Oneill,Donna,IT,105573.7
3024,Ford,Derrick,HR,91976.97
404,Cooper,Dennis,IT,103695.85
3084,Rowe,Debbie,HR,86475.96
45,Esparza,Daniel,IT,100699.86
3389,Brown,David,HR,84421.19
76,Jenkins,Derrick,IT,100033.95
3376,Jenkins,Danny,HR,82336.93
92,Duran,David,IT,99220.02
3814,Adkins,Danielle,HR,81272.19
597,King,Derek,IT,90033.68
3917,Brady,David,HR,77588.67
278,Harrington,David,IT,87190.6
3108,Boyd,David,HR,74247.64
377,Wise,Deborah,IT,84928.32
3690,Sandoval,Debra,HR,59239.82
799,Hughes,Danielle,IT,76961.38
3878,Cabrera,Debra,HR,56399.1
120,Craig,David,IT,71316.78
3915,Silva,Devon,HR,55886.0
450,Bennett,Destiny,Legal,123213.82
3573,Jackson,Daniel,HR,55443.04
966,Baker,David,Legal,121816.55
3759,Cooper,Dana,HR,53638.86
967,Martinez,Diane,Legal,118707.34
3358,Torres,Daniel,IT,113749.57
160,Cisneros,Danielle,Legal,117535.77
3077,Keith,Desiree,IT,109089.66
300,Rodriguez,Dawn,Legal,112090.63
3352,Warren,Daniel,IT,101263.77
422,Silva,David,Legal,111298.76
3253,Blankenship,Donald,IT,81904.27
783,Christensen,Douglas,Legal,110294.93
3175,Duncan,David,IT,77780.43
698,Lopez,Darlene,Legal,104990.49
3501,Kane,Deborah,IT,70088.92
986,Rodriguez,Dale,Legal,101757.14
3628,Wyatt,David,IT,68987.12
123,Hunter,Daniel,Legal,95383.06
3623,White,Debra,IT,65937.58
889,Valdez,Daniel,Legal,95132.36
3303,Mills,Diane,IT,61290.52
879,Ward,Dean,Legal,94578.75
3260,Weaver,Douglas,Legal,122543.78
305,Nelson,David,Legal,92494.17
3396,Morris,Dustin,Legal,102050.03
27,Perkins,Daniel,Legal,90626.28
3220,Gibson,Danny,Legal,99142.49
284,Curtis,Denise,Legal,90123.29
3226,Rodriguez,Daniel,Legal,98338.3
816,Marks,Donald,Legal,86212.11
3513,Flynn,Daniel,Legal,95271.75
690,Grimes,Deborah,Legal,76015.48
3275,Hubbard,David,Legal,94616.7
273,Le,David,Legal,74114.36
3336,Lewis,Daniel,Legal,92936.86
606,Stone,Daniel,Legal,67636.23
3813,Frank,Daniel,Legal,90754.2
286,Bradshaw,Donna,Marketing,96211.64
3016,Williams,Deborah,Marketing,99805.55
429,Anderson,Darren,Marketing,92347.81
3608,Thomas,Diana,Marketing,99044.88
445,Reid,Dawn,Marketing,86033.97
3889,Parsons,Donald,Marketing,83365.95
931,Campbell,Dawn,Marketing,80349.17
3448,Smith,Dawn,Marketing,78264.56
241,Beck,Deborah,Marketing,75077.5
3617,Taylor,Darin,Marketing,74521.93
132,Salazar,Denise,Marketing,72094.0
3467,Schmitt,Dillon,Marketing,66803.25
556,Hernandez,Deborah,Marketing,67533.51
3897,Hill,Daniel,Marketing,66323.4
337,Ramos,Donald,Marketing,67498.81
3296,Arias,David,Marketing,53409.96
391,Smith,Debbie,Marketing,55855.87
3346,Johnson,Dennis,Marketing,52850.45
763,Burnett,David,Sales,84815.63
3087,Lawrence,Derrick,Sales,83887.81
858,Clark,Donna,Sales,58628.01
3862,Keller,Douglas,Sales,79112.31
674,Long,Diane,Sales,56894.11
3146,Collins,Diane,Sales,76917.18
691,Brown,David,Sales,56423.95
3825,Martin,Deborah,Sales,75664.09
405,Bullock,Denise,Sales,46350.34
3523,Villegas,Dustin,Sales,72184.24
348,Erickson,David,Support,77686.84
3173,Peterson,David,Sales,67354.95
743,Woods,David,Support,77412.6
3819,Carroll,Diana,Sales,66874.91
801,Wagner,Diana,Support,73185.74
3768,Scott,David,Sales,65763.32
837,Hansen,Daniel,Support,70820.64
3736,Weaver,Deborah,Sales,63805.38
416,Dennis,Deborah,Support,70606.93
3821,Bell,Dylan,Sales,61452.14
542,Floyd,Devin,Support,59636.39
3581,Cox,Dana,Sales,58578.11
554,Espinoza,David,Support,58025.9
3246,Lopez,Daniel,Sales,56483.03
451,Powers,Danielle,Support,56460.35
3991,Evans,Deborah,Sales,50168.54
995,Hernandez,Derek,Support,54344.31
3413,Long,Debra,Sales,48680.3
898,Ellis,Drew,Support,52605.24
3137,Nguyen,Dawn,Sales,45057.01
925,Williams,Derek,Support,48947.73
3622,Burke,David,Support,78100.33
964,Price,Daniel,Support,42788.84
3018,Mora,Diane,Support,76897.68
1432,Knox,Dana,Engineering,115433.99
3051,Brown,Debbie,Support,74597.23
1468,Rodriguez,David,Engineering,103263.59
3746,Garza,Daniel,Support,71300.53
1751,Maldonado,David,Engineering,101508.63
3731,Yu,David,Support,70973.83
1351,Howard,Debbie,Engineering,94604.45
3341,Robinson,Darrell,Support,70215.6
1632,Lowe,David,Engineering,90672.94
3487,Hernandez,Donna,Support,69696.19
1085,Nichols,Dawn,Engineering,89134.13
3199,Holt,Derek,Support,68286.84
1118,Thomas,Danielle,Engineering,89032.13
3023,Jimenez,David,Support,67968.34
1384,May,Dustin,Engineering,83609.19
3201,Taylor,Douglas,Support,65016.71
1547,Ayers,Darrell,Engineering,79921.91
3427,Bell,David,Support,60454.18
1164,Wilson,Douglas,Engineering,62207.06
3711,Davis,David,Support,48686.88
1346,Evans,Dean,Finance,92774.35
3213,Lucero,Daniel,Support,47763.22
1380,Cobb,Deborah,Finance,84476.7
3824,Cisneros,David,Support,47236.41
1554,Perez,Daniel,Finance,83509.65
3773,Brown,Diana,Support,44800.65
1332,Hooper,Daniel,Finance,61111.01
3709,Wang,Diane,Support,42327.51
1114,Reid,Dustin,Finance,55384.67
3096,Brady,Dana,Support,41839.78
1714,Mcbride,Douglas,HR,93284.4
6170,Thompson,David,Engineering,119239.8
1207,Schneider,Danielle,HR,86075.57
6567,Mcfarland,Donald,Engineering,102445.09
1597,Carson,Devin,HR,82820.89
6552,Smith,Daniel,Engineering,100141.94
1262,Robinson,Daniel,HR,79984.33
6351,Ochoa,David,Engineering,79713.28
1233,Glover,David,HR,75724.42
6496,Crawford,Daniel,Engineering,65287.26
1875,Atkinson,Deborah,HR,74835.17
6323,Gonzalez,David,Finance,104880.14
1438,Fernandez,Deborah,HR,73822.35
6441,Young,Daniel,Finance,103629.78
1407,Garcia,David,HR,71967.32
6417,Chen,David,Finance,103512.48
1821,Bell,Dawn,HR,69948.44
6533,Velasquez,David,Finance,99366.53
1345,Harris,Debra,HR,62594.38
6816,Collins,Dana,Finance,86764.28
1797,Young,Danielle,HR,56444.46
6444,Simmons,Devin,Finance,81457.59
1653,Alvarez,David,HR,50190.32
6668,Russo,Debbie,Finance,80258.31
1184,Dominguez,Dana,IT,110185.19
6051,Allison,Dylan,Finance,75863.12
1477,Hayes,David,IT,107579.05
6256,Mcgrath,Dominique,Finance,73007.14
1220,Ortiz,Devin,IT,92669.29
6289,Ray,Daniel,HR,93779.74
1046,Williams,Dana,IT,89944.81
6695,Smith,Debra,HR,80987.26
1189,Holland,Derek,IT,81037.83
6092,Flores,Deanna,HR,80396.16
1070,Merritt,Dennis,IT,78669.47
6758,Yu,Daniel,HR,79233.39
1603,Williams,Derrick,IT,77537.21
6750,Greer,Daniel,HR,78445.15
1360,Jones,Dylan,IT,77236.82
6584,Sweeney,Daniel,HR,77427.67
1422,Cox,Daniel,IT,77170.62
6172,Cooper,Debra,HR,76778.39
1958,Walker,Duane,IT,76388.64
6956,Brown,Donna,HR,75664.77
1960,Nelson,Danny,IT,71220.95
6902,Potter,Daniel,HR,72199.02
1619,Walsh,Debra,IT,62019.29
6528,Schneider,Donald,HR,70201.74
1083,Spencer,Donna,Legal,93767.61
6857,Rivas,Diane,HR,67698.55
1064,Mccann,Dana,Legal,92725.28
6663,Medina,Dwayne,HR,52869.45
1692,Harmon,Diane,Legal,90489.05
6178,Barrera,Dylan,IT,112780.41
1385,Richmond,Daniel,Legal,81012.59
6118,Griffin,Darryl,IT,108047.78
1839,Hampton,Douglas,Legal,80995.04
6090,Hale,Douglas,IT,106558.78
1060,Young,Daniel,Marketing,97451.95
6964,Gutierrez,Derrick,IT,105040.46
1289,Rivera,David,Marketing,92407.58
6008,Taylor,Damon,IT,88843.64
1154,Richardson,Dana,Marketing,92395.25
6343,Woodard,Denise,IT,87071.12
1827,Curtis,Debra,Marketing,91395.54
6945,Anderson,Donald,IT,82955.25
1366,Aguilar,Donna,Marketing,90824.07
6985,Curtis,Dominic,IT,79212.11
1592,Boyd,Dawn,Marketing,90405.25
6606,Crosby,Dana,IT,75680.66
1834,Hodges,David,Marketing,84986.58
6371,Thomas,Dawn,IT,60252.08
1130,Blevins,Dillon,Marketing,82454.57
6670,Gutierrez,Dylan,Legal,120430.93
1947,Harris,David,Marketing,77137.51
6702,Winters,Deborah,Legal,111857.44
1674,Levy,Dustin,Marketing,75307.92
6933,Hudson,David,Legal,109540.61
1922,Jones,David,Marketing,71342.35
6927,Anthony,Daniel,Legal,97652.66
1231,Sweeney,David,Marketing,70095.31
6037,Blackwell,Denise,Legal,90943.09
1521,Day,Daniel,Marketing,67783.86
6212,Thompson,Dylan,Legal,73236.48
1163,Boone,Debra,Marketing,65248.67
6270,Barrett,Derek,Legal,72313.52
1216,King,Dawn,Sales,89496.22
6482,Maxwell,David,Marketing,99876.23
1472,Luna,Daniel,Sales,84178.84
6955,Baldwin,Dale,Marketing,78824.39
1590,Clark,Donald,Sales,83721.04
6111,Cochran,Derrick,Marketing,78120.94
1891,Patterson,Danielle,Sales,77804.02
6779,Ryan,David,Marketing,68570.8
1169,Pierce,Deborah,Sales,72945.14
6458,Phillips,Derrick,Marketing,68363.3
1078,Wilson,David,Sales,71733.32
6491,Choi,Dennis,Marketing,67899.97
1888,Carrillo,Devon,Sales,57138.08
6912,Hicks,Donald,Marketing,67735.7
1578,Tucker,Debra,Sales,55237.04
6123,Johnson,Duane,Marketing,64285.82
1388,Brown,Donald,Sales,52058.88
6419,Green,Dale,Marketing,58608.57
1644,Melton,Daniel,Support,79444.45
6150,Rasmussen,Daniel,Sales,86954.01
1017,Howard,Daniel,Support,78123.92
6225,Frye,Daniel,Sales,86516.71
1682,Fitzgerald,Deborah,Support,75932.92
6612,Jones,Deborah,Sales,79725.61
1272,Salinas,Dawn,Support,63686.53
6229,Lee,Danny,Sales,78624.58
1777,Johnson,Daniel,Support,63215.87
6504,Powell,Daniel,Sales,77307.71
1447,Rose,David,Support,59823.99
6654,Snyder,Darlene,Sales,61724.23
1251,Gonzalez,Derrick,Support,59230.52
6279,Beasley,Dorothy,Sales,54486.53
1316,Banks,Denise,Support,57821.34
6370,Castaneda,Dale,Support,79958.79
1912,Patel,Derrick,Support,49984.24
6468,Davis,Donna,Support,79753.54
1846,Barrett,Devin,Support,44942.92
6215,Mcmahon,Daniel,Support,64077.02
8173,Mooney,David,Engineering,116265.21
6517,Stevens,David,Support,59144.43
8702,Randall,Daniel,Engineering,105993.9
6965,Berg,David,Support,58909.76
8226,Willis,Donna,Engineering,104521.05
6219,Ryan,Daniel,Support,57595.66
8390,Barron,Daniel,Engineering,97226.8
6860,Hamilton,David,Support,53634.51
8421,Williams,Dorothy,Engineering,88608.19
8694,Steele,Derrick,Engineering,81542.89
8535,Lewis,David,Engineering,80960.92
8154,Juarez,Daniel,Engineering,79342.87
8750,White,Dana,Engineering,75010.93
8741,Woods,Donald,Finance,108284.51
8804,Scott,David,Finance,99617.01
8899,Martin,David,Finance,96682.15
8118,Herrera,Danielle,Finance,96331.92
8147,Miller,Debbie,Finance,95033.76
8243,Mcdonald,Donna,Finance,87007.24
8238,Brooks,David,Finance,78232.4
8267,Ayala,David,Finance,63675.8
8663,Oliver,Denise,Finance,55689.08
8085,Webster,David,HR,91266.87
8533,Williams,Dominique,HR,90722.2
8845,Velazquez,Daniel,HR,79286.68
8687,Vang,David,HR,76578.57
8927,Williams,Dustin,HR,75473.08
8819,Walters,Dana,HR,68443.37
8737,Becker,David,HR,65855.91
8606,Porter,Destiny,HR,65255.08
8032,Smith,Deanna,HR,63278.58
8462,Lang,David,HR,56026.75
8575,Hamilton,Dustin,HR,52960.42
8009,Mccoy,David,IT,109687.07
8082,Lewis,Dennis,IT,104837.84
8411,Turner,Daniel,IT,101639.08
8713,Bray,Deborah,IT,97323.26
8844,Smith,Dana,IT,94540.93
8587,Rodriguez,Dustin,IT,89543.25
9000,Wagner,Dean,IT,88296.8
8435,Rodriguez,Donald,IT,72565.78
8489,Hart,Diana,Legal,109844.76
8986,Ochoa,Dennis,Legal,101221.74
8815,Lopez,Darren,Legal,99614.05
8633,Haynes,David,Legal,96896.16
8020,Douglas,Donna,Legal,95868.56
8971,Collins,David,Legal,93990.29
8237,Miller,David,Legal,80353.62
8080,Lopez,Dawn,Legal,76815.12
8727,Hurst,David,Marketing,87420.63
8604,Ortiz,Denise,Marketing,75467.86
8115,Lewis,Deborah,Marketing,64471.25
8681,Combs,David,Marketing,55087.6
8976,Freeman,Derrick,Sales,83095.91
8913,Arnold,Derek,Sales,80268.15
8198,Duncan,David,Sales,67121.25
8710,Brooks,Debra,Sales,56964.18
8314,Blankenship,Destiny,Sales,52686.82
8887,Rice,Dawn,Support,77511.4
8197,Welch,Danielle,Support,76589.81
8158,Valdez,Donna,Support,65409.36
8885,Hernandez,Debbie,Support,58844.16
8387,Hudson,Danielle,Support,55553.21
8349,Hall,Dean,Support,52424.19
8219,Flores,Darius,Support,51954.51
8670,Ramos,Dawn,Support,50961.8
8847,Bell,Dalton,Support,43820.35
15757,Ibarra,Elizabeth,Engineering,108975.31
8286,Miller,Erin,Engineering,108645.73
15241,Martinez,Erika,Engineering,102727.04
8744,Wallace,Emily,Engineering,92996.78
15014,Dalton,Eddie,Engineering,90111.34
8628,Watkins,Elizabeth,Engineering,81289.64
15505,Hull,Elizabeth,Finance,92039.19
8445,Rodgers,Edward,Engineering,70502.74
15949,Johnson,Elizabeth,Finance,84504.25
8229,Glenn,Elizabeth,Finance,105166.63
15399,Rodriguez,Elizabeth,Finance,64710.92
8773,Anderson,Edward,Finance,98577.29
15842,Beltran,Elizabeth,HR,85837.93
8434,Martin,Edward,Finance,88514.79
15834,Carr,Erica,HR,70945.24
8163,Owens,Ellen,Finance,70908.22
15348,Long,Edward,HR,70789.45
8440,Rogers,Edward,Finance,57072.47
15194,Lee,Emily,HR,63486.26
8495,Ryan,Emily,HR,85785.29
15437,Dunn,Elizabeth,IT,107293.43
8073,Paul,Eric,HR,59688.24
15312,Nelson,Edward,IT,106937.27
8092,Gray,Eduardo,HR,52450.14
15745,Hall,Edward,IT,96823.97
8054,Barnes,Eric,IT,101568.44
15626,Morton,Emily,IT,95071.58
8666,Young,Eric,IT,100115.36
15439,Byrd,Elizabeth,IT,75204.46
8618,Jones,Eric,IT,97035.95
15461,Chavez,Erin,IT,64176.92
8159,Johnson,Eric,IT,75794.62
15523,Hernandez,Erin,Legal,107019.22
8549,Jones,Emily,IT,66560.15
15145,Smith,Elizabeth,Legal,97113.44
8953,Carter,Emma,Legal,102132.79
15083,Blair,Erica,Legal,94902.62
8723,Washington,Eric,Legal,95340.26
15913,Anderson,Elizabeth,Legal,65502.04
8230,York,Emily,Legal,77760.34
15169,Allen,Emily,Marketing,79107.99
8672,Nunez,Elizabeth,Legal,65357.23
15296,Kelly,Edwin,Marketing,78207.83
8566,Johnson,Elizabeth,Marketing,92910.02
15156,Williams,Elizabeth,Sales,77256.01
8983,Keller,Emily,Marketing,84937.69
15396,Anderson,Erica,Sales,64578.43
8240,Montes,Eduardo,Marketing,76230.8
15728,Bradshaw,Elizabeth,Sales,61806.03
8183,Kennedy,Erika,Marketing,72167.5
15502,Jones,Edward,Sales,53951.36
8167,Graves,Eric,Marketing,61256.56
15251,White,Edward,Support,79104.94
8249,Wilson,Elizabeth,Marketing,60544.87
15997,Rodriguez,Eileen,Support,74458.28
8302,Brown,Emma,Sales,80627.53
15137,Lucero,Elizabeth,Support,73956.5
8348,Knight,Erica,Sales,71854.51
15984,Elliott,Eddie,Support,68330.78
8951,Robertson,Ellen,Sales,61365.02
15544,Wilson,Emily,Support,63579.92
8880,Solomon,Ethan,Sales,59567.9
15070,White,Eric,Support,54407.68
8278,Gray,Erika,Sales,54276.28
15419,Vazquez,Emily,Support,52738.04
8889,Hamilton,Emily,Support,58621.48
15854,Anderson,Emma,Support,52180.03
8978,Collins,Eddie,Support,56851.49
15004,Caldwell,Emma,Support,44551.28
8745,Carlson,Evelyn,Support,54124.47
15087,Gardner,Elizabeth,Support,42521.45
14437,Ashley,Edwin,Engineering,111793.69
6616,Cooper,Emily,Engineering,119530.28
5897,Acosta,Eric,Engineering,117017.55
4986,Robertson,Erin,Engineering,119977.76
14063,Diaz,Elizabeth,Engineering,111005.54
6628,Forbes,Evelyn,Engineering,109053.17
5885,Sutton,Erika,Engineering,114172.66
4340,Gonzales,Elizabeth,Engineering,117358.63
14979,Black,Erin,Engineering,87945.03
6347,Crosby,Emily,Engineering,103814.24
5352,Cole,Erin,Engineering,76742.74
4731,Rodriguez,Erin,Engineering,113552.83
14521,Bush,Erica,Engineering,85723.36
6040,Reyes,Elizabeth,Engineering,80913.53
5461,Jones,Eduardo,Finance,104482.1
4942,May,Elizabeth,Finance,95275.57
14573,Vargas,Erica,Engineering,84478.77
6467,Brown,Erica,Engineering,61778.31
5084,Smith,Erik,Finance,93700.38
4101,White,Elizabeth,Finance,94099.17
14636,Cunningham,Elizabeth,Engineering,71740.82
6126,Burns,Erik,Finance,97522.88
5945,Gutierrez,Eric,Finance,89151.61
4919,Smith,Emily,HR,77597.14
14244,Coleman,Elizabeth,Engineering,67051.21
6242,Lewis,Edward,Finance,94777.38
5510,Christensen,Erica,Finance,65721.96
4518,Le,Eric,HR,76067.78
14837,Montgomery,Erica,Finance,109791.36
6540,Smith,Elaine,Finance,59646.9
5173,Anderson,Erika,Finance,62905.36
4801,Shelton,Edward,HR,56077.03
14962,Silva,Elizabeth,Finance,94873.06
6308,Robinson,Edward,Finance,55960.86
5053,Clarke,Edward,HR,91570.28
4289,Hardy,Erik,HR,50037.46
14113,Kirby,Eric,Finance,68842.51
6021,Myers,Elizabeth,HR,88633.19
5219,Hutchinson,Eric,HR,82728.58
4533,Dominguez,Elaine,IT,104828.96
14767,Vasquez,Elizabeth,HR,92507.79
6527,Chapman,Eric,HR,79130.46
5329,Myers,Ellen,HR,73019.18
4851,Evans,Eileen,IT,85211.95
14664,Graham,Elizabeth,HR,84034.82
6523,Miller,Erin,HR,77524.04
5074,Miller,Emily,HR,52600.4
4813,Harper,Edward,IT,83114.64
14263,Mooney,Erica,HR,81287.59
6973,Young,Ethan,HR,72359.76
5846,Phillips,Erin,IT,102644.49
4946,Cole,Emily,IT,78080.99
14781,Williams,Eric,HR,57194.0
6742,Robinson,Erik,HR,53919.98
5796,Hernandez,Erin,IT,98757.42
4708,Brown,Emily,IT,70427.32
14427,Rice,Eric,HR,57190.79
6588,Terrell,Eddie,IT,93936.7
5687,Smith,Elizabeth,IT,69024.65
4742,Lucas,Elizabeth,IT,63557.33
14146,Bailey,Erin,HR,51294.14
6024,Salinas,Erik,IT,88344.98
5792,Petty,Elizabeth,Legal,114216.87
4829,Scott,Emily,Legal,102714.37
14715,Salazar,Evan,HR,50023.53
6373,Rodriguez,Elizabeth,IT,87646.07
5520,Payne,Elizabeth,Legal,113157.83
4136,Wallace,Erica,Legal,100057.09
14766,Gonzalez,Elizabeth,IT,114277.26
6873,Haas,Ebony,IT,79204.59
5705,Jackson,Elizabeth,Legal,79279.48
4599,Gilbert,Erika,Legal,72563.03
14036,Osborn,Ethan,IT,105777.79
6018,Smith,Elizabeth,IT,75263.35
5485,Leonard,Elizabeth,Legal,78337.02
4143,Hodges,Ethan,Marketing,70846.9
14502,Horton,Elizabeth,IT,81044.27
6538,Kelley,Emily,IT,70542.82
5747,Carey,Emily,Marketing,77614.91
4887,White,Eric,Marketing,55504.1
14927,Curtis,Emily,IT,77344.22
6499,Banks,Erin,Legal,101046.64
5903,Johnson,Elaine,Marketing,71344.21
4525,Rodgers,Eric,Sales,85385.91
14407,Kramer,Eric,IT,74888.42
6948,Walker,Elizabeth,Marketing,87377.04
5232,Vaughn,Emily,Marketing,67610.71
4868,Santiago,Edwin,Sales,54194.31
14090,Glover,Elizabeth,IT,72724.05
6280,Bright,Elaine,Marketing,85953.26
5009,Walton,Emily,Sales,68675.64
4386,Barker,Emily,Sales,51029.83
14780,Johnson,Edward,IT,62840.3
6904,Mendoza,Emily,Sales,83550.58
5893,Murphy,Eric,Sales,58586.36
4710,Gibson,Emma,Support,71814.38
14162,Gray,Erika,IT,61854.76
6407,Shaffer,Erica,Sales,68816.43
5553,Phillips,Eduardo,Sales,55451.2
4685,Green,Erin,Support,70828.16
14273,Kirk,Erin,Legal,103499.51
6103,Cox,Erika,Sales,55892.59
5365,Rowe,Erin,Support,73472.06
4931,Lewis,Erika,Support,67516.91
14395,Johnson,Erica,Marketing,87651.5
6824,Garcia,Erica,Sales,54198.66
5419,Henry,Eric,Support,64394.6
4587,Gardner,Emma,Support,63277.93
14986,Johnson,Emily,Marketing,74416.2
6206,Montgomery,Edward,Support,79061.06
5082,Miles,Elizabeth,Support,57177.02
4650,Jones,Elizabeth,Support,55902.56
14688,Ross,Elizabeth,Marketing,61160.08
6318,Lopez,Elizabeth,Support,75869.81
5296,Hernandez,Emily,Support,54544.87
14597,Collins,Erika,Marketing,60008.77
6287,Montgomery,Emma,Support,69915.13
5702,Ramirez,Elaine,Support,51788.37
14856,Meyer,Erica,Sales,82751.68
6384,Kelley,Elizabeth,Support,67650.09
5065,Martinez,Elaine,Support,49321.87
14999,Williams,Emily,Sales,67316.14
6624,Curtis,Emily,Support,67289.24
11463,Thompson,Edward,Engineering,111558.54
14816,Bradley,Evelyn,Sales,62877.35
6342,Hernandez,Edward,Support,60851.41
11628,Lynch,Eric,Engineering,106690.04
14255,Burton,Emily,Sales,55753.25
6580,Prince,Erica,Support,54514.49
11186,Olson,Eric,Engineering,83207.09
14712,Moreno,Erica,Sales,51584.97
6914,Adams,Emily,Support,52475.65
11182,Cox,Erika,Engineering,77810.31
14312,Collins,Elizabeth,Sales,49769.31
6015,Garcia,Eddie,Support,49326.51
11979,Johnson,Elizabeth,Finance,109997.03
14553,Clarke,Emily,Sales,49114.07
6871,Watkins,Eddie,Support,43216.27
11407,Vega,Eric,Finance,91207.35
14931,Chang,Edward,Support,44318.89
6852,Hart,Elizabeth,Support,42482.34
11167,Nelson,Emily,Finance,90294.49
2817,Adkins,Emma,Engineering,100499.61
13778,Green,Eduardo,Engineering,112825.43
11859,White,Erik,Finance,59353.46
2593,Stevens,Eduardo,Engineering,91623.84
13646,Day,Elizabeth,Engineering,101844.07
11448,Nelson,Elizabeth,HR,93494.44
2854,Thompson,Erik,Engineering,82592.48
13160,Sims,Eric,Engineering,89583.03
11519,Burns,Elizabeth,HR,88303.45
2658,Koch,Elizabeth,Engineering,78958.8
13151,Vance,Erica,Engineering,79614.08
11336,Gonzalez,Erica,HR,85833.17
2072,Rhodes,Erin,Engineering,78512.66
13411,Roberts,Emily,Engineering,76994.67
11559,Snyder,Eric,HR,83417.06
2123,Turner,Eric,Finance,108931.9
13591,Morales,Emily,Finance,109672.73
11320,Hunter,Erin,HR,81648.54
2560,Ortega,Eric,Finance,105215.67
13530,Gallegos,Elizabeth,Finance,108778.44
11631,Burgess,Emily,HR,75155.03
2277,Jordan,Emily,Finance,100950.37
13628,Simpson,Eric,Finance,79059.45
11962,Hines,Erin,HR,66667.45
2262,Small,Eddie,Finance,89368.76
13991,Gomez,Emily,Finance,66598.52
11085,Brown,Elizabeth,HR,63912.99
2168,Wilson,Edward,Finance,77234.12
13619,Bell,Elizabeth,Finance,61249.59
11886,Hampton,Edward,IT,93180.75
2838,Lee,Erin,Finance,65153.99
13081,Snyder,Elizabeth,HR,71631.54
11955,Hall,Ellen,IT,91961.21
2244,Lewis,Evelyn,Finance,62761.8
13641,Guerrero,Emily,HR,63997.21
11869,Wagner,Eric,IT,88937.08
2064,Martinez,Erika,Finance,61203.52
13719,Nelson,Erik,HR,53739.08
11089,Salas,Erica,IT,60707.07
2349,Flowers,Edward,HR,91479.11
13944,Elliott,Erin,IT,73839.9
11966,Lyons,Elizabeth,Legal,115225.42
2306,Ellis,Elizabeth,HR,79751.94
13856,Hopkins,Elizabeth,Legal,118747.0
11846,Macdonald,Edward,Legal,111808.45
2236,Owens,Ernest,HR,66303.85
13243,Bowers,Eric,Legal,76428.04
11656,Smith,Eric,Legal,97799.85
2408,Serrano,Edward,IT,94540.0
13251,Robinson,Edward,Legal,69974.87
11119,Suarez,Edward,Marketing,97337.96
2653,Davis,Eric,IT,87192.09
13274,Lopez,Emma,Marketing,66350.17
11083,Wallace,Emma,Marketing,94805.57
2740,Bates,Elizabeth,IT,86434.76
13768,Thompson,Elizabeth,Marketing,56321.09
11041,Nunez,Erica,Marketing,92364.08
2934,Hardy,Eric,IT,77065.87
13833,Carson,Ernest,Marketing,54910.94
11238,Melton,Erin,Marketing,92018.21
2131,Rivers,Edwin,IT,66685.23
13070,Dawson,Erika,Sales,85275.75
11983,Martinez,Elizabeth,Marketing,90129.57
2284,Santana,Erik,Legal,118564.68
13617,Miller,Eric,Sales,79780.15
11212,Price,Evan,Marketing,88154.29
2199,Williams,Erik,Legal,94155.55
13881,Grimes,Emily,Sales,74723.23
11661,Hernandez,Evelyn,Marketing,61873.32
2548,Chan,Elizabeth,Legal,69719.8
13069,Johnson,Eric,Sales,66050.92
11925,Colon,Erica,Sales,84638.68
2892,King,Evan,Marketing,82624.77
13308,Brown,Elizabeth,Sales,62127.23
11838,Morton,Erica,Sales,69337.47
2060,Lopez,Erin,Sales,88470.48
13570,Butler,Eduardo,Sales,56306.47
11876,Matthews,Ethan,Sales,65942.87
2164,Kim,Eileen,Sales,72827.1
13380,Wilson,Erika,Sales,55715.1
11037,Thomas,Eric,Sales,57313.62
2336,Vaughan,Erica,Sales,66512.03
13490,Martinez,Erica,Support,72227.2
11264,Calderon,Eric,Sales,48492.41
2454,Fernandez,Eric,Sales,48698.05
13958,Wong,Emily,Support,67435.45
11300,Fuller,Erika,Support,69915.73
2038,Turner,Erica,Support,57019.23
11312,Hicks,Eric,Support,67655.72
2724,Smith,Erin,Support,53255.49
11660,Tucker,Emily,Support,62560.95
2435,Curry,Edward,Support,47246.62
11491,Lara,Evan,Support,40956.25
2595,Whitaker,Elizabeth,Support,46661.66
11756,Smith,Emily,Support,40618.53
1287,Freeman,Erin,Engineering,110460.96
12013,Jones,Emily,Engineering,104175.94
1848,Payne,Eric,Engineering,90321.75
12028,Johnson,Eric,Engineering,100398.77
1073,Contreras,Erik,Engineering,89253.12
12512,Franco,Emily,Engineering,99764.07
1897,Davis,Emily,Engineering,61029.19
12716,Smith,Elizabeth,Engineering,99168.81
1310,Leon,Emily,Finance,96911.75
12649,Contreras,Erin,Engineering,64249.29
1941,Wise,Erin,Finance,87112.86
12764,Chavez,Evan,Finance,107217.3
1183,Mays,Erik,Finance,81234.26
12871,Hopkins,Erin,Finance,98261.43
1857,Joseph,Erica,Finance,79925.65
12055,Jackson,Edward,Finance,94655.31
1999,English,Eugene,Finance,69858.94
12757,Nelson,Elaine,Finance,69213.59
1036,Sampson,Ernest,Finance,60110.83
12939,Gonzales,Eric,HR,92538.74
1803,Richmond,Erika,HR,85896.1
12474,Wise,Elizabeth,HR,80418.69
1357,Valenzuela,Elizabeth,IT,82315.43
12750,Rose,Erin,HR,80154.15
1144,Brown,Erin,IT,79076.89
12067,Williams,Elizabeth,HR,78632.14
1685,Wright,Eric,Legal,124775.65
12914,Watson,Eddie,HR,76233.61
1054,Rodriguez,Erika,Legal,105862.12
12385,Vincent,Elizabeth,HR,71870.05
1538,Gomez,Eric,Marketing,94374.71
12674,Smith,Elizabeth,IT,109708.34
1137,Fields,Erica,Marketing,93536.43
12387,Davis,Erik,Legal,119504.26
1122,Wells,Eugene,Marketing,86953.61
12394,Miranda,Elizabeth,Legal,116948.81
1213,Bradley,Edward,Marketing,72768.63
12153,Rodriguez,Ethan,Legal,115013.98
1506,Anderson,Elizabeth,Marketing,66658.18
12668,West,Eric,Legal,113604.29
1588,Valenzuela,Elizabeth,Marketing,61911.83
12658,Brown,Eric,Legal,109117.24
1108,Drake,Eileen,Marketing,59552.42
12301,Carr,Elizabeth,Legal,100011.0
1263,Smith,Evelyn,Sales,68172.44
12847,Washington,Elizabeth,Marketing,91107.65
1069,Jones,Erin,Sales,65958.26
12045,Johnson,Evelyn,Marketing,90285.77
1608,Hawkins,Eric,Sales,62006.73
12232,Gallegos,Elizabeth,Marketing,88713.87
1852,Harrison,Erika,Sales,49569.81
12980,Peterson,Eric,Marketing,67177.88
1016,Cox,Edward,Support,79076.7
12215,Harrington,Erin,Marketing,53419.81
1171,Clark,Eric,Support,77325.26
12514,Watson,Eugene,Sales,89365.78
1354,Weber,Emily,Support,71925.59
12552,Christensen,Erik,Sales,87113.58
1801,Williams,Elizabeth,Support,66347.3
12760,Allen,Edward,Sales,82025.64
1162,Thornton,Emily,Support,65835.33
12150,Frederick,Elizabeth,Sales,79439.76
1500,Nguyen,Ethan,Support,49144.68
12110,Gomez,Erin,Sales,78040.92
1840,Bryan,Earl,Support,43035.23
12624,Lutz,Ernest,Sales,75283.86
7276,Diaz,Eric,Engineering,115396.84
12837,Walker,Elizabeth,Sales,61703.92
7183,Miller,Elizabeth,Engineering,107751.03
12726,Walker,Ethan,Support,79287.24
7485,Davis,Eric,Finance,105321.5
12033,Howard,Elizabeth,Support,71091.05
7693,Glass,Edward,Finance,99127.93
12758,Hampton,Elizabeth,Support,65742.75
7112,Wright,Eric,Finance,74926.43
12529,Adams,Erik,Support,61595.5
7220,Peterson,Emily,Finance,60226.97
12444,Johnson,Erica,Support,60334.68
7010,Bridges,Eric,HR,88255.24
12881,Hill,Erin,Support,44622.72
7376,Brady,Erika,HR,55505.55
9283,Krause,Eric,Engineering,116229.61
7516,Mccoy,Emily,IT,107782.66
9263,Cox,Eric,Engineering,114179.93
7472,Holmes,Elizabeth,IT,106489.32
9394,Bell,Eric,Engineering,110140.83
7880,Phelps,Edward,IT,92194.13
9730,Brown,Eugene,Engineering,63425.18
7057,Weiss,Erin,IT,82502.04
9222,Evans,Edward,Engineering,60307.17
7006,Smith,Eric,IT,79772.92
9224,Wood,Erin,Finance,70077.49
7579,Richards,Erin,Legal,102587.55
9257,Duncan,Erin,Finance,68993.22
7309,Davis,Elizabeth,Marketing,96068.11
9454,Nichols,Eric,HR,90602.73
7132,Butler,Elizabeth,Marketing,81021.56
9098,Smith,Erica,HR,88694.84
7660,Hickman,Emily,Marketing,61873.04
9116,Ortega,Eric,HR,87685.23
7396,Smith,Elizabeth,Marketing,56923.41
9430,Mcdaniel,Emily,HR,57453.25
7520,Gray,Edward,Marketing,52812.09
9619,Vargas,Erin,IT,108527.53
7627,Lopez,Elizabeth,Sales,76035.64
9323,Johnson,Elizabeth,IT,99045.59
7017,Liu,Eugene,Sales,48670.72
9784,Dawson,Emily,IT,75716.64
7412,Andrews,Eric,Support,76938.19
9572,Thomas,Evelyn,IT,63123.1
7175,Gomez,Erik,Support,66405.72
9151,Morales,Erin,Legal,115762.32
7894,Wall,Edward,Support,64225.74
9875,West,Eric,Legal,114284.93
7883,Moran,Edward,Support,57166.58
9925,Sullivan,Elizabeth,Legal,108879.33
3028,Miller,Elizabeth,Engineering,108849.31
9977,Adams,Erik,Legal,95457.55
3465,Hurley,Eric,Engineering,92182.91
9670,Welch,Eddie,Marketing,97191.56
3231,Rodriguez,Emma,Engineering,91054.74
9717,Morales,Erin,Marketing,96715.17
3812,Rosario,Erin,Engineering,84407.14
9982,Martin,Edward,Marketing,88202.11
3957,Ward,Eric,Finance,107983.13
9978,Mccann,Elizabeth,Marketing,80706.73
3999,Stone,Emily,Finance,93287.81
9329,Allen,Elizabeth,Marketing,72124.58
3245,Cruz,Erica,Finance,90923.91
9962,Vincent,Elizabeth,Marketing,53626.67
3978,Johnson,Eric,Finance,78007.96
9187,Martinez,Ellen,Sales,58617.99
3126,Le,Elizabeth,Finance,77474.87
9821,Contreras,Edward,Sales,58064.4
3138,White,Eric,Finance,72990.38
9649,Anderson,Emma,Support,75730.75
3074,Rogers,Erica,Finance,64592.39
9097,Glover,Emma,Support,52539.45
3587,Lam,Emma,Finance,60576.96
9981,Freeman,Elizabeth,Support,49007.52
3621,Lamb,Elaine,Finance,59424.8
10502,Fox,Eric,Engineering,109739.72
3541,Armstrong,Edwin,Finance,55917.44
10900,Jones,Emily,Engineering,105257.32
3268,Martinez,Emily,HR,89545.87
10558,Hernandez,Erin,Engineering,91868.41
3179,Howard,Emily,HR,85122.05
10677,Wright,Ellen,Engineering,78220.27
3005,Collier,Elizabeth,HR,65499.55
10225,Chan,Elizabeth,Engineering,76017.73
3761,Hernandez,Ethan,HR,57626.09
10973,Smith,Elizabeth,Engineering,72917.28
3930,Pruitt,Elizabeth,HR,50909.05
10582,Ellis,Edward,Engineering,63317.34
3582,Baxter,Eric,IT,91602.03
10782,Spencer,Erica,Engineering,60654.55
3125,Nicholson,Elizabeth,IT,67474.27
10045,Bell,Elizabeth,Finance,102556.81
3799,Tucker,Edward,Legal,102580.23
10797,Young,Emily,Finance,97812.15
3238,Hudson,Elizabeth,Legal,97429.4
10019,Bernard,Eric,Finance,57754.98
3041,Flynn,Edgar,Legal,83011.64
10636,Cruz,Emily,Finance,55295.18
3992,Tran,Elaine,Marketing,83411.72
10831,Cochran,Emily,HR,93140.14
3551,Copeland,Emma,Marketing,81086.83
10627,Herrera,Erika,HR,64203.58
3254,Oneill,Emily,Marketing,75494.38
10230,Lewis,Edward,HR,61316.05
3065,Jackson,Eugene,Marketing,68706.65
10243,Perry,Erin,IT,87573.96
3165,Lester,Ernest,Sales,85171.95
10714,Sanchez,Elizabeth,IT,67548.05
3362,Scott,Elizabeth,Sales,74039.5
10806,Brown,Evan,Legal,99261.95
3088,Lucas,Emily,Sales,72237.83
10802,Love,Edward,Legal,97707.11
3485,Roberts,Erica,Sales,63314.28
10382,Coffey,Emily,Legal,86100.59
3524,Wilkins,Erika,Sales,56207.91
10979,Cowan,Elizabeth,Legal,79665.09
3281,Ray,Elizabeth,Sales,55028.76
10600,Blackwell,Elizabeth,Legal,69914.88
3101,Kelly,Edward,Sales,50077.96
10604,Brown,Erin,Marketing,72124.9
3361,Underwood,Eugene,Support,79020.78
10660,Perry,Eduardo,Marketing,70986.53
3442,Hurst,Elaine,Support,70902.68
10602,Evans,Edwin,Sales,88020.16
3119,Blankenship,Emily,Support,68445.43
10212,Evans,Elaine,Sales,83057.44
3457,Duke,Erica,Support,67774.85
10455,Bates,Eric,Sales,72484.14
3390,Gibson,Erik,Support,62223.46
10494,Blackwell,Eric,Sales,72362.56
3598,Novak,Elizabeth,Support,55483.97
10965,Hull,Edward,Sales,58345.8
313,Thompson,Ebony,Engineering,116711.07
10275,Cruz,Erin,Sales,45631.37
378,Lawrence,Edwin,Engineering,111200.08
10718,Jordan,Elizabeth,Support,65182.05
31,Murphy,Ebony,Engineering,107324.09
10852,Leonard,Eric,Support,64900.95
310,Gonzalez,Erin,Engineering,95764.81
10504,Carter,Erica,Support,59914.0
333,Griffith,Eric,Engineering,81666.52
10937,Hutchinson,Emma,Support,44544.06
504,Cervantes,Emily,Finance,107125.77
497,Herman,Erin,Finance,100187.05
105,Sandoval,Elizabeth,Finance,67026.23
570,Hughes,Emily,HR,78381.29
969,Ortega,Erika,HR,71838.3
608,Hunt,Erika,HR,69889.33
792,Contreras,Evan,IT,114313.55
74,Richardson,Evelyn,IT,110147.95
683,Martin,Evan,IT,105584.57
198,Gonzalez,Elizabeth,IT,103744.87
15,Williams,Erin,Legal,119314.85
657,Atkins,Emily,Legal,110929.28
873,Edwards,Eric,Legal,109142.36
715,Smith,Eric,Legal,92679.06
634,Christensen,Erin,Legal,77556.3
237,Rose,Erin,Marketing,56869.68
425,Shelton,Erika,Marketing,56443.57
721,King,Ellen,Sales,80695.77
619,Compton,Edward,Sales,52165.53
141,Gardner,Elaine,Support,66158.0
232,Smith,Emily,Support,50282.85
91,Anderson,Erika,Support,44961.28
588,Espinoza,Erin,Support,43755.84
8017,Oliver,Faith,Engineering,90467.23
561,Simon,Frank,Engineering,72624.62
8266,Allen,Frank,Engineering,73679.26
544,Brown,Fernando,Engineering,64333.42
8014,Silva,Frank,Finance,63164.94
737,Martinez,Frederick,Finance,85404.64
8036,Johnson,Frederick,HR,72816.3
804,Robertson,Felicia,IT,108888.59
8574,Garza,Felicia,Legal,65632.11
224,Simpson,Frederick,Sales,75956.77
8010,Leblanc,Francisco,Marketing,65188.64
13295,Davis,Felicia,Finance,86195.2
10775,Duffy,Frederick,Engineering,116639.97
4238,Walker,Felicia,Marketing,78069.08
8747,Wise,Franklin,Sales,52518.88
13426,White,Frederick,HR,93468.67
10515,Mckee,Frank,Engineering,82768.6
4346,Douglas,Frank,Sales,63711.22
8827,Barker,Francis,Support,56365.66
13787,Mata,Frank,Legal,116519.75
10630,Villarreal,Frank,Finance,89227.03
4360,Fowler,Francisco,Support,51394.67
15634,Calhoun,Frederick,Engineering,109521.05
13146,Livingston,Felicia,Sales,85262.82
10325,Hunter,Francisco,HR,51557.97
15187,Jones,Frederick,HR,91640.93
13499,Lin,Francis,Sales,54949.48
10947,Skinner,Frank,IT,81807.71
15615,Ortiz,Frederick,Sales,83630.01
6379,Patrick,Fernando,Finance,100577.59
10324,Schmidt,Faith,Marketing,83163.05
15627,Butler,Fred,Sales,79268.86
6635,West,Francis,HR,65810.81
10142,Fox,Frances,Marketing,65538.95
15049,Mendoza,Frank,Sales,58993.11
6947,Lee,Frank,Marketing,91807.62
10333,Miller,Frederick,Sales,77518.99
5135,Luna,Frederick,Engineering,87230.0
6455,Franklin,Frank,Support,71280.0
10293,Sampson,Frank,Support,60685.01
5627,Wise,Felicia,Marketing,97123.42
6025,Bradley,Francis,Support,61281.28
14647,Charles,Francis,Engineering,113899.24
5609,Carr,Felicia,Marketing,71771.28
14242,Huerta,Felicia,Finance,61893.43
5324,Bishop,Frederick,Sales,61644.36
14579,Jimenez,Frederick,Legal,97965.61
5593,Cantu,Frank,Sales,52520.34
14943,Henry,Francisco,Marketing,65250.04
3204,Smith,Frederick,HR,69320.04
14033,Davis,Frank,Sales,85755.0
3530,Reyes,Frank,IT,112124.13
14329,Frye,Frances,Sales,82626.84
3910,Berg,Francisco,Marketing,67786.08
14467,Rowe,Frank,Support,72768.1
1149,Smith,Frederick,Engineering,94839.03
14847,Mckinney,Francisco,Support,43007.26
1430,Blair,Frank,Legal,122544.49
2675,Patrick,Fernando,Engineering,76429.88
1532,Briggs,Frances,Sales,58535.34
2459,Melton,Frederick,Engineering,69631.2
1309,Walsh,Frances,Support,75717.58
2109,Ray,Frank,HR,76071.05
11889,Olson,Felicia,Engineering,100516.83
2960,Mora,Frank,HR,50649.21
11652,Stevens,Fernando,Legal,122710.63
2114,Jensen,Francisco,IT,111681.27
11617,Deleon,Francisco,Marketing,58793.75
2040,Garrett,Frances,Legal,72186.11
9350,Hernandez,Frank,Engineering,90933.13
2466,Davis,Felicia,Sales,59490.84
9888,James,Francisco,Finance,88874.13
12012,Jones,Francis,Engineering,103928.24
9175,Rubio,Francis,Finance,77501.15
12431,Austin,Frank,Legal,75388.55
9882,Miller,Felicia,Finance,68877.88
12852,Hall,Frederick,Sales,72327.86
9877,French,Fred,Finance,63897.42
12966,Beard,Frank,Support,71572.24
9271,Smith,Francisco,IT,111912.83
7685,Nelson,Frederick,HR,74274.11
9124,Martinez,Fred,Legal,86692.82
7094,Hill,Fernando,HR,67210.19
9354,Williamson,Francis,Marketing,54621.23
7995,Moss,Fernando,IT,108919.49
9568,Thompson,Francis,Support,50319.09
7893,Mcdonald,Frederick,Legal,124112.24
7924,Morgan,Frances,Legal,115969.66
7914,Thomas,Francisco,Legal,104045.27
7875,Brown,Frances,Sales,53260.45
7466,Hunt,Francis,Support,71544.1
9105,Lara,George,Engineering,118518.19
7274,Lopez,Gregory,Engineering,102733.37
9107,Brown,Gregory,HR,92799.63
7135,Baird,Geoffrey,Engineering,79082.94
9964,Bailey,Gregory,HR,81245.65
7975,Wood,Gregory,Engineering,75687.5
9919,Wise,Gabriel,HR,61125.6
7013,Wright,Gerald,Finance,71983.8
9892,Long,Gary,HR,57457.8
7243,Pugh,Gregory,Finance,55297.15
9851,Hale,George,HR,56920.47
7146,Mckay,Gary,HR,84193.04
9757,Bean,Gina,HR,50449.35
7745,Allen,Gabriel,HR,71941.9
9408,Martinez,Gloria,IT,114898.24
7594,Smith,Greg,HR,63707.91
9734,Johnson,Gina,IT,102706.87
7544,Mcgrath,George,HR,50811.77
9889,Hanna,Gina,IT,64501.13
7263,James,Glenn,IT,109695.28
9106,Frost,Gwendolyn,Marketing,64979.35
7363,Estrada,Gary,Legal,94858.06
9337,Mccarthy,Gabriel,Sales,75445.3
7407,Aguilar,Gerald,Legal,91821.07
9831,Brown,Gabrielle,Sales,64536.31
7005,Miller,Gabriel,Marketing,85648.59
9991,Bridges,Gary,Support,66844.86
7870,Baxter,Gary,Sales,47232.45
9555,Miller,Gabriel,Support,61591.41
7708,Jensen,Gina,Support,59194.37
6610,Anderson,Greg,Engineering,90417.18
4693,Smith,Gary,Engineering,106499.29
706,Page,Gloria,Engineering,114753.44
7125,Guerrero,Gina,Support,46500.97
6435,Blair,Gregory,Engineering,84476.85
4044,Ellison,George,Engineering,98505.19
791,Stafford,George,Engineering,91951.44
7142,Miller,Gabrielle,Support,43655.28
6497,Velazquez,Gregory,Finance,94215.93
4215,Blake,Gabriel,Engineering,91953.13
151,Jackson,Gary,Engineering,91769.73
8196,Curry,Gina,Engineering,63353.01
6012,Costa,George,Finance,75339.87
4955,Higgins,George,Finance,65200.91
157,Boone,Gary,Finance,109886.8
8558,Bradford,Glenn,Finance,88529.5
6839,Kerr,Gordon,Finance,73232.86
4461,Wu,Gregory,Finance,64688.03
890,Chavez,Garrett,HR,71543.71
8667,Fox,Glenn,Finance,73734.42
6345,Watts,Gregory,Finance,64977.03
4591,Cooke,Gina,Finance,62184.28
767,Bennett,Grace,HR,64876.91
8972,White,Gregory,HR,51271.35
6395,Gill,Gregory,Finance,60566.21
4542,King,Gwendolyn,HR,76433.85
431,Barton,George,HR,53184.52
8665,Francis,Gregory,IT,70774.93
6801,Carrillo,Gina,HR,94035.22
4378,Sims,Gregory,HR,67098.46
256,Ford,Glen,IT,97021.09
8825,Davis,Glenda,IT,68066.57
6196,Johnson,Gary,HR,90513.44
4054,Brown,Gregory,HR,63162.35
506,Smith,Gabriel,IT,69308.2
8785,Montgomery,Grace,IT,62513.68
6773,Welch,Glen,HR,80458.93
4142,Jones,Gina,IT,104719.52
623,Dudley,Gabriel,Legal,123653.32
8714,Martinez,George,Legal,103797.84
6493,Scott,Gerald,HR,73155.99
4755,Hall,Gina,IT,68786.81
471,White,George,Legal,83774.42
8814,Schwartz,Gary,Marketing,98942.18
6976,Allen,Gina,Legal,104045.33
4199,Lee,Gabriel,IT,61280.96
491,Gonzalez,Gabriel,Marketing,93707.57
8866,Walker,Gregory,Marketing,85964.45
6439,Pearson,Gregory,Legal,91024.52
4389,Flynn,Gregory,Legal,65942.58
855,Hernandez,Gary,Marketing,86230.6
8353,West,Glenda,Marketing,80721.46
6411,Franklin,Gregory,Legal,90063.09
4111,Avery,Gary,Marketing,87789.3
750,Bowen,Gerald,Marketing,55248.33
8256,Hamilton,Glen,Marketing,77640.67
6741,Shaw,Gregory,Legal,76129.58
4247,Garza,Gregory,Marketing,62361.5
148,Carpenter,Gregory,Sales,82456.54
8749,Clay,Gregory,Marketing,76561.36
6437,Huynh,Glen,Sales,69495.83
4744,Foley,George,Marketing,60776.86
649,Gray,Grace,Support,67928.52
8573,Garcia,George,Marketing,50109.58
6847,Hodge,Gary,Sales,57045.15
4642,Barnes,Gregory,Sales,85073.9
693,Newton,Gary,Support,64378.54
8760,Contreras,Geoffrey,Support,56586.9
6254,Castaneda,Gregory,Sales,46452.98
4602,Holt,Gina,Sales,74607.95
50,Rice,Glenn,Support,64280.77
8386,Mitchell,Gabriela,Support,51952.37
6689,Schultz,Grant,Support,78699.16
4600,Hunt,George,Sales,63174.31
828,Bradshaw,Grant,Support,57001.68
8530,Fox,Gloria,Support,46243.01
6524,Russell,George,Support,63299.01
4007,Wheeler,Gary,Support,70114.78
223,Coleman,Glenn,Support,41127.91
6815,Rubio,George,Support,58577.84
4075,Mora,Gregory,Support,41877.72
10810,Sandoval,Gabrielle,Engineering,86600.12
6261,Lutz,George,Support,55313.37
13583,Carey,Gabrielle,Finance,89144.58
10301,Ware,Grant,Engineering,75911.95
6096,George,George,Support,53779.37
13446,Tran,Gloria,Finance,67548.02
10084,Moore,Garrett,Engineering,64094.89
15670,Stewart,Gregory,Engineering,117510.77
13491,Smith,Gary,Finance,65542.83
10868,Morris,George,Finance,104345.4
15616,Duffy,Gary,Engineering,108617.4
13592,Lee,Glen,Finance,64199.34
10264,Gonzalez,Gregory,HR,76179.94
15549,Phillips,Glen,Engineering,75832.09
13327,Meyer,Gina,Finance,58417.99
10673,Jones,Glen,HR,71189.25
15712,Moore,Gregory,Finance,105159.8
13370,Flores,Gina,HR,93889.89
10854,Morales,Gloria,HR,54930.18
15963,Lewis,George,Finance,82320.62
13041,Martinez,George,HR,72520.75
10993,Martinez,Gregory,IT,96002.36
15956,Gilbert,Gina,HR,94191.34
13541,Smith,Gerald,HR,64418.85
10070,Orozco,Grant,IT,94714.87
15383,Strickland,Glenn,IT,102602.26
13049,Powell,Gina,HR,57846.83
10898,Jenkins,Gregory,IT,75576.28
15185,Berg,Gary,IT,100588.7
13043,Delgado,George,IT,110225.38
10411,Cruz,George,IT,65640.16
15189,Barrett,Gabriel,Legal,120870.38
13493,Hawkins,Gary,IT,103508.64
10461,Johnson,George,Legal,107030.98
15743,Garcia,Gina,Marketing,91756.02
13942,Mcclain,Gilbert,Legal,119948.4
10044,White,Gregory,Legal,99298.01
15249,Carpenter,Gabriela,Marketing,84759.47
13849,Matthews,Gerald,Legal,97096.39
10665,Wallace,Greg,Legal,65440.38
15927,Cole,Glenn,Marketing,83737.99
13110,Torres,Gina,Legal,88444.51
10768,Moreno,Gina,Marketing,93551.9
15520,Moore,Gregory,Marketing,82171.39
13749,Cruz,Gary,Legal,68360.16
10514,Wilson,Gina,Marketing,66117.6
15254,Martinez,Gregory,Sales,87153.17
13238,Mcintosh,Gwendolyn,Marketing,78078.22
10187,Blanchard,Gregory,Sales,77488.49
15593,Hamilton,Gregory,Sales,64811.18
13954,Thomas,Gail,Marketing,72136.91
10286,Cisneros,Gina,Support,59987.03
15016,Davis,Gary,Support,69019.12
13871,Guzman,Gabriel,Marketing,51210.44
10723,Walker,Garrett,Support,58431.97
15637,Wood,Gregory,Support,57424.56
13655,Daniels,Gary,Sales,87488.63
10856,Thompson,Gene,Support,57650.62
15421,Barrett,Greg,Support,49265.74
13282,Brown,George,Sales,77614.38
12080,Todd,Gina,Engineering,68565.37
13240,Hobbs,Garrett,Sales,63707.7
12632,Smith,Glenda,Finance,104352.34
13401,Johnson,Gary,Sales,61391.04
12934,Davis,Geoffrey,Finance,87596.09
13946,Clark,Gary,Sales,57677.15
12574,Santiago,Gabriella,Finance,87355.99
13953,Allen,Gregory,Support,78393.54
12870,Diaz,George,HR,92835.92
13543,Marshall,Gregory,Support,49320.77
12922,Carney,George,HR,67075.9
14902,Hill,Gina,Engineering,119480.83
12819,Mcfarland,Gary,IT,109413.38
14674,Wong,George,Engineering,108409.54
12332,Burton,Gilbert,IT,96860.28
14503,Garza,Gabriel,Engineering,98275.6
12832,Martinez,Garrett,Marketing,77602.52
14863,Vargas,Garrett,Engineering,85834.44
12189,Shah,Gregory,Marketing,77254.15
14451,Casey,Gary,Engineering,77569.43
12594,Acosta,Gerald,Sales,89966.11
14544,Johnson,George,Finance,98847.37
12928,Pierce,Gary,Support,75478.88
14488,Torres,Gerald,HR,85746.69
12573,White,Gregory,Support,69069.09
14084,Olson,Gwendolyn,HR,66385.71
12442,Choi,George,Support,49412.86
14234,Garcia,Gregory,IT,91107.36
12056,Martin,Grant,Support,44496.35
14356,Ramirez,Gary,IT,65145.82
12350,Turner,Gina,Support,43626.92
14412,Patton,Gabriel,Legal,121863.93
5350,Miller,George,Engineering,82381.45
14588,Cabrera,Gary,Legal,101398.32
5376,Chavez,Gregory,Engineering,70315.14
14419,Pham,Gregory,Marketing,72678.34
5957,Blake,Gregory,Finance,55828.63
14603,Ryan,Gregory,Sales,76526.55
5244,Johnston,Gregory,IT,60514.03
14051,Davis,Gabriela,Support,68553.5
5655,Allen,Gerald,Legal,105647.63
14817,Neal,Garrett,Support,57976.53
5393,Chen,Gregory,Marketing,70515.38
14160,Price,Gloria,Support,54078.19
5650,Briggs,Gloria,Marketing,64450.52
3954,Skinner,Gwendolyn,Engineering,73542.61
5583,Reed,Grace,Marketing,63413.22
3250,Stewart,Gina,Engineering,62115.04
5642,Hayes,Gwendolyn,Marketing,55985.26
3030,Anderson,Gene,Finance,98795.35
5807,Bryant,Guy,Sales,83230.98
3636,Gray,George,HR,90031.97
5756,Harrington,Gary,Sales,77687.86
3109,Brooks,Gina,HR,89509.66
5743,Morgan,Gregg,Support,77036.62
3566,King,Gary,HR,67446.15
5607,Lutz,Gregory,Support,56791.49
3143,Vaughan,George,IT,70605.96
5282,Roberts,Geoffrey,Support,51678.93
3066,Kelly,Gregory,Legal,113159.27
5069,Fernandez,Gloria,Support,43725.66
3463,Miller,Gordon,Legal,107141.98
2848,Lopez,Gail,Engineering,118147.2
3127,Lopez,Gail,Legal,99791.41
2436,Schultz,Gabrielle,Engineering,71041.84
3965,Reyes,Gabriel,Support,55052.45
2609,Lopez,Gregory,Engineering,62830.72
1656,Taylor,George,Engineering,108223.82
2049,Smith,Gregory,Finance,100365.4
1639,Wilson,Gina,Engineering,74530.56
2535,Salas,Gabriela,Finance,89247.61
1504,Walters,Gregg,HR,61243.76
2826,Riley,Gerald,Finance,63020.64
1544,Clark,Gregory,HR,51522.44
2488,Mccall,Gregory,HR,94086.69
1459,Baker,Gregory,IT,98409.43
2968,Brown,Gina,HR,64727.3
1265,Harper,Grant,IT,80649.98
2451,Griffith,Gary,IT,69588.28
1522,Bryant,Gregory,IT,69390.92
2200,Rodriguez,Gary,Legal,118883.35
1301,Cross,George,IT,61139.72
2716,Johnson,Gregory,Legal,99504.48
1931,Smith,George,Legal,121589.81
2866,Mcdaniel,Gregory,Legal,97663.12
1011,Wheeler,Gary,Legal,117566.67
2692,Ortega,Gregory,Legal,79114.49
1672,Brown,Gary,Legal,78057.54
2039,Robinson,Gary,Marketing,86491.68
1470,Hardy,Greg,Legal,75436.67
2045,Mitchell,Gabrielle,Marketing,83748.32
1339,Price,Gabriel,Legal,70413.23
2908,Reynolds,George,Sales,86149.46
1393,Johnson,Gary,Legal,67797.12
2139,Mayo,Gary,Sales,83366.84
1329,Stanley,Gregory,Marketing,92381.64
2010,Frazier,Gregory,Support,76960.99
1157,Phillips,Gina,Marketing,71580.08
11434,Davis,Gavin,Engineering,98538.81
1596,Bennett,Gregory,Marketing,52547.49
11965,Terry,Gary,Finance,105725.42
1066,Good,Gail,Sales,84081.15
11380,Bates,Gregory,Finance,70979.31
1147,Clarke,Gregory,Sales,70127.03
11845,Lawson,Gabriel,HR,88938.93
1258,Caldwell,Gabriel,Sales,55207.91
11579,Guerrero,Gregory,HR,86232.15
1090,Stewart,Glenn,Support,46702.03
11730,Barrera,Gregory,IT,85892.13
11781,Gutierrez,George,IT,81377.87
11040,Lopez,Gregory,IT,74295.37
11663,Daniels,Gerald,Legal,102451.26
11418,Walsh,Gina,Legal,92133.55
11592,Hines,Gregory,Legal,78884.43
11551,Howard,Garrett,Marketing,86631.24
11526,Williams,Gregory,Marketing,69758.36
11070,Berry,Grace,Marketing,57955.01
11547,Mendoza,Gabriel,Marketing,57173.98
11024,Dawson,George,Marketing,55418.12
11786,Morgan,Gina,Sales,54014.81
11251,Wise,Gary,Support,79042.24
11961,Barnes,Guy,Support,78100.75
11800,Johnson,Grace,Support,45484.62
9671,Monroe,Haley,Engineering,105226.38
11192,Castaneda,Holly,Engineering,95729.46
9556,Kerr,Hannah,Engineering,67931.59
11161,Parker,Hayley,Engineering,66035.79
9988,Kelly,Hunter,Finance,91912.29
11433,Collins,Haley,Engineering,65713.09
9125,Johnson,Heather,Finance,81518.18
11810,Glass,Heather,HR,89547.05
9581,Miller,Hannah,Finance,59616.28
11080,Reed,Henry,IT,90787.62
9662,Hawkins,Harold,HR,93459.06
11890,Burgess,Holly,IT,70621.69
9829,Campbell,Heather,HR,54715.97
11166,Nelson,Hannah,Legal,122520.25
9574,Mason,Hannah,IT,107019.52
11635,Lynch,Heather,Legal,119107.95
9716,Taylor,Howard,IT,94542.26
11509,Spencer,Heather,Legal,99962.6
9359,Hernandez,Hannah,Legal,102736.08
11926,Richmond,Hailey,Legal,96314.36
9284,Smith,Heather,Legal,90052.17
11680,Clark,Heather,Support,51910.95
9299,Allen,Harry,Marketing,67674.12
8369,Rose,Hannah,Engineering,105743.97
1903,Joseph,Heather,Finance,97113.72
10289,Vaughn,Heather,Engineering,119029.7
9534,Williams,Heather,Marketing,56153.32
8261,Knight,Heather,HR,80618.02
1628,Sanders,Holly,Finance,86808.43
10224,Hill,Hannah,Engineering,112626.65
9613,Wiggins,Heather,Marketing,52162.42
8239,Thompson,Heather,HR,67809.38
1039,Wright,Heather,Finance,67524.93
10540,Taylor,Heather,Engineering,109881.91
9056,Leach,Heather,Sales,55925.29
8893,White,Hector,HR,53981.66
1232,Hopkins,Harold,HR,69306.57
10072,Oliver,Hannah,Engineering,106263.22
9303,Hansen,Heather,Sales,55495.81
8883,Allen,Hector,IT,97249.82
1420,Owens,Holly,HR,58444.64
10009,Chen,Holly,Finance,73288.77
9054,Cook,Holly,Support,78306.4
8165,Nelson,Heather,IT,95432.29
1872,Lee,Hailey,IT,103681.88
10170,Price,Holly,HR,67550.26
9314,Day,Holly,Support,65578.98
8581,Brown,Heather,Legal,100554.82
1829,Warren,Haley,IT,75866.98
10748,Clark,Haley,HR,63444.97
7506,Gonzalez,Heather,Finance,108936.58
8139,Harper,Hannah,Legal,82113.32
1185,Suarez,Hector,Legal,117529.96
10658,White,Hannah,IT,114335.58
7979,Tate,Hannah,Finance,71442.36
8041,Santana,Heather,Marketing,51817.41
1294,Wolfe,Holly,Legal,98244.62
10203,Jacobs,Hannah,IT,79391.32
7149,Cross,Heidi,Finance,71219.01
8187,Ramirez,Haley,Sales,86196.61
1081,Henderson,Heather,Legal,84700.31
10168,Freeman,Heather,IT,78813.33
7330,Pierce,Holly,HR,53294.08
8629,Gray,Henry,Sales,70086.97
1336,Payne,Hannah,Legal,75975.52
10731,Thompson,Holly,Legal,112773.45
7519,Ward,Hector,IT,60262.12
8171,Mccoy,Haley,Sales,56127.38
1390,Contreras,Heather,Marketing,71753.8
10978,Dudley,Heather,Legal,73772.21
7750,Jordan,Herbert,Legal,115468.41
1117,Barnes,Heidi,Marketing,57693.7
10221,Miller,Heidi,Marketing,87531.66
7457,Love,Holly,Legal,114040.33
1414,Craig,Heidi,Support,50121.68
10543,Roberts,Haley,Marketing,73214.07
7617,Black,Holly,Legal,93337.53
1335,King,Heather,Support,44670.23
10917,Gillespie,Heather,Marketing,57752.74
7462,Martinez,Hannah,Legal,78283.79
6272,Williams,Heather,Engineering,87883.12
10246,Bennett,Heather,Sales,69988.51
7495,Fisher,Heather,Marketing,94366.97
6536,Watson,Heather,Finance,108206.36
10188,Strickland,Hunter,Sales,53865.68
7592,Luna,Harry,Marketing,90460.31
6276,Smith,Heidi,Finance,88701.64
10894,Russo,Hannah,Sales,47587.09
7279,Malone,Heather,Marketing,88966.2
6887,Miller,Heather,Finance,66678.19
10175,Sanders,Haley,Support,69672.87
7652,Miller,Holly,Marketing,50409.52
6209,Simpson,Heather,HR,81765.05
10934,Zimmerman,Heather,Support,68515.27
7678,Powell,Henry,Sales,80445.5
6414,Rodriguez,Hannah,IT,112203.26
10122,Fitzgerald,Heather,Support,52895.8
7509,Cummings,Henry,Sales,52756.16
6649,Henry,Henry,IT,110261.75
469,Mitchell,Heather,Engineering,98122.54
7379,Meyer,Heather,Sales,46296.86
6718,Stanley,Harold,Legal,95376.47
419,Medina,Heather,Finance,78564.0
7184,Dean,Hector,Support,78500.57
6691,Shah,Haley,Sales,73972.6
688,Garcia,Hannah,HR,90291.38
7827,Peterson,Hayley,Support,74427.67
6423,Woodard,Henry,Support,53439.27
720,Brown,Heidi,HR,55691.77
4135,Cook,Henry,Engineering,90019.57
980,Martinez,Heather,IT,107416.84
4561,King,Hayley,Finance,96043.01
393,Guerra,Heather,Legal,80101.97
4297,Grimes,Heather,Finance,85327.92
482,Cox,Henry,Legal,72257.94
4197,Owens,Hannah,HR,79201.26
653,Huff,Heather,Marketing,68670.37
4376,Anderson,Holly,HR,62830.23
766,Valdez,Hannah,Marketing,67801.52
4733,Kline,Helen,HR,52871.11
543,Leblanc,Holly,Sales,79557.57
4540,West,Heather,Legal,105130.89
37,Alvarado,Heather,Support,76748.37
4392,Morales,Heather,Marketing,85785.81
96,Wright,Hannah,Support,44998.58
4888,Wood,Hannah,Sales,62262.02
60,Proctor,Heather,Support,41014.21
4469,Murray,Hannah,Sales,54676.25
2417,Harris,Heather,Finance,94258.72
4222,Savage,Hunter,Support,49921.21
2876,Fischer,Haley,Finance,93560.4
12536,Noble,Heather,Engineering,90611.53
2937,Frye,Helen,Finance,62104.09
12549,Green,Holly,HR,92057.59
2127,Wright,Holly,HR,81822.08
12029,Cobb,Hannah,IT,111598.13
2616,Johnston,Hannah,IT,74997.59
12585,Deleon,Heather,IT,107959.17
2749,Williams,Harry,Legal,120528.46
12227,Houston,Heather,Legal,89977.78
2735,Johnson,Heather,Legal,120123.61
12298,George,Helen,Legal,73068.04
2055,Klein,Hannah,Legal,82193.95
12030,Hawkins,Haley,Marketing,75316.66
2471,Snyder,Hunter,Marketing,95526.48
12768,George,Heather,Marketing,65270.83
2962,Houston,Haley,Marketing,71640.42
12403,Spence,Holly,Marketing,64530.9
2510,Garcia,Heather,Marketing,70465.13
12932,Smith,Heidi,Sales,80921.1
2137,Holland,Heather,Marketing,62936.66
12800,Thomas,Heather,Sales,74208.06
2787,Guerrero,Heather,Marketing,58706.65
12777,Weaver,Henry,Sales,55618.57
2492,Young,Heather,Sales,83281.56
15553,Cooper,Heather,Engineering,79469.88
2027,Olson,Hannah,Sales,81021.41
15164,Lewis,Heather,Finance,98468.35
2345,Morton,Heather,Support,55495.21
15761,Roberts,Holly,Finance,74770.23
13616,Hughes,Holly,Engineering,85162.36
15684,Berry,Hector,Finance,60999.01
13191,Martinez,Henry,Engineering,67495.94
15108,Kidd,Heidi,Finance,58060.07
13514,Waller,Heather,HR,83119.39
15899,Silva,Heather,HR,85578.81
13429,Hutchinson,Hunter,HR,56921.64
15024,Wright,Holly,HR,69395.39
13388,Newman,Harry,HR,55479.09
15469,Becker,Heather,IT,83445.64
13798,Gonzalez,Heidi,HR,55168.21
15917,Rowland,Heather,Marketing,84013.19
13712,Alvarado,Heather,HR,51366.61
15887,Bennett,Heidi,Sales,86949.58
13975,Brown,Heidi,IT,101476.26
3830,Ellis,Heather,Engineering,104755.28
13017,Brown,Heather,IT,89600.92
3614,Clayton,Hannah,Engineering,98024.5
13979,Nolan,Haley,IT,72845.25
3363,Bishop,Heather,Engineering,96841.23
13107,Jackson,Hannah,Legal,124072.73
3431,Conner,Heather,Engineering,74874.7
13577,Garrett,Henry,Legal,104458.91
3564,Ortiz,Howard,Engineering,74580.76
13086,Alvarado,Henry,Legal,98879.4
3062,Burns,Hannah,HR,76120.37
13921,Freeman,Heather,Legal,98193.41
3064,Harper,Heather,HR,61758.7
13951,Brewer,Heather,Legal,77671.24
3872,Bennett,Henry,IT,73414.63
13997,Jensen,Hayden,Legal,68789.35
3391,Blake,Heather,Legal,97226.16
13449,Graham,Holly,Legal,65330.18
3010,Kelley,Heidi,Marketing,82680.75
13904,Mcclure,Heidi,Marketing,93500.22
3870,Rodriguez,Hannah,Marketing,82460.28
13103,Wise,Holly,Marketing,57826.27
3905,Ward,Howard,Sales,72105.63
13255,Johnson,Hannah,Sales,81007.92
3572,Stone,Heather,Sales,65686.29
14844,Hill,Hannah,Engineering,85524.74
3021,Flores,Haley,Sales,53180.33
14727,Lewis,Heather,Engineering,76073.25
3844,Smith,Helen,Support,78734.11
14875,Brown,Herbert,Finance,68152.52
3418,Baker,Heather,Support,77009.72
14062,Williams,Heather,Finance,57355.8
3847,Evans,Heather,Support,59925.08
14190,Glover,Hunter,HR,83522.83
3214,Adams,Howard,Support,41860.27
14908,Ponce,Heidi,IT,110225.99
5894,Wilson,Heather,Engineering,98500.2
14651,Moore,Holly,IT,100550.56
5399,Nielsen,Heather,Engineering,84899.3
14174,Nash,Heather,Legal,106361.73
5390,Miles,Heather,Engineering,64387.01
14500,Hancock,Heather,Legal,66566.83
5409,Miller,Hayley,Finance,107124.26
14909,Nielsen,Heidi,Marketing,91453.08
5946,Ramsey,Henry,Finance,96484.77
14678,Marquez,Haley,Marketing,74845.48
5599,Mccormick,Hannah,HR,50495.41
14527,Lambert,Hailey,Marketing,72034.3
5161,Walker,Heidi,IT,89013.06
14612,Kelly,Harold,Sales,68505.34
5302,Adams,Heather,Legal,122917.44
14978,Landry,Heidi,Sales,55001.68
5166,Randall,Heather,Legal,111605.95
14025,Reid,Hannah,Sales,51994.87
5101,Baker,Heather,Legal,67409.96
14473,Cardenas,Hannah,Support,43688.84
5871,Anderson,Hector,Marketing,94317.39
5741,Murphy,Holly,Marketing,75299.15
5561,Schneider,Heidi,Marketing,71935.57
5377,Rivera,Heather,Marketing,62071.44
5878,Dickerson,Hayley,Sales,69995.84
5006,Flores,Harold,Support,77424.9
8323,Rollins,Isabella,Finance,71092.58
5335,Mooney,Ian,Support,73619.34
8774,Rodriguez,Ian,IT,114899.87
14596,Harris,Isaac,HR,76992.84
11664,Phillips,Isaac,Engineering,108989.69
6915,Kennedy,Isabel,Engineering,60060.61
8890,Washington,Ian,Marketing,64998.79
9441,Freeman,Ian,HR,91874.53
11541,Garcia,Isaiah,HR,80377.65
6165,Harmon,Ivan,Support,72262.96
9550,Campbell,Ian,HR,85235.07
11654,Ellis,Ian,IT,91446.03
7931,Roberts,Isaac,Finance,69197.74
9046,Jennings,Ian,Sales,76543.92
1559,Fernandez,Isaac,HR,58064.94
7701,Ward,Isaiah,Finance,56973.75
10686,Mann,Isaac,Finance,64740.17
1224,Perry,Isaac,IT,96062.72
10353,Chan,Isaiah,Sales,58374.67
1669,Williams,Ian,Legal,93757.96
3960,Coleman,Ian,HR,71363.48
12497,Castro,Isaiah,Finance,64532.15
3507,Patel,Isabella,Marketing,56777.24
12784,Martin,Isaiah,HR,89048.67
3891,Brooks,Isaac,Sales,84708.35
12252,Roberts,Isaac,Legal,113402.36
3789,Taylor,Isaiah,Support,76236.87
12231,Fox,Isaac,Legal,85242.82
155,King,Ian,Marketing,98988.62
12807,Montgomery,Isabel,Legal,79078.46
4023,Martin,Isabella,HR,84857.01
13395,Washington,Ian,Finance,58725.57
2715,Patterson,Ivan,HR,87794.54
13578,Wright,Ian,Legal,116327.24
2928,Oconnell,Isabella,Marketing,94065.09
15306,Ewing,Isaiah,Engineering,101249.67
2182,Mendez,Ian,Marketing,80144.93
15067,Smith,Ian,Finance,55407.17
2059,Wall,Isaiah,Marketing,74579.08
15903,Meyers,Ian,IT,85191.91
2254,Hicks,Isaac,Support,60819.93
15989,Foster,Ian,Legal,94749.12
15971,Duncan,Ian,Legal,76066.48
7104,White,Jacob,Engineering,118953.91
15742,Miller,Jonathan,Engineering,119793.59
7321,Perkins,Jeffrey,Engineering,116925.11
15755,Morales,James,Engineering,115296.49
7348,Johnston,Jennifer,Engineering,115911.26
15889,Stewart,John,Engineering,103648.29
7767,Kent,James,Engineering,114603.81
15990,Larson,Joel,Engineering,101492.0
7896,Matthews,Jay,Engineering,114136.95
15907,Melendez,Jennifer,Engineering,98809.14
7952,Williams,Jerry,Engineering,113720.94
15130,Morton,Joshua,Engineering,98059.85
7589,Callahan,Joshua,Engineering,113051.13
15602,Espinoza,James,Engineering,94530.84
7071,Hernandez,James,Engineering,112386.6
15708,Olson,Jeffrey,Engineering,91471.4
7798,Martin,Jose,Engineering,111409.03
15995,Weiss,Janet,Engineering,88970.07
7840,Alexander,Judy,Engineering,106594.17
15121,Taylor,John,Engineering,88694.85
7934,Parker,Jocelyn,Engineering,105823.79
15073,Parrish,James,Engineering,84323.1
7538,Lambert,Jonathan,Engineering,105474.98
15217,Long,Jane,Engineering,82818.89
7077,Edwards,John,Engineering,102840.63
15665,Sandoval,Jessica,Engineering,80590.19
7272,Mitchell,Joseph,Engineering,101793.67
15375,Villarreal,Jennifer,Engineering,79287.28
7308,Bryant,Jessica,Engineering,101729.46
15402,Gilbert,Joshua,Engineering,76685.41
7026,Gonzalez,Justin,Engineering,100832.57
15341,Palmer,Jason,Engineering,75036.09
7625,Cox,Julie,Engineering,100675.64
15533,Morgan,John,Engineering,73330.05
7499,Andrews,Jenna,Engineering,96916.13
15183,Robertson,Joseph,Engineering,72119.17
7158,Ibarra,Jacob,Engineering,95886.12
15166,Mcdaniel,Jose,Engineering,70692.42
7414,Duke,Jose,Engineering,94038.19
15860,Hall,James,Engineering,67985.29
7073,Barnett,Joan,Engineering,88707.23
15193,Gates,Jason,Engineering,65146.24
7154,Chan,John,Engineering,87558.62
15122,Hogan,Judith,Engineering,62942.05
7063,Dalton,Jonathan,Engineering,84209.37
15104,Adkins,Jordan,Finance,107254.85
7839,Paul,Jose,Engineering,76864.0
15150,Glover,Julie,Finance,102092.65
7051,Trevino,Joseph,Engineering,73351.77
15447,Hines,Jacob,Finance,101813.55
7766,Berg,John,Engineering,72074.32
15244,King,Jason,Finance,95964.96
7597,Rangel,Jennifer,Engineering,62723.56
15912,Morton,Justin,Finance,94352.57
7416,Smith,John,Finance,108661.05
15212,Rojas,James,Finance,93495.06
7700,Prince,Joshua,Finance,108126.33
15483,Marsh,Jeffrey,Finance,92604.29
7391,Castillo,Johnny,Finance,105102.35
15585,Thompson,Justin,Finance,91849.23
7241,Parrish,Jason,Finance,104749.84
15954,Huffman,Jeffery,Finance,87982.41
7575,Whitehead,Joseph,Finance,102373.75
15796,Scott,Joseph,Finance,83288.8
7302,Edwards,James,Finance,100910.58
15476,Henderson,Joyce,Finance,82530.03
7448,Castillo,Jacob,Finance,98367.02
15317,Hall,Jimmy,Finance,81443.14
7507,Hardin,Jay,Finance,98270.99
15584,Church,Joshua,Finance,81076.26
7040,Ho,Joseph,Finance,98253.16
15459,Humphrey,Jessica,Finance,78042.65
7841,Meyers,Jason,Finance,96447.25
15173,Romero,Jason,Finance,70547.47
7941,Kennedy,Justin,Finance,95620.32
15620,Christensen,John,Finance,69824.05
7762,Schmidt,Janet,Finance,92038.64
15519,Dyer,James,Finance,67917.12
7204,Wilson,Jamie,Finance,91136.2
15232,Foster,Jenna,Finance,66868.61
7681,Patterson,Jacob,Finance,87360.98
15652,Meyers,Jasmine,Finance,61925.93
7539,Alvarez,Justin,Finance,84228.42
15267,Clark,Jason,HR,93624.98
7041,Patterson,Justin,Finance,82559.95
15446,Smith,James,HR,92923.72
7395,Terry,Jacob,Finance,79381.86
15058,Hodges,Jose,HR,92672.11
7824,Miller,Jermaine,Finance,73946.56
15562,Andrade,John,HR,92088.67
7802,Carlson,Jamie,Finance,71446.8
15720,Underwood,Jillian,HR,89881.97
7129,Rosario,Jonathon,Finance,61633.86
15815,Johnson,James,HR,88895.5
7444,Davis,James,Finance,61559.5
15999,Howard,Justin,HR,88158.88
7864,Ford,Joanne,HR,94874.02
15808,Davis,Jaclyn,HR,86115.33
7231,Collins,Jessica,HR,93476.61
15878,Patterson,James,HR,81412.19
7211,White,John,HR,93456.19
15594,Hill,Jessica,HR,78539.41
7782,Garcia,Jared,HR,93275.5
15456,Summers,Joann,HR,78418.93
7837,Santiago,Jill,HR,91131.33
15575,Curry,Julie,HR,76550.08
7364,Silva,Joshua,HR,81324.49
15171,Smith,Joel,HR,74985.27
7889,Kelly,Jean,HR,80354.67
15143,Pacheco,Joseph,HR,73230.03
7313,Rogers,Julia,HR,80042.91
15489,Holloway,Jacqueline,HR,69974.74
7703,Juarez,Jessica,HR,74418.73
15667,Wilcox,Joseph,HR,69059.87
7881,Wiley,James,HR,73884.49
15034,Leonard,Jeffery,HR,68731.85
7698,Wilkerson,John,HR,70882.65
15704,Hull,Joshua,HR,66943.97
7169,Stewart,Joy,HR,69720.04
15203,Parker,Jesus,HR,63378.21
7583,Anderson,Jeremy,HR,66437.38
15278,Young,Jason,HR,59580.76
7475,Moreno,Jessica,HR,63196.42
15286,Burnett,Jennifer,HR,50911.71
7696,Mitchell,Jacob,HR,62362.84
15686,Ferrell,James,IT,110771.01
7011,Harrison,Jennifer,HR,61169.29
15673,Taylor,Jennifer,IT,110095.9
7331,Williams,Jennifer,HR,60322.79
15371,Stone,Jessica,IT,109294.32
7107,Conrad,John,HR,58928.89
15417,Watson,James,IT,109180.09
7969,Kidd,Julia,HR,58851.24
15066,Cooper,Jesse,IT,104561.27
7477,Mcintyre,Jennifer,HR,51301.85
15827,Smith,Jason,IT,103643.59
7456,Brooks,Jennifer,HR,51083.74
15894,Hopkins,John,IT,78435.5
7624,Johnson,Joshua,IT,112088.03
15661,Wood,John,IT,74291.53
7613,Taylor,James,IT,110920.1
15451,Jordan,Joseph,IT,74182.7
7571,Ortega,Julie,IT,107352.28
15898,Chavez,Jesse,IT,74043.02
7978,Johnson,Jasmine,IT,105770.97
15389,Soto,Jorge,IT,70169.34
7605,Miller,Jonathan,IT,104378.46
15936,Clements,Jeffrey,IT,69092.83
7911,Roberts,James,IT,103905.99
15666,Castillo,Jennifer,IT,62750.28
7781,Sparks,Jeffrey,IT,100930.37
15347,Johnson,Jesus,IT,60263.42
7972,Palmer,Jeremy,IT,100575.01
15370,Wilson,Jill,Legal,122755.03
7223,Taylor,Jamie,IT,93923.04
15849,Brooks,Jonathan,Legal,118948.73
7193,Jones,Jeffrey,IT,92331.32
15161,Lee,Joshua,Legal,113666.26
7007,Martinez,Jennifer,IT,91616.48
15480,Webb,Joel,Legal,111479.93
7556,Ford,Jonathan,IT,85860.99
15387,Arnold,Jaclyn,Legal,110079.39
7207,Blankenship,Jason,IT,84602.75
15177,Castillo,Jason,Legal,109198.72
7157,Gray,Jonathan,IT,79004.89
15225,Cox,Jennifer,Legal,105622.79
7138,Kramer,Jessica,IT,78810.2
15845,Clark,John,Legal,96272.47
7749,Miller,John,IT,75078.33
15135,Hughes,Judy,Legal,94933.06
7644,Larsen,Jill,IT,70421.01
15823,Pierce,Jennifer,Legal,90833.88
7497,Flores,James,IT,66513.85
15261,Watkins,Jennifer,Legal,89954.13
7618,Lindsey,Joseph,IT,65961.45
15229,Lopez,Jason,Legal,81314.37
7159,Stewart,Jonathon,IT,63373.96
15525,Payne,John,Legal,80251.37
7928,Roberson,Joseph,IT,63304.63
15539,Armstrong,Julie,Legal,79370.15
7794,Ross,Janice,Legal,123012.92
15008,Brown,Jill,Legal,71477.71
7606,Davis,Joseph,Legal,122739.68
15747,Miller,Jennifer,Marketing,99664.57
7401,May,Jason,Legal,120873.76
15571,Santana,Jill,Marketing,95777.67
7586,Hayes,Jeff,Legal,118819.81
15748,Cox,Jessica,Marketing,93198.82
7578,Gutierrez,Jay,Legal,117947.81
15125,Estrada,Jonathan,Marketing,91057.8
7903,Griffith,Jorge,Legal,96772.13
15500,Dennis,James,Marketing,89023.53
7968,Chavez,Jeffery,Legal,84737.36
15873,Curry,Jason,Marketing,88451.46
7257,Stewart,Jason,Legal,73851.05
15943,Cook,Joshua,Marketing,86589.6
7265,Adams,James,Legal,72772.65
15672,Armstrong,Jamie,Marketing,85500.33
7236,Raymond,Joseph,Legal,67972.88
15928,Flores,Jo,Marketing,85175.11
7868,Carlson,Jill,Marketing,99737.11
15285,Carter,Jessica,Marketing,83458.26
7047,Williams,Jo,Marketing,98919.72
15955,Keller,Joseph,Marketing,81831.29
7546,Rodriguez,Jennifer,Marketing,97124.82
15236,Vazquez,Jamie,Marketing,81731.04
7060,Alvarado,Jacqueline,Marketing,93448.59
15223,Hawkins,Jeffery,Marketing,64749.75
7786,Miller,Jackson,Marketing,88132.15
15906,Mccarty,Jonathon,Marketing,61906.51
7825,Lopez,Jason,Marketing,84276.73
15759,Young,Jamie,Marketing,55151.13
7032,Curtis,Jennifer,Marketing,79032.64
15793,Hernandez,John,Marketing,52695.83
7249,Wilcox,Jessica,Marketing,77496.84
15397,Compton,Jessica,Marketing,50130.04
7286,Williams,Jonathan,Marketing,73532.87
15910,Johnson,Jennifer,Sales,88838.56
7083,Ortega,Jennifer,Marketing,71070.39
15188,Mcfarland,Justin,Sales,86062.56
7897,Cannon,Jennifer,Marketing,68111.16
15779,Taylor,Joseph,Sales,84309.76
7172,Ayala,Joshua,Marketing,62298.69
15538,Thomas,Joseph,Sales,80680.22
7877,Wade,Julie,Marketing,56785.45
15498,Guerrero,Jennifer,Sales,80600.61
7488,Chandler,Joseph,Marketing,50544.11
15941,White,Jody,Sales,79721.05
7992,Dillon,Jennifer,Marketing,50396.63
15015,Kent,James,Sales,79082.44
7626,Gonzalez,Jeffery,Sales,85354.54
15345,Mccoy,Jennifer,Sales,76870.13
7659,Smith,Jessica,Sales,84763.95
15321,Ayala,Jason,Sales,74672.62
7831,Harrell,Jared,Sales,80366.77
15091,Roberson,Janet,Sales,64237.75
7168,Young,Jade,Sales,77322.35
15219,Kelly,Janice,Sales,63013.34
7156,Becker,Jasmin,Sales,74737.8
15649,Jones,Jeremy,Sales,61864.08
7425,Pierce,John,Sales,68018.56
15830,Young,Jason,Sales,61851.9
7637,Burns,Julie,Sales,67072.69
15617,Green,Jonathan,Sales,60206.53
7566,Lee,Jacob,Sales,66443.12
15202,Salas,Jerry,Sales,54373.88
7958,Hammond,Jared,Sales,64568.65
15224,Myers,Joshua,Sales,53897.79
7970,Robinson,Joseph,Sales,57999.22
15819,Carroll,Jamie,Sales,53148.37
7045,Thomas,Jamie,Sales,54527.34
15552,Jacobs,Jennifer,Sales,46421.16
7663,Hodges,James,Sales,53751.13
15657,Tanner,Joseph,Support,79853.74
7595,Salazar,Jacob,Sales,53468.58
15239,Gibson,Joshua,Support,78921.12
7284,Johnson,Jennifer,Sales,48413.22
15526,Weaver,Jason,Support,78776.93
7697,Steele,Jessica,Sales,45925.58
15101,Ramirez,Jessica,Support,77593.99
7273,Escobar,Jennifer,Support,77705.79
15587,Medina,Janet,Support,68392.77
7443,Shea,Jamie,Support,75753.79
15398,Johnson,John,Support,68092.15
7811,Rodriguez,James,Support,73886.65
15870,Brown,Judith,Support,65008.42
7561,Austin,Jessica,Support,70872.28
15529,Foster,Jennifer,Support,63786.82
7584,Murray,Joshua,Support,65978.36
15509,Stewart,Jack,Support,57492.01
7009,Curtis,Julia,Support,63467.44
15669,Freeman,Joseph,Support,57080.78
7315,Moore,Jo,Support,60097.69
15895,Richard,Joseph,Support,50143.64
7277,Arnold,James,Support,57724.29
15784,Flores,Jennifer,Support,46485.97
7131,Johnston,Juan,Support,57177.07
15976,Sharp,Jaclyn,Support,43006.3
7905,Williams,Jennifer,Support,56429.7
2992,Turner,Jaclyn,Engineering,109796.47
5204,Mann,Joseph,Engineering,118751.18
8639,Reed,Jacob,Engineering,119420.16
7299,Kelly,Joseph,Support,52635.83
2943,Anderson,Jasmine,Engineering,101592.34
5353,Hendricks,Joseph,Engineering,108877.04
8977,Allen,Jonathan,Engineering,106094.44
7196,Larson,Joann,Support,47958.9
2400,Jones,Justin,Engineering,99800.67
5613,Grant,James,Engineering,108033.15
8570,Dunn,Juan,Engineering,103945.15
7988,Owens,Judith,Support,45476.51
2071,Ortiz,Jamie,Engineering,99507.11
5603,Cochran,Jon,Engineering,106448.35
8597,Evans,Julia,Engineering,103358.69
7677,Thomas,Jennifer,Support,41842.7
2734,Morse,Juan,Engineering,98106.17
5549,Taylor,Joshua,Engineering,105585.85
8175,Murphy,Jamie,Engineering,101545.31
7611,Wilkins,James,Support,41819.67
2516,Meyer,Jennifer,Engineering,95634.75
5564,Briggs,Jessica,Engineering,104216.41
8222,Becker,John,Engineering,97506.35
14172,Pacheco,Judith,Engineering,119676.75
2755,Hanson,Jeffrey,Engineering,93391.03
5523,Pratt,Jay,Engineering,99193.05
8217,Williams,Joseph,Engineering,94048.44
14372,Stevens,John,Engineering,119488.31
2224,Smith,Juan,Engineering,90718.07
5721,Campos,Jennifer,Engineering,98671.88
8059,Barnes,Joshua,Engineering,89131.45
14305,Scott,Jennifer,Engineering,111575.16
2088,Carter,Jennifer,Engineering,89458.8
5658,Shepherd,Johnny,Engineering,95472.21
8553,Nelson,Jade,Engineering,87513.16
14421,Moore,Jennifer,Engineering,106905.15
2184,Brown,Jesus,Engineering,86849.92
5638,Cervantes,Jeffrey,Engineering,94828.95
8319,Sullivan,Jose,Engineering,86807.25
14504,Jackson,Jon,Engineering,106285.09
2047,Castillo,Jason,Engineering,85524.38
5610,Blair,Joseph,Engineering,90204.8
8225,Vazquez,Jesus,Engineering,83693.29
14325,Herrera,Juan,Engineering,105332.19
2757,Newton,Jesse,Engineering,85111.56
5200,Torres,Jennifer,Engineering,89449.61
8033,Rodriguez,Jacqueline,Engineering,79750.56
14565,Hart,Jean,Engineering,103917.3
2355,Mills,Joseph,Engineering,84048.56
5255,Mccarthy,Jennifer,Engineering,78548.23
8414,Fox,Joseph,Engineering,79031.13
14053,Page,John,Engineering,101588.42
2138,Garcia,Jeremy,Engineering,75618.11
5005,Smith,Jessica,Engineering,77374.1
8678,Summers,Jason,Engineering,78714.89
14483,Acosta,James,Engineering,94358.71
2754,Olson,Jessica,Engineering,74851.77
5927,Ellison,Joshua,Engineering,72779.75
8407,Maddox,Jill,Engineering,78310.32
14461,Arroyo,Joshua,Engineering,91978.88
2218,Davenport,Jacqueline,Engineering,73707.71
5113,Ortega,Jimmy,Engineering,69391.74
8729,Schwartz,Jeffrey,Engineering,66079.92
14714,Villanueva,Jennifer,Engineering,90935.92
2589,Strong,Jeffery,Engineering,63304.39
5467,Wood,Joshua,Engineering,66615.03
8648,Malone,James,Engineering,65724.07
14268,Salazar,James,Engineering,83883.39
2852,Kaiser,Jennifer,Engineering,60086.92
5905,Burns,Jennifer,Engineering,66588.81
8372,White,Jacob,Engineering,64964.17
14939,Lang,Joshua,Engineering,83466.83
2777,Schmidt,Jesse,Finance,107926.32
5733,Smith,Janet,Engineering,65464.33
8213,Roberts,Julia,Finance,108790.2
14167,King,Justin,Engineering,77538.83
2671,Boyle,Johnny,Finance,107180.04
5554,Gaines,Jonathan,Engineering,65358.18
8787,Henderson,Julie,Finance,104361.42
14832,Khan,Janice,Engineering,76925.65
2348,Buchanan,Jose,Finance,105573.16
5463,Shaw,Judith,Engineering,62812.79
8675,Rubio,Jodi,Finance,103067.15
14621,Watkins,James,Engineering,72902.53
2015,Williams,John,Finance,103001.48
5199,Brooks,James,Engineering,60457.65
8241,Gaines,Justin,Finance,99980.88
14670,Taylor,Jack,Engineering,71516.55
2899,May,Joseph,Finance,99572.89
5472,Orozco,James,Finance,107971.43
8109,Beltran,Jennifer,Finance,97542.09
14746,Alvarado,James,Engineering,71214.82
2054,Yoder,Jason,Finance,93428.69
5147,Henderson,Julie,Finance,94968.22
8537,Burnett,Julia,Finance,96264.99
14441,Mcgrath,Jennifer,Engineering,71161.86
2017,Weiss,Julie,Finance,91348.92
5359,Miller,James,Finance,91619.89
8613,Guzman,Jeff,Finance,95664.11
14541,Ayers,Julia,Engineering,67602.16
2831,Miller,Jose,Finance,89909.86
5228,King,Jack,Finance,86380.04
8174,Ruiz,Judy,Finance,93135.52
14298,Cortez,James,Engineering,66546.17
2693,Cochran,Jeremy,Finance,86481.18
5693,Kelly,Jerry,Finance,84542.17
8482,Raymond,Justin,Finance,91622.79
14772,Warren,Jerry,Engineering,65597.81
2918,Welch,Jason,Finance,85910.26
5231,Novak,Jared,Finance,82231.28
8064,Kelly,John,Finance,90606.25
14332,Parker,Jennifer,Engineering,62074.77
2775,Frazier,John,Finance,83001.2
5293,Combs,Joseph,Finance,78645.57
8621,Ward,Jacob,Finance,85324.51
14034,Mcclure,Jeremy,Engineering,61545.31
2792,Hawkins,Jesse,Finance,80480.97
5439,Wallace,Joseph,Finance,77542.45
8781,Howard,John,Finance,81705.52
14547,Jimenez,Julia,Engineering,61091.48
2162,Turner,Jerry,Finance,78173.39
5276,Richard,Jennifer,Finance,67134.46
8327,Welch,Jessica,Finance,79580.27
14076,Long,John,Engineering,61068.81
2949,Owens,Jose,Finance,74753.14
5327,Barrett,Jeffrey,Finance,65195.31
8443,Chavez,Jennifer,Finance,76954.53
14804,Schmidt,Jason,Finance,103115.58
2153,Sandoval,Jared,Finance,71783.88
5480,Williams,Justin,Finance,59430.82
8674,Reyes,Jesse,Finance,76804.1
14489,Smith,Jason,Finance,101162.63
2129,Williams,Jeffrey,Finance,69663.67
5125,Clark,Jon,Finance,56484.01
8842,Bruce,Joshua,Finance,76304.99
14815,Martinez,Jesse,Finance,97466.99
2756,Smith,John,Finance,64697.64
5226,Greer,Jessica,HR,91704.97
8697,Gonzales,Joann,Finance,70700.17
14194,Martinez,Julie,Finance,96772.43
2568,Torres,Julie,Finance,61386.76
5086,Turner,Joshua,HR,89379.1
8838,Smith,Jackson,Finance,69790.9
14759,Parrish,Jamie,Finance,93528.52
2873,Herman,Jenny,Finance,59735.29
5579,Swanson,Jeremy,HR,86906.34
8996,Thompson,Jesse,Finance,66734.34
14904,Ramirez,Joshua,Finance,91198.45
2602,Hardy,James,Finance,57499.04
5441,Humphrey,Julie,HR,86471.4
8646,Wilson,Jill,Finance,64094.18
14131,Gill,Johnny,Finance,89691.43
2570,Davis,Jesus,Finance,55982.0
5222,Peterson,James,HR,77999.36
8833,Romero,John,Finance,60176.65
14086,Barnett,Joseph,Finance,86631.98
2477,Hicks,Joshua,HR,92441.9
5974,Wilson,Justin,HR,74143.24
8151,Robinson,Jonathan,Finance,59900.23
14493,Jones,Jennifer,Finance,79254.08
2234,Henry,Jackie,HR,88701.51
5250,Flores,Justin,HR,68217.0
8252,Jones,Johnny,HR,91311.08
14101,Norris,Jeremy,Finance,78502.55
2572,Acevedo,Jacob,HR,87962.32
5052,Collins,Joseph,HR,67438.93
8567,Mcmahon,Justin,HR,87315.83
14109,Rodriguez,James,Finance,69811.55
2825,Brown,Jeremy,HR,87548.74
5451,Cannon,Jacob,HR,66845.19
8782,Ramos,John,HR,86013.64
14586,Allen,Joseph,Finance,68454.28
2053,Harvey,Joseph,HR,86562.57
5401,Hill,John,HR,57822.52
8864,Jenkins,Jean,HR,83206.66
14741,Martin,Jocelyn,Finance,63630.34
2384,Ayers,Joseph,HR,86472.75
5243,Thompson,Jason,HR,57728.31
8468,Ramirez,Jerry,HR,82489.07
14362,Liu,James,Finance,63470.33
2121,Brown,Jeffrey,HR,85854.88
5759,Mills,Justin,HR,52709.39
8427,Sanford,John,HR,78912.11
14529,Maxwell,Jonathan,Finance,59246.63
2917,Lee,Joy,HR,85359.63
5501,Jones,Janet,HR,52228.29
8074,Jackson,Jose,HR,77527.05
14289,Hess,Julie,Finance,57976.71
2333,Lutz,John,HR,84333.7
5606,Robbins,Justin,IT,111452.31
8351,Lindsey,Jason,HR,75878.16
14918,Sanders,Jacqueline,HR,92937.16
2979,Richard,Jeremy,HR,82826.2
5780,Lucas,Jessica,IT,103775.41
8356,Young,Joseph,HR,75623.06
14195,Hart,Joshua,HR,88489.04
2185,Martinez,Jason,HR,78183.24
5145,Ferguson,John,IT,92338.27
8572,Lopez,Jade,HR,72791.17
14344,Mitchell,Jason,HR,86675.7
2221,Klein,Jesse,HR,75359.76
5279,Warner,John,IT,91002.07
8371,Hernandez,Joe,HR,66418.98
14735,Becker,Jasmine,HR,84937.57
2794,Roberts,James,HR,69607.75
5220,Hill,Jade,IT,89063.41
8004,Padilla,James,HR,63318.35
14946,Hansen,John,HR,84238.16
2623,Stevens,Jesse,HR,69348.19
5136,Burnett,Jennifer,IT,84377.62
8997,Mayo,Jamie,HR,54157.19
14404,Roberts,Jessica,HR,76038.07
2068,Hobbs,Jeffery,HR,69339.14
5221,Bowman,Joel,IT,83388.03
8491,Nguyen,James,HR,51910.3
14665,Brown,Jennifer,HR,74644.22
2232,Robertson,James,HR,63999.34
5620,Baker,Jordan,IT,82831.06
8509,Norman,Jeremy,HR,51318.71
14862,Chang,Joseph,HR,71466.9
2146,Bell,Justin,HR,61459.57
5568,Castro,Jenny,IT,78786.61
8865,Moore,James,IT,112256.83
14555,Lewis,John,HR,65550.48
2036,Lam,Joshua,HR,60877.93
5491,Moore,Joseph,IT,78514.37
8768,Wolfe,Jessica,IT,111740.21
14227,Carter,Julia,HR,63647.34
2354,Anderson,Jean,HR,58005.4
5421,Sanchez,Jessica,IT,72829.65
8370,Collins,James,IT,108471.97
14361,Carlson,Jessica,HR,62719.82
2294,Guerrero,Jennifer,HR,53774.02
5290,Martin,John,IT,70676.2
8756,Snyder,Jennifer,IT,105252.94
14672,Parks,Jason,HR,61741.15
2905,Garza,Joseph,HR,53733.72
5477,Morrison,Jessica,IT,69405.24
8308,Perez,Janet,IT,101986.38
14129,Ho,James,HR,61309.26
2637,Anderson,Julie,HR,52628.94
5433,Solis,Jennifer,IT,69377.18
8189,Evans,Juan,IT,98877.31
14791,Sims,Jeffery,HR,61088.61
2034,Wagner,John,IT,114954.95
5631,Moore,Jason,IT,69028.8
8872,Hamilton,Jessica,IT,96638.97
14338,Johnson,Jacqueline,HR,59230.16
2618,Lang,Johnny,IT,113796.2
5495,Walters,Jose,IT,67062.4
8919,Padilla,Jon,IT,94057.98
14092,Martinez,Jason,HR,51533.14
2258,Calhoun,Juan,IT,105598.87
5170,Gilbert,John,IT,61803.97
8247,Cook,Justin,IT,90650.93
14479,Hendricks,Jonathan,HR,50037.96
2913,Spears,Joseph,IT,102047.98
5402,Bradley,Jennifer,Legal,116834.86
8730,Hogan,Joanne,IT,90601.13
14509,Douglas,Jeffrey,IT,114908.05
2998,Gonzalez,Joshua,IT,87545.76
5391,Miller,Joshua,Legal,111724.39
8305,Anderson,James,IT,86703.87
14107,Cruz,Justin,IT,102237.37
2574,Hernandez,Jennifer,IT,86152.63
5752,Stanton,Jacob,Legal,108670.44
8460,Fletcher,John,IT,85447.8
14454,Munoz,John,IT,96782.91
2971,Nelson,Jacqueline,IT,81959.89
5802,Thompson,James,Legal,104119.63
8365,Flowers,Jamie,IT,82818.07
14447,Mosley,Jennifer,IT,95124.1
2128,Perez,Jason,IT,79078.31
5289,Floyd,Joann,Legal,97738.99
8486,Anderson,Jeffrey,IT,76860.91
14623,Jordan,Jennifer,IT,95084.88
2683,Cantu,Jodi,IT,70466.86
5067,Jones,Joseph,Legal,91763.06
8843,Moreno,Jacob,IT,73643.55
14386,Gray,Jay,IT,90802.51
2679,Rangel,Jillian,IT,69536.92
5819,Schwartz,Jason,Legal,86561.14
8438,Knapp,Jean,IT,65115.1
14599,Kaufman,Justin,IT,85749.11
2296,Li,John,IT,67150.31
5860,Olson,Justin,Legal,83285.89
8024,Garner,John,IT,62427.23
14230,White,Joseph,IT,76510.0
2830,Young,Jennifer,IT,67033.19
5836,Hunter,Joseph,Legal,80800.14
8875,Lucas,Jason,Legal,120476.74
14238,Munoz,Jessica,IT,75914.46
2634,Coleman,Jennifer,IT,66658.25
5829,Lee,Jill,Marketing,97344.02
8784,Jones,Jake,Legal,119213.38
14538,Saunders,Jeffrey,IT,75867.92
2401,Ramirez,John,IT,64044.89
5632,Johnson,Jerry,Marketing,92919.31
8106,Anderson,Jacob,Legal,118738.56
14029,Becker,Jillian,IT,75077.97
2378,Smith,Jamie,Legal,123854.75
5834,Miller,Joseph,Marketing,90241.75
8649,Mathews,Jonathan,Legal,116993.76
14283,Schwartz,Jason,IT,74322.6
2941,Green,Jennifer,Legal,118603.31
5403,Brooks,Jordan,Marketing,87806.3
8656,Schwartz,Jason,Legal,116090.17
14516,Williams,Joel,IT,73006.24
2546,Lam,Jason,Legal,110553.46
5066,Anderson,Jeffrey,Marketing,85222.2
8016,Dixon,James,Legal,113044.66
14821,Arias,Jacob,IT,72773.27
2259,Brown,Jonathan,Legal,110472.94
5258,Anderson,Jeffrey,Marketing,85170.99
8550,Wilson,Jonathan,Legal,112078.61
14106,Brown,Jessica,IT,71051.14
2490,Anderson,Joseph,Legal,109805.97
5876,Ramirez,Jason,Marketing,82175.25
8851,Barron,Jose,Legal,111485.11
14865,Pineda,Joshua,IT,70187.6
2910,Maxwell,Jeremiah,Legal,106306.82
5370,Thompson,James,Marketing,81653.82
8072,Reyes,Jerry,Legal,102190.48
14336,Juarez,Jennifer,IT,64260.25
2778,Glover,Jason,Legal,104253.42
5121,Owens,John,Marketing,81148.6
8941,Sullivan,Joseph,Legal,97300.8
14231,Rich,Julie,IT,62191.43
2601,Fernandez,John,Legal,103562.35
5344,Pruitt,Jo,Marketing,79129.51
8610,Wong,Joseph,Legal,95365.45
14855,Jackson,Jay,IT,60585.91
2704,Price,Joshua,Legal,102967.79
5521,Floyd,Jaclyn,Marketing,75925.05
8340,Palmer,Julie,Legal,82162.09
14271,Rhodes,Jillian,Legal,124558.72
2230,Johnson,Jessica,Legal,100534.35
5427,Levine,Jennifer,Marketing,74433.68
8132,Turner,John,Legal,74491.78
14251,Ferguson,Jason,Legal,123102.09
2048,Snow,Jamie,Legal,90564.09
5133,Mcfarland,Jose,Marketing,68552.17
8653,Johnson,Jessica,Legal,72003.82
14910,Jones,Jason,Legal,120484.48
2853,Maddox,Jennifer,Legal,87629.69
5398,Vasquez,Joseph,Marketing,64073.12
8602,Bentley,Joseph,Legal,70326.53
14658,Young,Jonathan,Legal,118141.69
2551,Goodwin,Jeffrey,Legal,84594.8
5720,Weber,Jennifer,Marketing,57216.51
8823,Winters,Jacob,Legal,68757.41
14418,Whitaker,Jamie,Legal,116614.35
2723,Green,Justin,Legal,80740.58
5264,Nelson,Jill,Marketing,56847.83
8967,Dunn,Jill,Legal,66030.77
14919,Lester,Jane,Legal,109502.89
2305,Clay,Jennifer,Legal,80576.97
5851,Crawford,Joseph,Sales,89863.99
8254,Brooks,John,Marketing,96890.71
14948,Garner,Jonathon,Legal,105983.07
2066,Kerr,James,Legal,79680.44
5224,Carrillo,Johnny,Sales,88973.45
8655,Harris,Jason,Marketing,95904.32
14141,Schwartz,Joshua,Legal,100005.2
2746,Griffith,Jenna,Legal,77977.19
5777,Dean,Joshua,Sales,86783.4
8396,Ellis,John,Marketing,95315.97
14925,Ramirez,Jacqueline,Legal,99677.31
2407,Cortez,Jenny,Legal,77348.3
5260,Chavez,Julie,Sales,84514.87
8381,Mcdonald,Jessica,Marketing,92526.15
14880,Lewis,James,Legal,96098.27
2335,Miller,John,Legal,76691.11
5765,Cannon,Jill,Sales,81905.33
8260,Arnold,Justin,Marketing,91032.06
14987,Nicholson,Jeffrey,Legal,90816.79
2788,Cooper,Jack,Legal,70288.96
5637,Lee,Joy,Sales,80010.78
8090,Johnson,Joseph,Marketing,89723.45
14960,Nelson,Joshua,Legal,87764.04
2425,Stewart,Jennifer,Legal,67775.96
5551,Sherman,Jamie,Sales,79484.23
8855,Washington,Jeffrey,Marketing,87694.11
14470,Contreras,Julia,Legal,87605.67
2411,Brady,Jennifer,Legal,67592.17
5560,Nelson,Joan,Sales,79035.85
8493,Baldwin,Jennifer,Marketing,86116.53
14834,Dickerson,Jill,Legal,83531.75
2976,Hahn,Jason,Marketing,98226.47
5271,Johnson,Jacqueline,Sales,70942.93
8481,Davis,Justin,Marketing,83976.79
14848,Romero,Jason,Legal,82752.86
2044,Hunt,Joshua,Marketing,97273.62
5978,Wu,Justin,Sales,67080.75
8344,Salazar,Jenny,Marketing,82554.55
14595,Hill,Justin,Legal,80796.87
2529,Neal,John,Marketing,96014.29
5195,Smith,Joshua,Sales,65406.88
8479,Rojas,Jeffrey,Marketing,73360.64
14934,Jackson,Jacob,Legal,79601.97
2498,Thompson,Jeffrey,Marketing,91890.67
5614,Richard,Jeffrey,Sales,60555.96
8902,Herrera,James,Marketing,62735.54
14608,Gomez,Justin,Legal,79195.79
2509,Graham,Jason,Marketing,90890.52
5936,Grant,John,Sales,59214.78
8496,Becker,Jessica,Marketing,61425.09
14771,Little,Jennifer,Legal,78718.85
2358,Bonilla,Jordan,Marketing,89570.54
5699,Young,Jeremy,Sales,54593.17
8135,Coleman,Julie,Marketing,57431.75
14700,Johnson,Jason,Legal,73107.05
2978,Bond,Jon,Marketing,84477.23
5910,Jones,Joseph,Sales,50292.57
8102,Myers,Joshua,Marketing,54954.58
14806,Chen,Jessica,Legal,72905.27
2954,Eaton,John,Marketing,83101.02
5007,Monroe,Joel,Sales,46968.58
8245,Daniel,Jeffrey,Sales,89271.97
14265,Bowen,Jeffery,Legal,70938.65
2942,Shelton,Johnny,Marketing,75189.08
5740,Johnson,Justin,Sales,46491.15
8430,Rhodes,Jillian,Sales,87754.89
14839,Orr,Jesse,Legal,70589.59
2013,Mitchell,Jeffrey,Marketing,72537.65
5753,Freeman,Jennifer,Sales,46360.3
8461,Murphy,Joseph,Sales,86558.46
14822,Moody,James,Marketing,97353.37
2089,Rowe,Jason,Marketing,67022.53
5336,Taylor,Jonathan,Support,75292.62
8761,Shaw,Jason,Sales,84653.17
14198,Sutton,Jeremy,Marketing,96763.53
2953,Anderson,Jennifer,Marketing,65107.72
5833,Jimenez,John,Support,74546.2
8450,Anderson,Jacob,Sales,84189.81
14301,Brown,Jennifer,Marketing,93165.08
2758,Bailey,Justin,Marketing,63398.08
5247,Coleman,John,Support,73182.27
8680,Williams,Jennifer,Sales,82506.06
14889,Shannon,Julie,Marketing,91876.41
2439,Thompson,Julian,Marketing,61312.45
5909,Barnes,Jennifer,Support,71345.84
8494,Bullock,Jacob,Sales,80692.71
14103,Williams,Joseph,Marketing,90944.82
2095,Phillips,Joseph,Marketing,54874.18
5241,Carey,Jennifer,Support,70260.0
8640,Diaz,John,Sales,80280.8
14291,Cooper,Janet,Marketing,89288.25
2087,Hawkins,Julie,Marketing,54062.23
5590,Maldonado,Joanna,Support,68798.1
8076,Guerrero,Jason,Sales,75886.33
14891,Hall,Joseph,Marketing,86031.23
2809,Hood,John,Marketing,52076.84
5993,Copeland,Joseph,Support,67061.01
8019,Williams,Jason,Sales,66841.84
14156,Smith,Jeremy,Marketing,85793.84
2577,Hall,Julie,Sales,84889.85
5813,Smith,Julie,Support,66667.07
8200,Bonilla,Jorge,Sales,66084.56
14796,Hamilton,Jose,Marketing,85595.11
2473,Morrison,James,Sales,76119.41
5828,Gibson,Jennifer,Support,65713.1
8401,Bass,Jennifer,Sales,64161.89
14571,Smith,Joseph,Marketing,84353.97
2067,Allen,John,Sales,75755.59
5667,Webster,Jean,Support,60292.33
8908,Arroyo,Jonathon,Sales,60546.4
14686,Page,Joshua,Marketing,84079.48
2708,Michael,James,Sales,70272.45
5036,Moore,Jeffrey,Support,56788.71
8505,White,Jason,Sales,57922.87
14860,Kemp,Jeffrey,Marketing,84021.86
2712,Miller,Jason,Sales,66314.67
5844,Hardin,James,Support,56762.05
8301,Campbell,Jean,Sales,54332.64
14413,Williams,Jacqueline,Marketing,78712.85
2297,Hoover,James,Sales,65823.9
5530,Wilson,Jacob,Support,50731.64
8120,Vega,Jennifer,Sales,53420.9
14179,Harris,Jose,Marketing,76077.06
2076,Lewis,Joseph,Sales,65606.54
5488,Brown,Justin,Support,50179.39
8279,Johnson,Jeanette,Sales,52102.0
14859,Ryan,Jillian,Marketing,74966.5
2814,Perez,Jeremiah,Sales,65350.95
5666,Ray,Jennifer,Support,48314.34
8809,Gonzalez,Jason,Sales,45139.08
14303,Burns,Jared,Marketing,74671.74
2836,Flores,Jamie,Sales,60749.96
5486,Jones,Jennifer,Support,47061.85
8901,Martinez,John,Support,79879.38
14703,Davis,Joshua,Marketing,72882.26
2273,Andrews,James,Sales,57018.7
5155,Ward,Julie,Support,46417.77
8389,Madden,Jeremy,Support,76736.5
14995,Thomas,Jennifer,Marketing,72589.63
2504,Wilson,James,Sales,51185.66
5049,David,Jason,Support,40198.53
8559,Wagner,Jennifer,Support,75495.41
14501,Frey,James,Marketing,70687.34
2915,Perez,James,Sales,48219.29
8861,Richardson,John,Support,73230.25
14181,Noble,Jennifer,Marketing,70543.77
2719,Best,Jessica,Sales,45072.09
8155,Newman,Jessica,Support,71742.01
14381,Green,Jeffrey,Marketing,69182.67
2652,Davis,Juan,Support,74689.48
8980,Obrien,John,Support,70405.78
14428,Carrillo,Joshua,Marketing,68425.24
2957,Jordan,Jennifer,Support,71691.98
8932,Rodriguez,Joseph,Support,70068.68
14742,Haynes,Jonathan,Marketing,67185.32
2207,Tran,Joseph,Support,69651.14
8776,Taylor,Jeremy,Support,68347.97
14056,Dixon,Jacqueline,Marketing,61345.48
2167,Reilly,Juan,Support,67154.86
8960,Smith,Jennifer,Support,65368.33
14347,Morales,Julia,Marketing,59763.36
2689,Bailey,James,Support,65688.89
8393,Johnson,Jessica,Support,62929.42
14047,Wallace,Jeffery,Sales,88802.11
2117,Cox,Julia,Support,63103.1
8078,Berg,Jeffrey,Support,52878.1
14191,Castaneda,Jesus,Sales,88319.22
2933,Brooks,James,Support,61298.84
8166,Allison,Jodi,Support,51176.88
14838,Baldwin,Julie,Sales,86660.91
2257,Cline,Jessica,Support,60606.07
8177,White,Jamie,Support,46269.47
14267,Reyes,Joel,Sales,80783.47
2552,Page,Jenna,Support,58212.38
8268,Ayala,Jill,Support,45189.3
14349,King,John,Sales,79749.14
2362,Tran,Jennifer,Support,57995.79
8801,Pierce,Jeffrey,Support,43155.18
14661,Wells,John,Sales,78400.53
2251,Marshall,James,Support,57022.61
8063,Williams,Jessica,Support,42560.37
14202,Martin,Joe,Sales,75788.27
2727,Reed,Jodi,Support,56618.93
8144,Mccarty,Joseph,Support,40475.72
14805,Gutierrez,Joshua,Sales,74194.62
2805,Hines,Jennifer,Support,52233.71
9317,Richardson,Jennifer,Engineering,118243.83
14829,Perry,Julie,Sales,70341.41
2806,Wright,John,Support,50800.46
9058,Smith,Jacob,Engineering,117786.33
14983,Armstrong,Jennifer,Sales,70305.68
2539,Wade,Jacob,Support,48225.64
9243,Hayden,Jerome,Engineering,114976.94
14956,Smith,John,Sales,66557.91
2062,Mack,Jon,Support,45981.51
9612,Martin,Jessica,Engineering,114163.28
14201,Kelley,Joseph,Sales,65497.58
2521,Shaw,Janet,Support,45757.82
9357,Hancock,James,Engineering,110019.25
14186,Brown,Jennifer,Sales,65052.23
2923,King,Julie,Support,43731.19
9123,Hall,Jennifer,Engineering,102900.6
14166,Perez,Jason,Sales,56139.81
2012,Munoz,James,Support,41018.09
9065,Waters,Jon,Engineering,92861.87
14818,Sanchez,Jay,Sales,54950.75
2993,Pittman,Justin,Support,40435.55
9893,Miller,Joseph,Engineering,92044.44
14546,Stout,Jacob,Sales,54829.44
2737,Webster,John,Support,40185.3
9279,Ibarra,Jessica,Engineering,88972.08
14005,Johnson,Julia,Sales,52910.79
6729,Thomas,Jerome,Engineering,115725.39
9858,Mcdonald,Javier,Engineering,87350.82
14692,Chung,Jennifer,Sales,48636.04
6062,Jacobs,James,Engineering,113137.39
9686,Turner,Jorge,Engineering,79556.7
14304,Barrett,Julia,Support,78579.87
6274,Moyer,Jason,Engineering,112837.64
9119,Drake,Jonathan,Engineering,75207.67
14399,Garcia,Jennifer,Support,70445.79
6296,Shepard,Jacob,Engineering,103699.42
9376,Alexander,Julian,Engineering,74411.69
14843,Carlson,Jared,Support,65820.31
6526,Hunter,Joel,Engineering,98784.77
9384,Allen,Johnny,Engineering,71927.51
14512,Burton,Joshua,Support,62578.3
6557,Jones,Joy,Engineering,90389.3
9949,Turner,John,Engineering,70835.9
14247,Richards,Jeanette,Support,58727.21
6234,Evans,Jake,Engineering,84946.48
9074,Mack,Jacqueline,Engineering,67848.44
14705,West,John,Support,53922.73
6653,Boone,Jenna,Engineering,84203.5
9443,Hood,Julie,Engineering,65503.91
14010,James,Jon,Support,46537.78
6430,Warren,Jeffrey,Engineering,82837.15
9168,Wright,Joshua,Engineering,64842.5
11917,Woods,Jerry,Engineering,118307.0
6858,Reid,Jennifer,Engineering,81777.08
9609,Cannon,Jeanne,Finance,107366.99
11017,Anderson,Jennifer,Engineering,118127.17
6622,Jones,Julie,Engineering,80977.98
9113,Vega,Jacob,Finance,104752.38
11515,Hughes,Julie,Engineering,114444.88
6228,Frederick,Jennifer,Engineering,80968.13
9486,Ferrell,Joseph,Finance,101804.81
11468,Estrada,James,Engineering,108654.82
6338,Ruiz,Justin,Engineering,80416.37
9293,Murphy,James,Finance,96617.44
11980,Wagner,Jamie,Engineering,102575.9
6932,White,John,Engineering,79053.15
9810,Webb,Jason,Finance,90755.87
11431,Parker,Jon,Engineering,101809.27
6049,Wolf,Jon,Engineering,78593.6
9334,Bennett,Jennifer,Finance,82446.18
11584,Middleton,John,Engineering,98806.02
6360,Mccormick,John,Engineering,75815.36
9418,Walker,Jaclyn,Finance,78621.83
11735,Herring,Jennifer,Engineering,93627.27
6131,Diaz,Jill,Engineering,74133.96
9246,Gray,Jerry,Finance,77531.02
11747,Simmons,Joe,Engineering,90465.5
6863,Fitzpatrick,Janice,Engineering,67865.26
9980,Lambert,Jose,Finance,72523.3
11478,Mendoza,Jonathan,Engineering,89113.42
6565,Edwards,Jennifer,Engineering,64630.24
9793,Carter,Jennifer,Finance,69557.15
11057,Monroe,Johnny,Engineering,85536.64
6255,Armstrong,Justin,Engineering,61842.55
9653,Brandt,Jacqueline,Finance,65105.95
11389,Lane,Jenna,Engineering,85379.57
6998,Leonard,Joseph,Finance,108753.73
9383,Ryan,Jay,Finance,62060.09
11115,Lowe,James,Engineering,85047.71
6514,Copeland,Jeremy,Finance,106636.32
9255,Serrano,Jose,HR,92285.92
11075,Lucas,Jocelyn,Engineering,83749.49
6669,Walton,Judy,Finance,103139.69
9896,Miller,Jason,HR,91012.68
11314,Cox,Jack,Engineering,81513.0
6436,Miller,Jesse,Finance,102981.96
9197,Le,Jared,HR,89106.0
11259,Barton,John,Engineering,73253.12
6940,Chung,Jacob,Finance,100551.08
9060,Bell,Julia,HR,88591.74
11589,Mckinney,Jordan,Engineering,72557.05
6354,Oconnor,James,Finance,95605.08
9504,Ramos,Jay,HR,87455.6
11461,Soto,Jean,Engineering,72352.67
6109,Medina,Jacqueline,Finance,94525.24
9405,Lee,Justin,HR,86797.1
11110,Moore,Janet,Engineering,70885.33
6576,Romero,Joseph,Finance,92915.75
9780,Nguyen,Jonathan,HR,83908.69
11689,Garza,Jorge,Engineering,64827.09
6006,Gonzales,Jamie,Finance,92514.72
9111,Stewart,Julie,HR,80683.96
11350,Hunter,Joe,Engineering,64346.06
6260,Flowers,Jerry,Finance,89614.13
9664,Williams,Janet,HR,78896.15
11807,Garcia,Jessica,Engineering,64280.13
6880,Cherry,James,Finance,72907.32
9899,Martin,Jason,HR,77930.12
11484,Fowler,Jordan,Engineering,61634.47
6597,Hall,Jessica,Finance,72861.31
9958,Brooks,Jessica,HR,76300.61
11454,Robinson,John,Finance,109066.09
6988,Obrien,John,Finance,70658.3
9132,Thompson,Jesse,HR,73091.31
11036,Smith,Joe,Finance,107665.22
6563,Craig,Julie,Finance,65594.45
9820,Conley,Joshua,HR,71247.06
11552,Adams,Jonathan,Finance,107457.9
6647,Brown,Jennifer,Finance,59578.49
9642,Perez,Jessica,HR,69169.07
11600,Lopez,Jacqueline,Finance,104140.43
6100,Harmon,Joshua,HR,94403.23
9616,Daugherty,Jessica,HR,66601.78
11895,Carr,Joan,Finance,103734.03
6651,Anderson,Jeff,HR,91971.25
9219,Foster,James,HR,65350.72
11964,Williams,Jeanette,Finance,99352.12
6442,Vang,Jeremy,HR,91617.7
9742,Brown,Jennifer,HR,64562.35
11249,Cox,Jonathan,Finance,93676.2
6996,Avery,Jessica,HR,87125.29
9945,Scott,John,HR,63347.94
11555,Tucker,Jennifer,Finance,91223.14
6424,Navarro,John,HR,86939.35
9143,Ward,Julie,HR,62785.57
11068,Soto,John,Finance,89020.86
6926,Whitney,Jeffrey,HR,84559.34
9641,Wong,Joseph,HR,61570.11
11341,Bryant,Judy,Finance,88086.01
6866,Pham,Joseph,HR,77252.02
9651,Singh,Jenna,HR,58878.11
11678,Goodman,Justin,Finance,76680.58
6312,Benton,Joseph,HR,76837.12
9128,Schneider,John,HR,57444.12
11593,Harmon,Jessica,Finance,75866.78
6120,Riley,John,HR,76375.88
9096,Anderson,Jorge,HR,56020.28
11532,Tucker,Jason,Finance,73907.67
6446,Johnson,Jaime,HR,75226.31
9848,Santana,Justin,HR,55622.39
11872,Shields,James,Finance,67528.14
6794,Wilkinson,James,HR,73098.18
9363,Thomas,Jim,HR,54337.87
11275,Holland,Jennifer,Finance,61131.11
6137,Hoover,Jeffery,HR,72685.39
9137,Evans,Jeremy,HR,53641.96
11106,Jackson,Justin,Finance,59704.36
6474,Adkins,John,HR,69681.72
9215,Jones,Jessica,HR,51850.81
11211,Pineda,Justin,Finance,59539.24
6164,Bryant,Jonathan,HR,63680.86
9481,Wilcox,Jenna,IT,106393.52
11486,Jones,Joseph,HR,92812.57
6112,Sexton,Jason,HR,62557.18
9005,Johnson,Jessica,IT,97116.76
11676,Horn,Jessica,HR,91712.46
6039,Mosley,Jennifer,HR,61389.94
9365,Wallace,Joseph,IT,95833.12
11996,Johnson,Joseph,HR,90719.27
6130,Bauer,Joseph,HR,59863.17
9752,Goodman,Jeremy,IT,93361.68
11546,Chen,John,HR,82944.04
6080,King,Joel,HR,59405.12
9177,Shaffer,Jessica,IT,92992.54
11245,Perez,Jennifer,HR,80897.4
6200,Scott,Justin,HR,56527.22
9253,Brewer,Jack,IT,91666.7
11568,Juarez,Jennifer,HR,76134.09
6506,Hebert,Joshua,HR,56139.6
9986,Kramer,Joseph,IT,85265.93
11531,Clark,Jeffrey,HR,72037.38
6502,Johnson,Jeremiah,HR,53774.34
9724,Duke,Julia,IT,84085.69
11601,Zavala,Jennifer,HR,71829.07
6355,Heath,Jennifer,HR,53425.36
9869,Ruiz,Jody,IT,83824.54
11958,Mcmahon,James,HR,65194.9
6568,Harris,Jocelyn,IT,92232.44
9461,Moore,Jessica,IT,83721.39
11627,Davis,Johnny,HR,63467.42
6187,Thomas,John,IT,90698.57
9198,Coleman,John,IT,80454.58
11763,Erickson,James,HR,62696.21
6385,Aguilar,Jenny,IT,87797.94
9413,Wade,Jessica,IT,77230.16
11277,Sloan,Jordan,HR,61399.35
6832,Knapp,Jennifer,IT,84099.7
9108,Morgan,Joe,IT,71851.08
11985,Brown,Jonathan,HR,61069.63
6405,Page,Julie,IT,80753.76
9148,Bennett,Jamie,IT,66784.74
11536,Thomas,Jennifer,HR,59044.56
6898,Guerrero,Jodi,IT,78807.31
9194,Dickerson,John,IT,61881.28
11430,Johnson,Jenna,HR,55399.46
6065,Keller,Jay,IT,76424.18
9879,Hoover,Jaclyn,IT,60014.38
11657,Duncan,Jesus,HR,54988.99
6603,Smith,Julie,IT,71892.1
9095,Wood,Jennifer,Legal,124086.25
11591,Davis,Joseph,HR,51255.09
6676,Webb,John,IT,70678.76
9475,Diaz,Jessica,Legal,123874.69
11451,Drake,Jennifer,IT,110298.76
6762,Wilson,Jennifer,IT,70218.96
9204,Ruiz,Jesus,Legal,120566.26
11399,Garcia,Jennifer,IT,109819.41
6007,Moore,Joann,IT,63733.84
9552,Smith,Julie,Legal,117716.33
11398,Jones,John,IT,107158.34
6886,Lopez,Jessica,IT,63131.4
9136,Newman,Jessica,Legal,116590.49
11629,Reyes,John,IT,106868.0
6078,Jackson,Jessica,Legal,124765.74
9040,Allen,Jose,Legal,110694.1
11789,Brown,James,IT,106054.53
6728,White,Justin,Legal,124621.33
9331,Smith,Jose,Legal,104080.3
11274,Smith,Jonathan,IT,101519.49
6102,Lin,Jessica,Legal,124555.02
9908,Nguyen,Joseph,Legal,100803.35
11181,Collier,Jason,IT,101027.68
6805,Davis,Joshua,Legal,119710.81
9291,Stewart,Jessica,Legal,97141.04
11646,Walker,Jennifer,IT,99111.62
6420,Becker,Joseph,Legal,117223.14
9828,Williams,Jonathan,Legal,94435.34
11458,Odonnell,Jonathan,IT,82509.88
6064,Boyd,Jeffrey,Legal,115636.76
9311,Jefferson,Joshua,Legal,92786.03
11956,Salazar,Jeremiah,IT,80461.59
6208,Evans,Justin,Legal,108605.02
9082,Solis,Jonathan,Legal,90486.67
11480,Green,Justin,IT,73744.8
6856,Smith,Jill,Legal,105241.59
9740,Jones,James,Legal,84240.37
11081,Herrera,Jessica,IT,71543.69
6381,Martin,Jason,Legal,102686.56
9960,Gill,Jared,Legal,78145.5
11582,Walton,John,IT,67347.3
6537,Parker,Joseph,Legal,99211.59
9608,Martinez,Joshua,Legal,76157.69
11309,Escobar,Juan,IT,65323.27
6562,Simmons,Jennifer,Legal,94827.28
9781,Vasquez,Jeffrey,Legal,75035.1
11933,Martinez,Joshua,IT,64509.11
6929,Thomas,Jody,Legal,94076.22
9035,Carter,Joan,Legal,71467.21
11485,Pacheco,Jeff,IT,63886.82
6848,Wolf,Jennifer,Legal,93953.47
9069,Avery,Jennifer,Legal,71452.13
11826,Dalton,Jennifer,IT,63811.78
6894,Doyle,Jamie,Legal,93572.82
9807,Watkins,Jaclyn,Legal,70504.08
11847,Young,John,IT,62472.22
6230,Johnson,Joseph,Legal,87506.79
9252,Anderson,James,Legal,67779.86
11731,Cox,Jason,IT,61110.4
6275,Maddox,John,Legal,84709.75
9683,Jacobs,Joshua,Marketing,89497.59
11328,Williams,Jennifer,Legal,124661.03
6107,Robinson,Joshua,Legal,84184.94
9426,Curry,Jonathan,Marketing,87242.76
11784,Hanna,Jessica,Legal,123193.26
6483,Fox,Jennifer,Legal,83028.89
9632,Booth,John,Marketing,82441.45
11775,Gonzalez,Jennifer,Legal,122695.11
6913,Stewart,Jamie,Legal,81099.53
9728,Bell,Jacob,Marketing,71605.67
11902,Salas,Jon,Legal,121654.01
6311,Todd,Javier,Legal,80485.58
9917,Powers,Jennifer,Marketing,70928.05
11553,Carlson,Joseph,Legal,119275.32
6560,Nelson,Jason,Legal,67979.99
9186,Martinez,Justin,Marketing,70287.31
11648,Tucker,Jeremiah,Legal,114993.18
6954,James,Jennifer,Legal,65514.78
9142,Lopez,Jennifer,Marketing,68925.4
11542,Mayer,Jason,Legal,113943.79
6063,Thompson,Judy,Marketing,95052.93
9500,Rodriguez,Justin,Marketing,67133.27
11487,Cole,Jared,Legal,111775.5
6207,White,Jacob,Marketing,92469.95
9228,Nichols,Johnathan,Marketing,61779.77
11732,Reynolds,John,Legal,110851.73
6573,Bradley,John,Marketing,90530.94
9305,Smith,James,Marketing,56362.19
11692,Jones,Julie,Legal,107560.58
6448,Lyons,Joshua,Marketing,87560.05
9210,Johnson,Julie,Marketing,56022.35
11072,Hernandez,Jennifer,Legal,104257.09
6967,Martinez,Jeffrey,Marketing,85962.14
9100,Murray,Joseph,Marketing,51877.09
11170,Bell,Jill,Legal,102841.1
6770,Harmon,Jacqueline,Marketing,84324.03
9915,Smith,Jose,Marketing,51057.17
11124,Tucker,Jennifer,Legal,100405.2
6273,Simon,Jennifer,Marketing,75954.54
9693,Sloan,John,Sales,89024.74
11116,Harrison,Jason,Legal,98604.71
6986,Davis,Joshua,Marketing,70058.47
9336,Oneill,Joseph,Sales,88977.06
11364,Durham,Jason,Legal,96794.96
6476,Richardson,Jennifer,Marketing,67819.03
9626,Diaz,Joseph,Sales,87769.47
11698,Willis,Janet,Legal,93582.47
6299,Martin,Joseph,Marketing,67438.84
9327,Sullivan,James,Sales,86557.52
11999,Green,Jennifer,Legal,81326.4
6975,Randall,Javier,Marketing,59874.3
9164,Taylor,Jeremy,Sales,80599.59
11288,Thomas,Jennifer,Legal,79075.29
6623,Woods,John,Sales,87601.68
9710,Cantrell,James,Sales,79606.58
11158,Murillo,Joseph,Legal,69689.0
6931,West,James,Sales,86840.85
9335,Delgado,Jorge,Sales,72800.56
11898,Smith,James,Legal,66548.66
6756,Salinas,Jeremy,Sales,86728.19
9021,Rivas,Joshua,Sales,71049.38
11907,Cervantes,Jeffrey,Legal,66164.93
6341,Thomas,John,Sales,78988.39
9769,Whitaker,Johnathan,Sales,67922.81
11864,Lewis,Joseph,Marketing,99418.94
6813,Ortiz,Jared,Sales,78212.15
9698,Sexton,Jennifer,Sales,67140.32
11357,Horne,Jose,Marketing,98327.62
6936,Butler,Jennifer,Sales,77728.44
9070,Cain,Joshua,Sales,65906.32
11720,Murphy,Jack,Marketing,92924.23
6735,Green,Jill,Sales,74114.18
9573,Smith,Jasmine,Sales,65786.35
11742,Gomez,Jessica,Marketing,82380.71
6640,Vasquez,Jason,Sales,72358.78
9083,Gonzalez,Joshua,Sales,63569.34
11506,Dawson,Jonathan,Marketing,81372.44
6431,Wells,Jerry,Sales,64392.07
9029,Carroll,John,Sales,61674.59
11293,Rivas,Jamie,Marketing,80758.73
6127,Meyer,Jamie,Sales,59547.03
9371,Bradshaw,Juan,Sales,61107.6
11639,Gonzalez,Jeffrey,Marketing,79773.19
6787,Lowe,Jonathan,Sales,57558.17
9819,Henry,Jennifer,Sales,53808.8
11476,Wong,Joe,Marketing,79432.58
6108,Campbell,Jason,Sales,57167.48
9660,Braun,Jerry,Sales,48922.8
11764,Collins,Jerry,Marketing,78250.38
6731,Dixon,Jeremy,Sales,54735.32
9469,Davis,John,Sales,48326.64
11833,James,Jon,Marketing,74623.52
6938,Freeman,Jessica,Sales,52177.13
9309,Carpenter,Justin,Sales,45329.95
11867,Lopez,Judy,Marketing,71448.61
6464,Smith,Jeanette,Sales,49865.67
9732,Hicks,Jeff,Sales,45064.26
11910,Griffin,Jade,Marketing,69921.33
6771,Jones,Joshua,Sales,49484.04
9064,Duncan,Jonathan,Support,78688.51
11032,Lang,Jason,Marketing,65895.92
6070,Bernard,John,Sales,47061.64
9532,Sanders,Jason,Support,77665.49
11843,Gallagher,Jessica,Marketing,60771.88
6613,Allen,Joshua,Sales,46973.08
9745,Murphy,Jose,Support,75719.89
11893,Moore,Jennifer,Marketing,58962.12
6211,Rodriguez,Joseph,Sales,46474.2
9440,Mason,Jacob,Support,75462.64
11708,Church,Joseph,Marketing,56694.82
6672,Mcgrath,Jackson,Sales,45940.42
9470,Kemp,Joel,Support,73663.84
11213,Adams,James,Marketing,51222.27
6802,Brown,Jennifer,Sales,45937.82
9036,Johnson,James,Support,72237.33
11479,Oconnor,Joshua,Marketing,50823.35
6798,Williams,Joshua,Support,73310.06
9776,Foster,Joanna,Support,71394.99
11353,Parrish,Janet,Marketing,50659.85
6835,Bishop,John,Support,72693.98
9922,Patrick,Jennifer,Support,69145.59
11363,Horn,John,Sales,87791.11
6785,Owens,John,Support,69789.26
9843,Pruitt,Jennifer,Support,65986.72
11201,Gregory,Jesse,Sales,83234.57
6149,Drake,Julia,Support,69623.0
9294,West,Jason,Support,65608.58
11811,Cox,Jeffery,Sales,78750.31
6535,Tran,James,Support,69035.32
9014,Garcia,Jonathon,Support,60136.7
11097,Mcdonald,Joseph,Sales,77698.93
6214,Mckinney,Joseph,Support,68486.29
9233,Santos,Jenny,Support,56460.45
11710,Logan,Juan,Sales,76458.38
6450,Wright,Jessica,Support,61912.05
9585,White,Justin,Support,55959.47
11272,Schneider,Joseph,Sales,76299.75
6830,Davis,Jose,Support,61259.09
9854,Aguilar,John,Support,55193.92
11025,Lee,Jody,Sales,73451.96
6278,Gallegos,Jennifer,Support,55667.02
9288,Thompson,James,Support,55138.69
11334,Johnson,Jacob,Sales,72545.32
6685,Boyer,James,Support,44940.32
9747,Thompson,Judith,Support,54348.32
11523,Mckee,Joshua,Sales,70304.2
6733,Smith,Justin,Support,44710.02
9437,Potter,Joshua,Support,54038.97
11286,Nicholson,Jason,Sales,69402.76
6377,Burton,Julie,Support,44099.38
9261,Haynes,Jennifer,Support,52392.94
11153,Garcia,Jason,Sales,67949.27
6591,Murray,Jennifer,Support,42574.53
9292,Stephens,Jessica,Support,50845.94
11127,Hester,Julie,Sales,66945.94
9131,Banks,Jasmine,Support,49873.03
11165,Cook,Jerry,Sales,66634.86
9878,Robertson,Jeffrey,Support,49623.24
11611,Johnson,Jennifer,Sales,64141.65
9591,Green,Jennifer,Support,48294.58
11271,Hernandez,Janet,Sales,62073.48
9240,Gomez,John,Support,45543.91
11344,Williams,Jessica,Sales,60529.07
9562,Fox,Jessica,Support,41753.44
11455,Grant,John,Sales,60300.36
9853,Brown,Jared,Support,41387.7
11602,Allen,Joshua,Sales,55317.86
9270,Wolf,Joshua,Support,40885.65
11299,Schultz,Joseph,Sales,48110.41
9920,Meyer,Jennifer,Support,40642.51
11284,Anderson,Jon,Sales,47766.67
9813,Soto,Jason,Support,40394.32
11016,Rosales,Jennifer,Sales,47551.2
13193,Garcia,John,Engineering,119276.49
11123,Martin,Jake,Sales,47048.84
13027,Diaz,Jennifer,Engineering,112637.76
11313,Thompson,Jared,Sales,47003.48
13285,Chavez,Joseph,Engineering,111709.31
11577,Mcdaniel,Joseph,Support,78340.81
13808,Clark,Jessica,Engineering,108888.64
11703,Morgan,Jon,Support,78300.63
13064,White,Jonathan,Engineering,100738.26
11588,Rivera,Julie,Support,77319.68
13584,Ward,Jack,Engineering,96454.53
11494,Cline,Jennifer,Support,69607.74
13129,Harper,James,Engineering,96121.43
11227,Flores,Joel,Support,64409.78
13972,Hull,James,Engineering,93991.56
11034,Espinoza,Julia,Support,62438.72
13180,Brown,Jessica,Engineering,91053.25
11270,Jennings,Joshua,Support,62096.46
13438,Erickson,Jennifer,Engineering,83706.17
11412,Rodriguez,Jose,Support,62047.07
13903,Harding,James,Engineering,83047.75
11990,Adkins,Jessica,Support,60355.01
13128,Villa,Justin,Engineering,79271.28
11604,Barnett,Juan,Support,57533.77
13737,Hurst,Joseph,Engineering,78622.5
11126,Lee,Jenny,Support,49689.45
13994,Gonzalez,Joshua,Engineering,75976.43
11659,Macdonald,Jamie,Support,48160.67
13458,Odonnell,Joshua,Engineering,70162.04
11666,Johnson,Jay,Support,45483.94
13384,Chavez,Jessica,Engineering,70160.08
11595,Velazquez,Jill,Support,45356.61
13451,Melendez,Janet,Engineering,65326.35
11802,Daniel,Janet,Support,41413.91
13284,Browning,Jocelyn,Engineering,60548.14
3543,Mata,Joseph,Engineering,119866.34
13340,Harris,Jennifer,Engineering,60397.89
3618,Hill,John,Engineering,119115.62
13822,Strong,Joy,Finance,98669.09
3815,Lynch,Jessica,Engineering,117788.02
13044,Davis,Joshua,Finance,97103.49
3649,Zimmerman,Julie,Engineering,114588.85
13339,Wu,James,Finance,97026.2
3343,Yates,Jennifer,Engineering,107690.99
13205,Dominguez,Justin,Finance,94931.4
3446,Carter,Joshua,Engineering,107018.94
13637,Odom,Joseph,Finance,93369.9
3696,Nguyen,Jennifer,Engineering,104978.82
13898,Mayo,James,Finance,90546.37
3921,Krause,James,Engineering,98310.34
13861,Cunningham,Jenna,Finance,90342.5
3207,Smith,Judy,Engineering,95944.3
13277,Gutierrez,Jean,Finance,90079.94
3539,Williams,Joseph,Engineering,95356.17
13113,Burton,John,Finance,86739.78
3073,Miller,Jacob,Engineering,80632.29
13875,Brown,Janice,Finance,86637.32
3116,Decker,Jack,Engineering,74622.29
13420,Ramos,Jasmine,Finance,84536.03
3351,Chambers,Joan,Engineering,73610.33
13117,Hodges,Jacob,Finance,80113.34
3443,Schneider,Jeremy,Engineering,64400.97
13635,George,Joshua,Finance,79752.1
3289,Maldonado,Jennifer,Engineering,62498.52
13915,Stewart,Johnny,Finance,79411.17
3901,Howell,Jill,Engineering,62296.26
13181,Williams,Julia,Finance,79109.57
3567,Martinez,Jonathan,Engineering,60408.11
13494,Allen,Jill,Finance,75133.12
3741,Carter,Justin,Finance,107664.08
13598,Freeman,Jennifer,Finance,74721.08
3823,Miller,Joshua,Finance,106153.62
13623,Ramirez,Jeffrey,Finance,70946.93
3646,Lewis,Jacqueline,Finance,102992.1
13848,Savage,John,Finance,63902.22
3286,Parks,Justin,Finance,101521.35
13037,Pena,Jared,Finance,59437.23
3284,Savage,Jennifer,Finance,98973.68
13372,Young,Johnny,HR,94413.14
3185,Rosario,Jennifer,Finance,98076.48
13756,Hicks,John,HR,92299.1
3760,Johnson,John,Finance,97680.24
13630,Adams,Joel,HR,92025.31
3959,Smith,Justin,Finance,97017.42
13784,Williams,Jennifer,HR,89199.74
3733,Garcia,Jerry,Finance,95808.14
13842,Odonnell,Joshua,HR,88792.15
3961,Williams,Jennifer,Finance,91050.7
13917,Day,James,HR,87550.13
3147,Good,James,Finance,86283.48
13689,Rosario,Jeffrey,HR,86437.31
3593,Chaney,Julie,Finance,80960.73
13672,Zimmerman,James,HR,82106.6
3482,Mcpherson,Jennifer,Finance,80563.51
13658,Wilson,John,HR,81601.53
3510,Morgan,Jared,Finance,79560.84
13130,Payne,Jonathan,HR,79110.82
3651,Burns,Jon,Finance,76244.82
13071,Solis,Joseph,HR,78119.75
3145,Hickman,Jacob,Finance,75793.87
13685,Pennington,Jennifer,HR,69447.06
3782,Lynch,John,Finance,72246.64
13916,Gonzalez,James,HR,68415.31
3834,Smith,Jennifer,Finance,69797.7
13695,Delgado,Jeffrey,HR,66932.17
3305,Maldonado,Jonathan,Finance,66215.19
13757,Hall,Jonathan,HR,64639.39
3366,Schmidt,Jonathan,Finance,64913.53
13914,Nunez,Jessica,HR,63375.22
3966,Thompson,Joel,Finance,61571.35
13399,Smith,Jason,HR,62856.33
3372,Braun,Jennifer,Finance,58024.2
13216,Gross,Joshua,HR,61160.32
3078,Russell,Jonathan,Finance,55400.51
13488,Hoover,Joe,HR,60058.88
3845,Henderson,Joshua,HR,91206.37
13351,Evans,John,HR,58011.21
3689,Phillips,Jason,HR,89480.93
13482,Li,Joshua,HR,53462.12
3743,Smith,Jose,HR,88995.48
13031,Patel,Janet,HR,53394.29
3559,Ward,Jennifer,HR,87145.8
13174,Guerrero,Jason,IT,113697.85
3995,Phillips,Jennifer,HR,85435.61
13987,Hernandez,Jeremy,IT,108648.93
3890,Moore,Jonathan,HR,82803.17
13418,Whitehead,Jared,IT,104538.68
3606,Dickson,Joann,HR,73613.2
13256,Mckinney,John,IT,97671.22
3791,Adkins,Jerry,HR,68137.02
13893,Bauer,Jodi,IT,96366.35
3714,Robinson,Janet,HR,67618.75
13227,Mcdaniel,Jonathan,IT,92586.6
3029,Buck,Joe,HR,67234.38
13648,Williams,John,IT,91943.15
3194,Tucker,Julia,HR,66528.82
13137,Rodriguez,Julia,IT,88077.43
3425,Mccarthy,Jason,HR,64935.32
13769,Dorsey,Justin,IT,83674.38
3770,Ayala,John,HR,61980.34
13928,Chambers,John,IT,80852.87
3802,Kelley,Joshua,HR,59542.75
13661,Mcclure,Jennifer,IT,78782.52
3080,Morales,Jeffrey,HR,58675.43
13101,Wheeler,Joshua,IT,75956.3
3141,Fisher,Jeanette,HR,57952.3
13586,Valdez,Joanna,IT,66251.75
3752,Ingram,Jennifer,HR,56365.47
13930,Walker,John,IT,64697.97
3783,Walker,Jennifer,IT,113229.14
13888,Crawford,Joshua,IT,61705.53
3734,Thomas,Jordan,IT,112544.61
13793,Ramirez,James,Legal,124471.75
3832,Ford,John,IT,112453.57
13879,Allen,Joanne,Legal,123251.4
3071,Booth,John,IT,111791.57
13323,Adams,John,Legal,121851.71
3803,Lamb,Jeffrey,IT,110033.07
13056,Michael,Jonathan,Legal,118919.96
3663,Cooper,Justin,IT,98695.26
13728,Foster,Jane,Legal,114755.09
3168,Brown,Jocelyn,IT,98653.44
13386,Green,Joshua,Legal,109038.55
3962,Ali,James,IT,97205.79
13644,Davidson,Joshua,Legal,107230.23
3184,Jackson,Justin,IT,95871.36
13273,Graham,James,Legal,105431.92
3725,Ewing,Joseph,IT,95044.51
13607,Meyers,Jonathan,Legal,96978.31
3093,Richard,Jeremy,IT,94535.43
13546,Myers,John,Legal,96629.69
3290,Bowman,Joshua,IT,86651.6
13525,Murphy,Jennifer,Legal,88788.06
3172,Joyce,Juan,IT,86106.86
13410,Peters,Jay,Legal,77214.39
3394,Nelson,Jason,IT,78780.55
13382,Braun,Joy,Legal,72383.77
3368,Walters,Jill,IT,75735.75
13434,Stephens,Jessica,Legal,70761.3
3842,Clay,James,IT,73588.17
13645,Dalton,Jill,Legal,67667.94
3221,Gonzalez,Julia,IT,64120.38
13127,Carter,Jill,Legal,66102.42
3592,Beasley,John,IT,62109.37
13537,Brown,Joanna,Legal,65672.26
3865,Allen,James,IT,61457.33
13009,Schmidt,Jeffrey,Marketing,97460.92
3159,Martinez,Jesse,Legal,124430.01
13040,Boone,Jessica,Marketing,96250.97
3061,Walker,Jorge,Legal,120652.42
13034,Sanchez,Joel,Marketing,94766.04
3590,Ruiz,James,Legal,120258.14
13393,Cole,Jonathan,Marketing,89581.58
3053,Miles,Jacqueline,Legal,112580.7
13671,Hutchinson,Justin,Marketing,86973.91
3240,Miller,Jody,Legal,108929.28
13021,Solomon,Joel,Marketing,86677.97
3894,Hill,Joanna,Legal,93608.01
13190,Richardson,John,Marketing,86033.14
3195,Ramos,John,Legal,84537.85
13419,Leonard,John,Marketing,83090.44
3437,Williamson,Jodi,Legal,83592.93
13166,Davidson,Janet,Marketing,81314.52
3189,Richard,John,Legal,80673.42
13969,Roberson,Jonathan,Marketing,80386.69
3057,Doyle,Joseph,Legal,78851.59
13945,Stevens,Julie,Marketing,76581.15
3229,Allen,Jerry,Legal,71526.76
13565,Rhodes,Julie,Marketing,75542.1
3492,Lyons,John,Legal,65099.76
13302,Hansen,Joseph,Marketing,71535.34
3668,Flores,Joanna,Marketing,90858.1
13548,Baker,Jeffery,Marketing,65888.51
3599,Nguyen,James,Marketing,79349.64
13456,Scott,Juan,Marketing,64979.59
3267,Butler,Jill,Marketing,73753.34
13736,Moore,Joshua,Marketing,64953.3
3603,Holland,Jason,Marketing,73663.39
13618,Garcia,Johnny,Marketing,64123.54
3106,Page,Joseph,Marketing,70339.65
13098,White,James,Marketing,62860.21
3774,Myers,Jonathan,Marketing,66582.72
13298,Robinson,Joyce,Marketing,60334.04
3945,Graham,John,Marketing,57854.95
13998,Hall,Jesse,Marketing,56330.14
3721,Burke,Jason,Marketing,55163.51
13481,Olson,Jennifer,Marketing,54059.84
3578,Miller,James,Marketing,51684.29
13743,Snyder,Jessica,Marketing,53723.67
3914,Brown,Jimmy,Sales,89459.67
13182,Goodman,Jeffrey,Marketing,52433.41
3885,Wright,Jessica,Sales,83971.84
13814,Blair,Joe,Sales,88247.03
3929,Craig,Jamie,Sales,83380.8
13801,Anderson,Joseph,Sales,85666.08
3594,Chavez,Joseph,Sales,81842.56
13120,Mcdaniel,Janice,Sales,84516.72
3840,Wright,Jennifer,Sales,77636.31
13936,Walter,Jessica,Sales,84195.05
3660,Martinez,John,Sales,77400.6
13126,Robinson,Justin,Sales,83154.0
3919,Tate,Jason,Sales,76067.94
13622,Russo,Julie,Sales,76993.21
3762,Watson,Justin,Sales,74577.21
13212,Lambert,Jackie,Sales,72882.73
3811,Garcia,James,Sales,73085.93
13905,Kennedy,Jessica,Sales,69527.45
3134,Watkins,James,Sales,72856.02
13163,Nguyen,Jennifer,Sales,67932.04
3257,Evans,Jack,Sales,72680.65
13022,Colon,Jonathan,Sales,67363.84
3158,Boyd,Jill,Sales,67011.95
13786,Blair,Joseph,Sales,65991.14
3380,Turner,James,Sales,62362.53
13443,Saunders,James,Sales,64355.26
3497,Macias,James,Sales,61362.07
13720,Fisher,Jennifer,Sales,62468.1
3049,Rollins,Joyce,Sales,60153.73
13708,Carr,Javier,Sales,62004.37
3544,Fowler,Joseph,Sales,49372.19
13956,Harmon,Jasmine,Sales,59231.83
3280,Bell,John,Sales,48524.99
13061,Sharp,Joanne,Sales,55111.06
3357,Pruitt,James,Sales,46050.98
13837,Williamson,Jeffrey,Sales,54351.1
3490,Lopez,Jessica,Support,78934.87
13502,Scott,Jose,Sales,52471.14
3779,Adkins,Julie,Support,76481.91
13633,Mcguire,Johnathan,Sales,51209.53
3704,Hernandez,Justin,Support,74007.43
13980,Potts,Jessica,Sales,46532.23
3356,Rodriguez,Joel,Support,70688.0
13097,Wright,John,Support,78346.55
3596,Ritter,Joseph,Support,68925.71
13187,Adkins,John,Support,78283.69
3854,Booth,Jasmine,Support,64325.4
13966,Flores,Jasmine,Support,76621.16
3111,Mcdonald,Janet,Support,57249.97
13747,Alexander,Jennifer,Support,75226.12
3706,Brown,Jasmine,Support,50609.69
13992,Patel,Jessica,Support,71723.01
3904,Sanders,James,Support,50353.95
13390,Valentine,Jeffrey,Support,71593.19
3769,Anderson,Jacqueline,Support,50002.75
13990,Smith,Justin,Support,67296.08
3569,Brooks,John,Support,48768.64
13907,Clark,James,Support,67067.03
3647,Hernandez,Jesse,Support,46812.94
13464,Tyler,Janet,Support,64107.93
3082,Leach,James,Support,44981.85
13515,Christian,Janet,Support,63487.14
3311,Stevens,Jacob,Support,41396.67
13161,Fernandez,John,Support,62643.79
10031,Kane,Jacob,Engineering,119094.32
13732,Harmon,Jeffrey,Support,62389.44
10989,Moore,Jeffery,Engineering,118252.2
13700,Vargas,Jeffrey,Support,58132.18
10258,Mueller,Jennifer,Engineering,112654.54
13350,Robertson,Joseph,Support,57482.35
10121,Cummings,Jennifer,Engineering,112304.86
13476,Malone,John,Support,54753.21
10943,Rose,Joanna,Engineering,103972.39
13290,Ramirez,Jennifer,Support,52290.21
10021,French,Jodi,Engineering,103409.8
13338,Cherry,Jeremy,Support,50883.4
10300,Murphy,Jamie,Engineering,102399.99
13971,Richards,Joshua,Support,49414.58
10932,Owens,Jacqueline,Engineering,101453.85
13735,Kelly,Jason,Support,48336.09
10535,Cook,Jeffrey,Engineering,100441.51
13007,Taylor,Jessica,Support,47889.08
10477,Austin,Jason,Engineering,95526.49
13667,Kennedy,Joseph,Support,46952.46
10905,Tanner,Jennifer,Engineering,93439.86
13864,Duncan,Jeanne,Support,46407.6
10423,Jefferson,Jessica,Engineering,87789.69
13897,White,Jason,Support,46398.12
10114,Robinson,John,Engineering,85536.41
13604,Mills,Jeffrey,Support,41264.54
10860,Trujillo,Jeremiah,Engineering,78566.82
13306,Glenn,Justin,Support,40744.3
10410,Curry,James,Engineering,70770.0
1094,Salazar,Jennifer,Engineering,111135.19
10897,Mitchell,Jennifer,Engineering,69714.06
1492,Smith,Jessica,Engineering,109476.91
10589,Nelson,Janice,Engineering,65994.51
1694,Garcia,Jason,Engineering,105344.47
10512,Thompson,Jason,Engineering,62680.09
1247,Poole,James,Engineering,104933.59
10945,Baker,Jason,Engineering,61174.84
1794,Townsend,Jason,Engineering,101439.68
10996,Mills,Jo,Engineering,60043.29
1379,Bradshaw,Joseph,Engineering,93437.35
10879,Yu,Jeffrey,Finance,107540.75
1916,Martin,Jessica,Engineering,87151.31
10184,Perez,Jackson,Finance,106241.38
1297,Carter,James,Engineering,86983.53
10468,Chan,Jessica,Finance,105720.49
1885,Palmer,Joseph,Engineering,82477.71
10130,Castro,Jessica,Finance,104698.05
1649,Martin,Joshua,Engineering,82258.17
10216,Thomas,Jesus,Finance,99692.76
1330,Richardson,Jennifer,Engineering,70757.03
10967,Lambert,Joshua,Finance,96118.5
1377,Stevenson,Joe,Engineering,66403.3
10740,Edwards,Joel,Finance,91155.19
1494,Reed,John,Engineering,61660.68
10903,Maxwell,Jesus,Finance,85937.93
1427,Graves,Jeff,Finance,107691.95
10506,Randolph,Joann,Finance,83451.25
1858,Martinez,John,Finance,107508.73
10303,Gross,Jeremy,Finance,81526.89
1969,Ryan,Jason,Finance,107305.47
10999,Hall,James,Finance,78055.05
1627,Martin,John,Finance,106135.05
10828,Avila,Jennifer,Finance,77183.83
1737,Campbell,Jonathan,Finance,105101.36
10371,Miller,Johnathan,Finance,76553.21
1261,Hart,Jennifer,Finance,96321.67
10901,Franco,Joel,Finance,69115.56
1696,Woodard,Joyce,Finance,91210.07
10047,Hill,Joshua,Finance,68209.82
1004,Bennett,James,Finance,90719.86
10181,Brooks,Jennifer,Finance,61424.15
1863,Russell,Jennifer,Finance,85585.72
10840,Evans,Johnny,Finance,55322.17
1278,Young,Joshua,Finance,83751.47
10839,Parker,Jacqueline,HR,93678.02
1235,Gay,James,Finance,74857.73
10538,Alvarez,Jessica,HR,91361.71
1563,Johnson,Juan,Finance,69504.74
10091,Bentley,John,HR,89495.66
1285,Carney,Jeffrey,Finance,68238.45
10606,Kelly,Jacob,HR,88737.85
1045,Reynolds,Jacob,Finance,65094.08
10003,Foster,John,HR,86677.57
1957,Moore,James,Finance,64254.97
10050,Thompson,Jennifer,HR,86160.15
1595,Williams,Jason,Finance,60040.29
10161,Martin,Jeremy,HR,84375.45
1968,Strickland,Joanna,Finance,58914.25
10092,Roberts,Jacob,HR,82685.65
1096,Taylor,Jacob,Finance,57043.09
10255,Estrada,James,HR,82601.24
1712,Williams,Jason,Finance,56223.69
10728,Smith,Jeffrey,HR,82096.05
1555,Barnes,Joseph,HR,92972.69
10555,Jones,Jacob,HR,80458.66
1604,Martinez,Jason,HR,90043.07
10857,Ruiz,James,HR,72424.02
1135,Thompson,Jacqueline,HR,89794.13
10771,Kerr,James,HR,70273.53
1052,Morris,James,HR,89354.61
10156,Lewis,Joshua,HR,63519.28
1804,Bennett,Jonathan,HR,88477.46
10116,Patterson,Justin,HR,62792.45
1449,Miller,Jo,HR,88181.38
10599,Anderson,Jill,HR,61495.38
1519,Thomas,Joanna,HR,87557.55
10986,Brown,Julia,HR,61023.84
1236,Howell,Jerry,HR,86334.21
10136,Schmidt,John,HR,57914.31
1772,Cook,Joshua,HR,86030.35
10442,Wolfe,Jamie,HR,56793.4
1629,Kelley,Janet,HR,83987.84
10809,Castro,Jordan,HR,53285.75
1802,Hodges,Justin,HR,82874.37
10780,Thompson,Jessica,HR,50193.48
1543,Spencer,Joseph,HR,80840.94
10886,Larson,Jermaine,IT,112592.04
1496,Lewis,Janice,HR,73619.26
10639,Burns,Joshua,IT,111898.96
1935,Watson,John,HR,70926.54
10080,Larson,Julie,IT,111322.24
1849,Rogers,Jeanette,HR,70122.81
10617,Rodriguez,Jeffrey,IT,103552.05
1403,Villarreal,Joshua,HR,68933.66
10294,James,James,IT,103521.48
1954,Rivers,Joan,HR,68500.2
10344,Valdez,John,IT,102945.59
1546,Brown,John,HR,67993.78
10480,Jones,Jacob,IT,99212.08
1925,Murphy,Jessica,HR,64610.96
10598,Pruitt,James,IT,98907.31
1239,Jackson,Jeffrey,HR,64185.41
10488,Perez,Joel,IT,97525.81
1833,Robles,Jennifer,HR,62811.3
10811,Garcia,John,IT,95378.49
1681,Thomas,Joel,HR,60706.6
10111,Nelson,Joe,IT,90716.24
1780,Jarvis,Jason,HR,58166.17
10299,Rivera,Jillian,IT,90001.55
1820,Gilbert,Joshua,HR,55812.47
10530,Smith,Jose,IT,89316.01
1359,Owens,Joshua,HR,52275.97
10350,Khan,Jay,IT,82000.45
1914,Schneider,Jennifer,HR,51781.94
10362,Johnson,Jennifer,IT,80207.78
1721,Archer,Jennifer,HR,50815.0
10327,Sparks,Jennifer,IT,76124.07
1641,Lane,Joel,IT,111654.08
10134,Reynolds,Jonathan,IT,75468.09
1808,Miller,Jennifer,IT,110132.97
10138,Parker,Jorge,IT,75257.12
1778,Thomas,Jennifer,IT,104063.66
10801,Garcia,Jennifer,IT,73911.89
1206,Best,Joseph,IT,92389.67
10644,Randolph,Jasmine,IT,70389.74
1408,Carter,Jason,IT,91151.19
10352,Mccarthy,Jennifer,IT,70048.82
1479,Martin,Joan,IT,89898.29
10059,Stark,Jesse,IT,70001.99
1884,Dougherty,Jodi,IT,87852.3
10311,Chavez,Jose,IT,66771.58
1864,Burns,Jon,IT,82696.74
10140,Miller,Jeremy,Legal,122491.42
1677,Lopez,Jessica,IT,82255.19
10681,Jones,Jamie,Legal,117081.62
1474,Livingston,Jeff,IT,81659.26
10646,Smith,Jessica,Legal,110407.25
1985,Simmons,Jennifer,IT,80465.96
10505,Turner,Joseph,Legal,110062.33
1633,Mills,Jeremy,IT,74671.87
10906,Cooper,Julie,Legal,106628.88
1856,Gill,Jocelyn,IT,74309.77
10196,Sellers,Jennifer,Legal,98337.85
1759,Lopez,Jessica,IT,65969.11
10729,Baird,Jennifer,Legal,97357.2
1707,Butler,Joseph,IT,65413.85
10887,Costa,Joanna,Legal,92092.05
1396,Howard,Joseph,IT,64263.12
10958,Reid,Jennifer,Legal,91527.6
1659,Smith,Jeffrey,IT,61607.34
10844,Combs,John,Legal,80228.1
1026,Howard,Juan,Legal,122301.44
10372,Hooper,Jorge,Legal,78290.35
1352,Burke,Jerry,Legal,114502.9
10656,Thompson,John,Legal,77717.32
1764,Stevens,Jody,Legal,110422.9
10484,Rubio,Jennifer,Legal,77048.56
1397,Garcia,Jenna,Legal,107652.66
10396,Hill,Jenny,Legal,76863.1
1338,Hopkins,Jeffrey,Legal,106360.9
10347,Johnson,James,Legal,75555.45
1611,Brown,Jennifer,Legal,102847.96
10696,Castillo,Jenna,Legal,75008.59
1986,Davis,John,Legal,101547.62
10924,Brown,James,Legal,74521.88
1700,Smith,Julia,Legal,100461.67
10578,Page,John,Legal,69355.91
1340,Scott,Joseph,Legal,97807.18
10253,Zhang,Joseph,Marketing,95974.03
1908,Rogers,James,Legal,97040.83
10683,Jones,Jorge,Marketing,88051.68
1855,Smith,John,Legal,94701.19
10741,Molina,Joshua,Marketing,82992.06
1920,Lopez,Joseph,Legal,85921.35
10571,Hubbard,Joshua,Marketing,78408.39
1072,Hall,Justin,Legal,78411.48
10633,Anderson,Jorge,Marketing,75201.11
1533,Patterson,Joshua,Legal,76822.71
10745,Morris,Jason,Marketing,70650.11
1483,Williams,Jeffrey,Legal,75184.94
10510,Roberts,Jamie,Marketing,68537.04
1295,Hernandez,Jeremy,Legal,71040.42
10316,Bryant,Judith,Marketing,67716.57
1585,Castaneda,Jennifer,Legal,70956.66
10438,Rogers,Jerry,Marketing,64903.71
1609,Morales,Jessica,Marketing,98893.2
10493,Brown,John,Marketing,64876.4
1386,Flowers,Jessica,Marketing,95148.73
10709,Booth,Justin,Marketing,63980.06
1007,Green,James,Marketing,90846.43
10007,Carpenter,Juan,Marketing,59747.57
1196,Wall,Jesse,Marketing,88841.06
10394,Beck,Jose,Marketing,59250.1
1212,Oliver,Jason,Marketing,88744.71
10401,Boyer,Jessica,Marketing,57613.5
1373,Dalton,Joseph,Marketing,79686.68
10591,Alexander,Jeremy,Marketing,56922.52
1868,Edwards,Jordan,Marketing,78095.73
10820,Wilson,John,Marketing,53979.46
1944,Wells,James,Marketing,77136.34
10073,Taylor,Joseph,Marketing,50788.69
1306,Franklin,Joseph,Marketing,76450.78
10736,Thomas,James,Sales,88912.64
1158,Anderson,Jennifer,Marketing,74057.89
10692,Rodriguez,Jeremy,Sales,87266.04
1267,Collins,Jamie,Marketing,69471.06
10241,Davis,Joshua,Sales,81282.01
1453,Crawford,Jay,Marketing,69238.0
10975,Walters,Julia,Sales,74659.88
1549,Kirk,Jack,Marketing,65557.2
10776,Gutierrez,Jeremy,Sales,72527.97
1322,Martin,Jessica,Marketing,65338.26
10273,Chambers,John,Sales,71837.91
1783,Mullen,Jonathan,Marketing,64903.62
10783,Pope,Jennifer,Sales,71182.36
1750,Yoder,Jerry,Marketing,57428.5
10448,Owens,Julie,Sales,69642.63
1536,Monroe,Jeffrey,Marketing,56459.94
10583,Tran,Justin,Sales,66444.57
1050,Hawkins,Jeanette,Marketing,56276.69
10492,Dillon,Jose,Sales,66258.16
1557,Brown,Jackie,Marketing,55592.64
10157,Weber,Jeffrey,Sales,66046.83
1460,Blackburn,Joseph,Marketing,53994.51
10276,Jones,Jacqueline,Sales,63340.77
1972,Vasquez,Jake,Marketing,52758.74
10858,Perez,John,Sales,57016.85
1824,Parker,James,Sales,87455.66
10873,Moore,John,Sales,56826.4
1940,Robinson,Jennifer,Sales,86414.62
10613,Edwards,Jordan,Sales,55627.88
1260,Bates,Jessica,Sales,84988.88
10445,Richardson,John,Sales,54578.14
1056,Dodson,Jeffery,Sales,83259.07
10399,Wyatt,Jill,Sales,53005.93
1426,Baker,John,Sales,80931.93
10927,Hamilton,Joan,Sales,49939.07
1929,Wood,Jorge,Sales,80755.61
10970,Bullock,John,Sales,47988.86
1485,Hall,John,Sales,79406.57
10039,Lutz,Jeffrey,Sales,46987.56
1343,Mckenzie,Jason,Sales,76011.84
10497,Flynn,Jake,Sales,45410.72
1518,Clay,Jack,Sales,73109.59
10200,Shaw,James,Support,77179.46
1419,Aguirre,Jordan,Sales,70988.91
10765,Jackson,Jonathan,Support,72197.2
1003,Dean,Jeffrey,Sales,67214.58
10881,Jimenez,Jennifer,Support,71925.14
1428,Olson,Jill,Sales,65108.6
10046,Perry,Jeffery,Support,71606.69
1313,Lewis,Jenna,Sales,63194.57
10998,David,Janet,Support,68053.99
1371,Wilson,Jill,Sales,62110.97
10384,Green,John,Support,67687.51
1589,Jones,John,Sales,59103.9
10954,Williams,Jamie,Support,62780.64
1448,Smith,Jill,Sales,58974.41
10042,Howell,Jennifer,Support,58188.8
1314,Williams,John,Sales,57945.59
10032,Roman,John,Support,57689.03
1787,King,Jennifer,Sales,57688.31
10256,Mora,Jesus,Support,57070.95
1598,Green,Jennifer,Sales,57488.16
10792,Evans,John,Support,53665.01
1805,Black,Janice,Sales,54037.87
10191,Simmons,John,Support,52923.7
1658,Heath,James,Sales,50938.74
10703,Newman,Jermaine,Support,50245.44
1334,Black,Jason,Sales,49607.12
10814,Fernandez,Jesse,Support,48557.44
1762,Craig,Jeffrey,Sales,48441.26
10522,Joseph,Joshua,Support,48001.25
1410,Swanson,Joe,Sales,45505.47
10511,Dawson,Joshua,Support,46858.46
1648,Williams,Joanne,Support,79580.58
10821,Boyle,Joshua,Support,43854.45
1594,Elliott,Jacob,Support,79429.49
4366,Johnston,John,Engineering,106614.94
1756,Hensley,John,Support,75970.41
4190,Washington,Jared,Engineering,104834.31
1883,Fuller,Joseph,Support,73836.47
4959,Johnson,Joshua,Engineering,100688.5
1382,Brooks,Jeffrey,Support,70272.66
4913,Richardson,Jacqueline,Engineering,98205.18
1938,Smith,Jose,Support,67889.34
4283,Smith,Justin,Engineering,98019.18
1228,Massey,James,Support,66848.42
4886,Berg,Justin,Engineering,95817.0
1363,Smith,Julie,Support,66574.45
4351,Smith,Justin,Engineering,85779.96
1511,Hatfield,Joshua,Support,64828.74
4751,Kennedy,Jessica,Engineering,68603.4
1442,Lopez,Jonathan,Support,60225.36
4699,Green,Jennifer,Engineering,68409.26
1670,Martinez,Jeffrey,Support,55304.99
4337,Benjamin,Jeffrey,Engineering,66678.2
1321,Fischer,Joseph,Support,53078.96
4090,Skinner,Jacob,Engineering,63347.67
1775,Williams,Julie,Support,52789.21
4379,Allen,Jennifer,Engineering,61302.45
1341,Medina,Jason,Support,47255.49
4502,Ray,Jorge,Finance,109900.64
1243,Campos,Janet,Support,43912.61
4301,Diaz,Juan,Finance,109597.47
1178,Gutierrez,Julia,Support,43406.0
4263,Landry,Jack,Finance,99409.9
150,Clark,Johnny,Engineering,119845.85
4715,Williams,Joseph,Finance,97932.35
413,Martin,Jennifer,Engineering,115721.83
4249,Gonzales,Joshua,Finance,97596.66
307,Compton,Jeremy,Engineering,109325.44
4069,Pacheco,Jennifer,Finance,95677.18
167,Brown,Jason,Engineering,108946.04
4743,Wheeler,Jason,Finance,93623.48
61,Hahn,Julia,Engineering,107647.48
4099,Baker,Janice,Finance,91857.81
352,Brooks,Jason,Engineering,107025.15
4358,Smith,Janet,Finance,90438.76
849,Anderson,Justin,Engineering,106429.19
4055,Simpson,Jonathan,Finance,86772.18
843,Hill,Jessica,Engineering,105529.52
4944,Taylor,Jay,Finance,84819.57
599,Rodriguez,Jacqueline,Engineering,105202.11
4237,Gonzalez,Jennifer,Finance,76674.32
59,Lawrence,Jeffrey,Engineering,104355.47
4104,Reed,Justin,Finance,74143.47
646,Oliver,Julie,Engineering,102663.7
4016,Jones,Jeffery,Finance,71286.6
177,Boyd,Jeffrey,Engineering,100595.26
4357,Brown,Jennifer,Finance,64145.35
794,Wallace,Jody,Engineering,100376.73
4553,Willis,Jessica,Finance,64022.58
303,Wong,Jennifer,Engineering,97498.0
4194,Rodriguez,Jennifer,Finance,63707.48
176,Henderson,John,Engineering,94644.62
4940,Jones,Joseph,Finance,60922.52
147,Roberts,Jennifer,Engineering,88870.55
4138,Pittman,Jacob,HR,93164.22
999,Monroe,Joseph,Engineering,79929.51
4419,Adams,Jeremy,HR,93008.65
699,Perez,Jamie,Engineering,75788.99
4614,Ray,Jessica,HR,89019.8
867,Sanchez,Jason,Engineering,72892.04
4052,Rodriguez,John,HR,87474.48
778,Davis,Jacob,Engineering,72439.2
4929,Sanchez,John,HR,87416.34
438,White,Jeremy,Engineering,71068.63
4485,Lopez,Jamie,HR,86383.08
784,Kidd,Jeff,Engineering,68845.23
4875,West,Joshua,HR,85814.62
870,Robinson,Jesus,Finance,108698.71
4305,Peterson,John,HR,84967.15
244,Carlson,James,Finance,106177.48
4178,Fox,Jared,HR,80873.24
787,Kelley,Jennifer,Finance,102191.99
4807,Caldwell,Jason,HR,80673.18
700,Grant,James,Finance,97928.39
4277,Nguyen,James,HR,75006.46
129,Hansen,Jessica,Finance,94704.11
4661,Robertson,John,HR,68883.33
546,Soto,Justin,Finance,85180.52
4916,Floyd,Jacqueline,HR,68078.16
410,Fuentes,Joshua,Finance,84748.2
4516,Gray,Justin,HR,66202.47
915,Garner,Jacob,Finance,83081.98
4921,Jordan,Jose,HR,65436.97
557,Stevens,Jonathan,Finance,65362.29
4369,Myers,Jeremy,HR,64672.01
117,Frank,Jennifer,Finance,65078.94
4789,Jenkins,Jonathan,HR,60205.96
764,Wilkerson,Joseph,Finance,62488.48
4427,Brown,John,HR,59819.87
650,Garcia,James,Finance,61674.46
4239,Williams,Jennifer,HR,59662.96
583,Flores,Julie,Finance,59708.66
4496,Padilla,Justin,HR,54321.49
584,Harper,Jacob,Finance,58669.14
4084,Miller,Jeffrey,HR,53320.46
881,Gilbert,Justin,HR,92492.28
4162,Lee,Joshua,IT,106189.5
814,Figueroa,Jonathan,HR,90958.07
4505,Abbott,Julie,IT,101774.07
136,Wells,Jennifer,HR,89687.94
4396,Trevino,Jasmine,IT,98238.67
386,Gonzales,Jonathan,HR,87729.77
4403,Stephens,Jessica,IT,89979.06
631,Horne,Joseph,HR,87693.42
4230,Clark,Joseph,IT,86700.95
353,Brown,Juan,HR,86699.57
4656,Sandoval,Joseph,IT,83670.29
184,Bridges,Jacqueline,HR,81952.11
4119,Jones,James,IT,81431.73
415,Orozco,Jessica,HR,80150.77
4113,Poole,John,IT,77257.61
385,Novak,Jamie,HR,78728.41
4064,Leonard,Javier,IT,71661.14
466,Cantu,Joshua,HR,73873.72
4070,Green,Jennifer,IT,70643.02
64,Davis,Jo,HR,69422.97
4489,Ellis,Jessica,IT,67910.22
342,Anderson,Jeremy,HR,62826.31
4038,Johnson,Julia,IT,66859.52
502,Andrade,James,HR,60216.79
4262,Sanders,James,IT,64774.91
725,Odonnell,Joshua,HR,58800.51
4796,Phillips,Jacqueline,Legal,112634.86
535,Williams,Jon,HR,58147.27
4140,Greer,Jose,Legal,111836.98
265,Hodge,Julie,HR,57528.88
4799,Williams,John,Legal,107396.07
309,Little,Jack,HR,51794.64
4374,Lee,Joseph,Legal,103014.53
957,Melton,Jessica,IT,114560.21
4005,Evans,Jacob,Legal,101589.87
227,Dean,Jason,IT,112117.46
4333,Haynes,John,Legal,96902.7
709,Gonzalez,Jason,IT,111857.2
4985,Smith,Jeffrey,Legal,89609.61
384,Good,Julie,IT,109622.72
4896,Rowland,Jennifer,Legal,82057.88
97,Lee,Jennifer,IT,109613.18
4778,Elliott,James,Legal,79482.75
78,Collins,Jennifer,IT,103220.5
4509,Pierce,Jacqueline,Legal,79472.34
662,Knapp,Jo,IT,98817.27
4846,Garcia,Jennifer,Legal,72581.9
230,Ramsey,Jeremy,IT,90422.36
4368,Hood,Jeremy,Legal,71164.26
573,Patterson,Jennifer,IT,88419.34
4844,Schmidt,Jonathan,Legal,65437.98
181,Hamilton,Jamie,IT,83015.03
4797,Turner,Jamie,Marketing,98350.63
949,Galloway,Joseph,IT,82732.85
4679,Galloway,James,Marketing,93143.91
810,Wilson,Joann,IT,78704.49
4120,Stewart,Jared,Marketing,90336.99
811,Johnson,Jamie,IT,77181.93
4980,Mccarty,Jon,Marketing,78344.71
492,Ramsey,Jennifer,IT,72951.85
4204,Johnson,Jesse,Marketing,77070.29
836,Cole,Jason,IT,72612.45
4066,Salazar,Joseph,Marketing,75989.37
367,Gregory,John,IT,70158.31
4397,Wheeler,James,Marketing,71366.81
609,Jones,Jeremy,IT,70150.09
4855,Wagner,Jonathan,Marketing,69105.22
880,Tanner,Joanna,IT,60733.23
4184,Cameron,John,Marketing,64794.96
824,Roberts,James,Legal,124450.58
4601,Snyder,Janet,Marketing,59842.85
534,Fields,John,Legal,123331.32
4220,Lamb,Jacqueline,Marketing,55935.21
246,Lane,James,Legal,121305.75
4885,Contreras,Julie,Marketing,51679.45
319,Zavala,James,Legal,116390.77
4387,Miller,Joseph,Sales,88766.06
268,Rodriguez,Julie,Legal,113334.74
4544,Baker,Joseph,Sales,75791.19
963,Spencer,Jennifer,Legal,105556.4
4024,Blair,Jessica,Sales,74722.92
993,Jones,Jeffrey,Legal,95022.98
4409,Tucker,Jason,Sales,72901.78
62,Brown,James,Legal,94975.4
4772,Brennan,Jason,Sales,71793.54
677,Lopez,Jeffrey,Legal,93259.32
4629,Herring,Jeffrey,Sales,65696.13
121,Wood,James,Legal,91191.04
4657,Webb,John,Sales,64008.42
575,Cohen,Jennifer,Legal,89198.41
4692,Mason,John,Sales,62925.31
99,Clay,Jacqueline,Legal,88656.03
4507,Ball,Jason,Sales,62281.02
628,Chapman,Julie,Legal,88106.06
4041,Anderson,Joshua,Sales,60520.66
928,Benson,Joseph,Legal,84380.6
4930,Schwartz,Jonathan,Sales,60348.44
341,Morgan,John,Legal,83546.73
4618,Smith,Jessica,Sales,59195.76
739,Hernandez,Jonathan,Legal,82750.08
4309,Buckley,James,Sales,58982.91
292,Haas,Joshua,Legal,81844.08
4015,Reed,Jenny,Sales,58900.44
512,Ballard,Jacob,Legal,80902.28
4752,West,Janet,Sales,58464.17
633,Barron,Jeffrey,Legal,76426.85
4961,Dickerson,Jennifer,Sales,56934.48
388,Randolph,Jaime,Legal,76054.78
4610,Yates,John,Sales,54255.09
919,Moreno,Jeffrey,Legal,67580.83
4051,Barnett,Joseph,Support,79150.86
498,Ward,Jessica,Marketing,98327.97
4910,Sparks,Jeremy,Support,78695.98
478,Duncan,Jason,Marketing,95104.55
4678,Sullivan,Joshua,Support,77420.39
577,Evans,Jeffrey,Marketing,88985.8
4563,Kirby,Jonathon,Support,76500.74
736,Erickson,Jacqueline,Marketing,88307.36
4973,Lawrence,Justin,Support,74628.92
484,Conway,Jonathan,Marketing,87825.27
4276,Gordon,Jodi,Support,71004.52
22,Grant,Justin,Marketing,84138.52
4806,Carter,Jerome,Support,69718.12
344,Garcia,Jennifer,Marketing,83170.75
4613,Cardenas,James,Support,65315.64
567,Sullivan,Jacob,Marketing,81682.71
4951,Nguyen,Jeremy,Support,64068.88
191,Schmidt,John,Marketing,81104.64
4480,Fox,John,Support,63601.04
493,Moore,Jacob,Marketing,80996.27
4032,Gonzalez,James,Support,59900.06
769,Martinez,Jeffery,Marketing,80027.0
4737,Lucas,Julie,Support,57637.41
39,Reilly,Justin,Marketing,78433.33
4147,Oconnell,Jennifer,Support,50280.49
747,Cook,Jackson,Marketing,74631.42
4918,Fowler,James,Support,49697.43
762,Barnes,Jason,Marketing,73623.28
4260,Evans,Jessica,Support,49249.02
654,Gray,Jeremy,Marketing,72832.71
4248,Garrett,Jackie,Support,47135.71
861,Bartlett,Joseph,Marketing,71455.07
4681,Campos,John,Support,46894.96
338,Williams,Jay,Marketing,71309.21
4724,Porter,Jason,Support,44068.92
854,Franklin,Jacqueline,Marketing,68539.05
4414,Richardson,Janice,Support,44046.27
49,Durham,Jose,Marketing,66212.42
4415,Small,John,Support,43766.48
205,Watson,John,Marketing,66065.01
4385,Flynn,Jennifer,Support,43355.68
640,Brown,Jeremy,Marketing,51273.06
4688,Peterson,Joseph,Support,42011.64
217,Luna,Jonathan,Sales,81596.98
4473,Grant,Jessica,Support,41796.51
133,Knight,Jennifer,Sales,77207.26
4420,Skinner,Jody,Support,41620.74
648,Horton,Julie,Sales,76103.82
12554,Williams,Jessica,Engineering,114986.4
214,Scott,Jennifer,Sales,66168.75
12292,Hendricks,Jeffrey,Engineering,107646.85
827,Page,Janice,Sales,65738.97
12713,Allen,Jillian,Engineering,99256.82
326,Gonzalez,Joanna,Sales,65322.43
12498,Butler,Johnathan,Engineering,89238.15
848,Doyle,Jason,Sales,63747.9
12969,Clark,Jeremy,Engineering,88153.15
87,Jackson,Julian,Sales,63278.16
12598,Mullins,Juan,Engineering,88106.14
922,Le,John,Sales,62962.06
12669,Wilcox,Jeremy,Engineering,81033.07
558,Rogers,John,Sales,62712.31
12082,Gray,Jorge,Engineering,72937.15
779,Wallace,John,Sales,62376.03
12038,Hale,James,Engineering,70169.67
968,Mitchell,Jason,Sales,61605.33
12235,Clark,Jennifer,Engineering,69279.58
975,Clay,Jesus,Sales,60156.89
12639,Sanchez,Jill,Engineering,67884.52
26,Roth,Johnny,Sales,58446.11
12260,Duran,James,Engineering,67877.18
802,Jackson,Jesse,Sales,55770.61
12886,Williams,Johnny,Engineering,65327.52
320,Stark,Jeffrey,Sales,55634.96
12225,Escobar,Jennifer,Engineering,63038.3
539,Ward,Jon,Sales,55093.12
12184,Walters,Jesus,Engineering,61683.99
728,Valentine,Joseph,Sales,53296.24
12083,Harris,Jonathan,Finance,108849.69
73,Hill,John,Sales,52652.07
12107,Vasquez,Jennifer,Finance,108207.82
812,Rogers,Jesse,Sales,50511.8
12848,Smith,James,Finance,107048.62
400,Olson,John,Support,79987.58
12243,Webb,Jennifer,Finance,103415.69
175,Riley,Jack,Support,79868.74
12219,Gonzalez,Jeremy,Finance,98989.89
402,Ramirez,John,Support,71205.55
12544,Thomas,Jody,Finance,97623.88
780,Morris,Joshua,Support,63991.92
12106,Newton,Jacob,Finance,97274.33
397,Perez,Jamie,Support,62181.44
12656,Mccoy,James,Finance,96723.23
572,Mcclure,Janet,Support,60256.7
12323,Copeland,Jennifer,Finance,93872.69
189,Wright,Jack,Support,59394.68
12616,Austin,James,Finance,90726.17
909,Duran,Jeffrey,Support,54476.25
12064,Hanson,Jesse,Finance,89181.49
468,Henderson,James,Support,49468.59
12734,Ruiz,Janet,Finance,81141.89
464,Rivera,James,Support,46348.81
12755,Miranda,Jessica,Finance,79414.21
154,Howe,John,Support,44334.53
12743,Lyons,Jessica,Finance,77416.13
487,Williams,Jeffrey,Support,43362.36
12844,Cruz,Janet,Finance,77347.45
950,Flores,Jason,Support,42317.16
12860,Johnson,Justin,Finance,76553.59
672,Cunningham,James,Support,41851.34
12414,Valenzuela,Jeffrey,Finance,76505.7
12727,Baker,James,Finance,74047.03
12409,Harper,Joshua,Finance,68422.45
12209,Ramos,Jason,Finance,67709.23
12717,Terry,Jeffrey,Finance,64161.5
12434,Nelson,Julie,Finance,63897.04
12968,Gillespie,Jose,Finance,59675.86
12333,Nelson,Jessica,Finance,57358.7
12175,Duran,Justin,HR,92044.32
12116,Tate,Jason,HR,88622.11
12398,Neal,Jennifer,HR,85034.22
12472,Richardson,Jack,HR,78463.32
12375,Rojas,Julie,HR,77279.66
12337,Smith,Jerry,HR,72171.6
12412,Allen,James,HR,70620.91
12220,Russell,Jennifer,HR,66408.16
12015,Sutton,Jennifer,HR,64323.35
12384,Kelly,Jeffrey,HR,57409.58
12077,Harrison,Jenny,HR,55601.8
12462,Nicholson,Joshua,HR,52330.43
12425,Castaneda,Jamie,HR,52088.89
12565,Morris,John,IT,104226.09
12073,Ortiz,Julie,IT,103459.24
12034,Moss,John,IT,99836.92
12659,Martinez,Jeremy,IT,93889.9
12683,Caldwell,Joseph,IT,93751.85
12378,Morris,Jennifer,IT,91768.14
12078,Whitney,James,IT,90727.21
12965,Snyder,Jasmine,IT,89740.42
12489,Brown,Jeremy,IT,80005.63
12821,Aguirre,Joel,IT,79624.16
12488,Gomez,John,IT,74534.9
12951,Miller,Jennifer,IT,68769.07
12940,Hendrix,Jesse,IT,68610.67
12908,Mosley,Justin,IT,67173.86
12918,Bonilla,John,IT,66210.62
12207,Johnson,Jason,IT,66130.03
12144,Anderson,Joseph,IT,64496.69
12383,Rocha,Jay,Legal,119024.72
12039,Ayers,John,Legal,118494.92
12654,Vazquez,Joseph,Legal,117787.81
12729,Davis,John,Legal,117011.48
12355,Harrison,John,Legal,112913.53
12854,Wolfe,Joshua,Legal,112495.21
12667,Perry,Jessica,Legal,109203.79
12657,Johnson,Jennifer,Legal,99383.86
12111,Fields,John,Legal,98305.12
12859,Parks,Joseph,Legal,94750.03
12563,Gill,Justin,Legal,93141.95
12897,Yates,Jacob,Legal,92754.72
12413,Trevino,Joseph,Legal,89369.75
12475,Montoya,Jessica,Legal,76149.74
12796,Sullivan,Jacob,Legal,74748.78
12805,Smith,Joseph,Legal,73284.38
12313,Valdez,Jaime,Legal,73182.41
12172,Mendoza,Justin,Legal,69995.7
12981,Livingston,John,Legal,67447.45
12772,Richardson,John,Legal,67163.58
12802,Harris,Jeffrey,Marketing,99797.35
12328,Wilcox,Jerry,Marketing,99648.87
12004,Mccarty,Jessica,Marketing,98807.69
12733,Douglas,Jill,Marketing,92839.57
12400,Vaughn,Jeffrey,Marketing,92582.19
12583,Lynn,Justin,Marketing,91936.95
12855,Wood,Jane,Marketing,91231.26
12767,Walton,James,Marketing,88705.06
12203,Bradford,John,Marketing,88017.01
12448,Taylor,Joanne,Marketing,86811.38
12202,Davis,Jared,Marketing,84363.28
12527,Beck,Joseph,Marketing,82217.48
12047,Johnson,John,Marketing,78770.92
12921,Kim,Justin,Marketing,78168.45
12216,Soto,Joseph,Marketing,77405.8
12834,Owens,Julie,Marketing,76498.52
12075,Perez,Janet,Marketing,73948.27
12548,Thomas,Jeffrey,Marketing,73489.2
12435,Alvarez,John,Marketing,69613.4
12239,Weaver,Jessica,Marketing,69308.28
12345,Delacruz,Jennifer,Marketing,68889.18
12903,Roberts,Jonathan,Marketing,68699.2
12720,Burns,Jesse,Marketing,64920.32
12621,Morris,Jeffery,Marketing,64585.61
12128,Lawrence,Jillian,Marketing,61361.75
12645,West,Jim,Marketing,60958.51
12492,Carrillo,Jessica,Marketing,58847.17
12157,Mejia,Joyce,Marketing,58467.26
12427,Ryan,Jessica,Marketing,54382.51
12607,Long,Jeffery,Marketing,50674.92
12878,Conley,Jeremy,Marketing,50260.63
12303,Mcdowell,James,Sales,84161.66
12133,Leon,John,Sales,78954.79
12416,Burgess,Jonathan,Sales,74838.76
12060,Goodman,Jennifer,Sales,74584.56
12974,Lee,Jacob,Sales,74267.45
12180,Wyatt,John,Sales,73600.75
12840,Mcdaniel,John,Sales,70768.12
12944,Freeman,James,Sales,70480.39
12828,Stanley,Julia,Sales,70278.94
12753,Bonilla,John,Sales,68750.5
12615,Carson,Jean,Sales,55781.57
12994,Nguyen,Janet,Sales,53738.09
12642,Hamilton,John,Sales,48239.88
12149,Whitaker,Jeremy,Sales,47802.43
12705,Rodriguez,Jennifer,Sales,46630.13
12304,Robertson,Jeffrey,Support,79940.58
12130,Sanchez,Janet,Support,78457.34
12379,Spencer,James,Support,75725.73
12567,Mejia,Julie,Support,75517.46
12710,King,James,Support,74893.11
12242,Lloyd,Jacob,Support,73669.66
12237,Rodriguez,Jamie,Support,73332.55
12850,Vargas,John,Support,72804.05
12169,Stevens,James,Support,70547.96
12712,Green,Jessica,Support,69907.47
12035,Spencer,Janet,Support,68783.56
12979,Diaz,Jennifer,Support,65140.53
12136,Nicholson,Jasmine,Support,59190.61
12284,Scott,Jose,Support,57878.02
12528,Hamilton,Jennifer,Support,56063.19
12405,Harris,John,Support,53592.48
12476,Harris,Javier,Support,50576.92
12181,Kent,Joshua,Support,49763.96
12131,Parker,Jesse,Support,47125.03
5539,Snyder,Kristen,Engineering,108798.7
12255,Taylor,Kevin,Engineering,114587.36
5766,Perez,Kathy,Engineering,108348.32
12011,Wallace,Kelsey,Engineering,108753.32
5660,Morse,Kenneth,Engineering,104635.5
12975,Mullen,Kristopher,Engineering,79779.38
5582,Cox,Katherine,Engineering,103940.15
12272,Gomez,Kevin,Engineering,79006.03
5862,Steele,Kevin,Engineering,102189.76
12419,Harris,Kimberly,Engineering,77450.92
5598,Frey,Kristina,Engineering,95132.54
12603,Mitchell,Kyle,Finance,101450.72
5408,Shaw,Katherine,Engineering,86241.32
12330,Spence,Kyle,Finance,100271.44
5249,Davis,Kyle,Engineering,81075.7
12003,Singleton,Kathy,Finance,84605.72
5256,Hudson,Krista,Engineering,72561.14
12986,Morales,Kristen,Finance,77002.16
5794,Scott,Kristin,Engineering,61303.11
12647,Smith,Kevin,Finance,76164.43
5574,Foster,Kevin,Finance,105522.45
12289,Marshall,Kelly,HR,89548.75
5163,Moreno,Kristen,Finance,86588.77
12955,Nielsen,Kyle,HR,86267.52
5595,May,Kelly,Finance,83254.43
12322,Ray,Kevin,HR,79961.83
5375,Casey,Kyle,Finance,77749.1
12199,Hall,Kristen,HR,78113.52
5538,Myers,Kevin,Finance,76417.6
12882,Perez,Karen,HR,72330.8
5707,Gardner,Kevin,Finance,75771.48
12173,Taylor,Kyle,HR,70531.06
5601,Vaughan,Kelly,Finance,68371.47
12072,Roberts,Kendra,HR,68659.42
5714,Howard,Kevin,Finance,67078.7
12449,Hardy,Kim,HR,65331.48
5726,Gordon,Kenneth,Finance,65221.98
12016,Jones,Kevin,HR,65032.86
5211,Bauer,Kevin,HR,90528.24
12853,Griffin,Kimberly,HR,61895.93
5056,Fitzgerald,Kyle,HR,88190.65
12283,Roberts,Karen,HR,54266.13
5106,Vincent,Kaitlin,HR,82558.42
12646,Hall,Kimberly,HR,51747.5
5332,Brooks,Karla,HR,80400.32
12827,Stewart,Karen,IT,79668.76
5058,Young,Karen,HR,79623.64
12987,Grimes,Kayla,IT,63877.15
5183,Moreno,Kelsey,HR,71998.31
12938,Strickland,Karen,IT,60229.8
5782,Wood,Kenneth,HR,70299.09
12641,Thompson,Kimberly,Legal,116727.01
5449,Fleming,Kathleen,HR,60709.22
12263,Robbins,Kaylee,Legal,108495.11
5556,Becker,Kimberly,HR,59879.27
12174,Johnson,Karen,Legal,106189.35
5937,Schwartz,Karen,HR,59797.07
12866,Walls,Kathy,Legal,91657.66
5536,Medina,Kyle,HR,57531.78
12707,Leonard,Katelyn,Legal,87240.05
5788,Holland,Kristen,HR,54433.87
12339,Cooper,Kenneth,Legal,80967.33
5112,Pierce,Katie,HR,53680.76
12201,Johnson,Kathleen,Legal,75817.01
5983,Wilson,Katie,IT,107315.01
12695,Montoya,Kevin,Legal,72702.05
5717,Harris,Kelly,IT,93725.92
12010,Ramos,Kelly,Legal,70157.57
5800,Torres,Katrina,IT,90089.65
12117,Keller,Kathy,Marketing,95395.51
5127,Gordon,Kara,IT,83812.15
12466,Herrera,Kari,Marketing,90195.12
5634,Reyes,Krista,IT,82924.9
12815,Alvarez,Kristi,Marketing,84164.56
5948,Mason,Kevin,IT,81336.36
12481,Alvarez,Kayla,Marketing,82666.23
5458,Williams,Kimberly,IT,75450.96
12591,Espinoza,Kim,Marketing,81347.43
5977,May,Kim,IT,61723.0
12021,Henderson,Keith,Marketing,79044.97
5436,Harris,Kyle,Legal,98336.4
12281,Howard,Kendra,Marketing,77623.49
5877,Bradshaw,Kelly,Legal,96361.17
12587,Watson,Kristina,Marketing,76265.61
5853,Mitchell,Kenneth,Legal,93676.06
12976,Mercado,Kevin,Marketing,74822.12
5504,Andrews,Katherine,Legal,88949.89
12426,Terry,Karen,Marketing,72580.07
5622,Barajas,Kevin,Legal,87630.79
12900,Brock,Kyle,Marketing,70379.75
5545,Hernandez,Kara,Legal,85153.45
12692,Clarke,Kevin,Marketing,54672.32
5326,Gonzalez,Kristen,Marketing,94655.52
12358,Young,Kimberly,Marketing,50435.61
5646,Robinson,Kayla,Marketing,90530.55
12593,Mullins,Kathleen,Sales,88427.08
5543,Stewart,Kristina,Marketing,88963.91
12550,Leon,Kimberly,Sales,68041.78
5062,Hanson,Krystal,Marketing,85878.15
12742,Smith,Karen,Sales,63710.37
5206,Taylor,Keith,Marketing,78838.93
12299,Wood,Karla,Sales,59957.66
5245,Fernandez,Katelyn,Marketing,78498.84
12196,Wilson,Keith,Sales,58791.91
5343,Cole,Kimberly,Marketing,72944.15
12876,Potts,Kelly,Sales,55782.8
5767,Foster,Kristen,Marketing,60769.68
12530,Browning,Karen,Sales,55013.17
5771,Larson,Kristin,Marketing,59485.33
12493,Wilkinson,Kathleen,Sales,53970.09
5709,White,Kevin,Marketing,56192.36
12505,Wilson,Kyle,Sales,52212.94
5091,Hardy,Kelli,Sales,81482.65
12778,Chaney,Kelsey,Sales,50565.03
5340,Waller,Kevin,Sales,79918.87
12809,Cooper,Krista,Sales,46997.12
5770,Blackwell,Kristine,Sales,63447.73
12609,Mcpherson,Kathy,Support,75256.61
5804,Brady,Kristen,Support,78500.27
12648,Spears,Kimberly,Support,74533.72
5742,Stephens,Kara,Support,75587.61
12893,Park,Kelly,Support,71308.37
5912,Robinson,Kelly,Support,75530.77
12327,Arellano,Kristen,Support,64818.58
5830,Hernandez,Kathleen,Support,75335.25
12790,Thompson,Kevin,Support,63803.36
5177,Mcguire,Kimberly,Support,69812.06
12540,Sullivan,Kelly,Support,62716.62
5883,Hall,Kimberly,Support,65164.19
12890,Rosales,Kelly,Support,58434.91
5578,Fields,Katie,Support,62559.98
12310,Sandoval,Kevin,Support,55302.55
5396,Carter,Kristen,Support,58429.94
12188,Martin,Kelly,Support,49398.11
5548,Kaufman,Karen,Support,52990.44
12124,Gonzalez,Katie,Support,47360.3
5587,Banks,Karen,Support,48700.76
12861,Brown,Kyle,Support,40986.99
6106,Gonzalez,Kevin,Engineering,117271.15
260,Myers,Kathryn,Engineering,111989.95
15909,Cannon,Kelly,Engineering,117081.02
12253,Wilson,Kelli,Support,40234.61
6772,Gilbert,Kristina,Engineering,116647.28
781,Perry,Karen,Engineering,111782.78
15902,Brown,Karen,Engineering,111792.48
7502,Day,Kelly,Engineering,117380.98
6881,Farrell,Kristin,Engineering,85277.39
590,Webb,Krystal,Engineering,103624.66
15205,Pope,Kimberly,Engineering,111096.36
7550,Moody,Kyle,Engineering,114495.87
6136,Jones,Kimberly,Engineering,80962.15
390,Sosa,Kristin,Engineering,92370.09
15724,Grant,Kelly,Engineering,95592.66
7761,Rojas,Karen,Engineering,107887.42
6522,Adams,Katelyn,Engineering,80197.51
731,Jackson,Keith,Engineering,91000.06
15272,Wilcox,Kevin,Engineering,81225.12
7819,Jenkins,Katie,Engineering,94597.75
6671,Sutton,Katherine,Engineering,72722.27
960,Mason,Kimberly,Engineering,90976.28
15276,Ramos,Kaitlyn,Engineering,78138.38
7048,Herrera,Kendra,Engineering,94507.5
6418,Phillips,Kendra,Finance,97901.28
872,Sutton,Kyle,Engineering,89665.66
15625,Scott,Kyle,Engineering,66931.34
7910,Johnson,Kayla,Engineering,93262.94
6908,Hayes,Katie,Finance,97085.22
625,Harris,Kevin,Engineering,89176.93
15338,Shaw,Kim,Engineering,66746.98
7454,Figueroa,Kerry,Engineering,92895.2
6693,Forbes,Keith,Finance,92252.58
552,Whitehead,Kimberly,Engineering,82088.78
15305,Young,Kimberly,Finance,85415.35
7076,Montgomery,Kim,Engineering,90194.38
6097,Hull,Kelli,Finance,83463.33
532,Hernandez,Kathy,Engineering,75502.92
15060,Medina,Kevin,Finance,84126.2
7442,Ryan,Kenneth,Engineering,88016.32
6966,Andersen,Kevin,Finance,83187.4
774,Smith,Kristin,Engineering,61539.21
15883,Jones,Kristi,Finance,78172.88
7037,Lane,Kyle,Engineering,84675.38
6004,Lee,Kevin,Finance,82178.61
368,Randall,Kenneth,Finance,108532.91
15844,Prince,Kimberly,HR,90099.61
7194,Dunlap,Katie,Engineering,80272.12
6191,Romero,Kristin,Finance,73915.45
705,Robbins,Kurt,Finance,105538.2
15210,Franklin,Karen,HR,89517.3
7294,Good,Katherine,Engineering,78878.05
6152,Moore,Kendra,Finance,57707.34
515,Hall,Kimberly,Finance,95152.86
15831,Mcneil,Kelly,HR,88068.3
7484,Cunningham,Kimberly,Engineering,77545.23
6949,Vang,Kyle,HR,92493.03
901,Myers,Kimberly,Finance,90801.86
15118,Gardner,Kimberly,HR,85116.05
7813,Jenkins,Kirk,Engineering,74980.15
6571,Martin,Kimberly,HR,85161.12
269,Bennett,Kathleen,Finance,69919.29
15901,Wilson,Kerry,HR,78103.96
7028,Obrien,Kimberly,Engineering,74583.66
6429,Dennis,Kellie,HR,80105.58
876,Hendricks,Karen,Finance,55013.93
15107,Dillon,Kayla,HR,76777.68
7180,Davis,Kathleen,Finance,107642.0
6309,Adams,Kristi,HR,73975.1
219,Mccormick,Karen,HR,94842.84
15723,Parker,Kyle,HR,73536.1
7691,Foster,Kevin,Finance,101806.81
6089,Diaz,Kevin,HR,69969.56
807,Hayes,Kenneth,HR,94684.76
15030,Bell,Kelly,HR,71526.44
7980,Parsons,Kayla,Finance,97623.83
6810,Hart,Katherine,HR,59901.15
809,Love,Kathryn,HR,80596.91
15713,Evans,Kimberly,HR,65871.99
7166,Best,Kyle,Finance,92581.76
6027,Hart,Katie,HR,58346.16
937,Leonard,Kristy,HR,79298.29
15695,Martinez,Kevin,HR,52121.73
7195,Price,Kevin,Finance,77970.0
6510,Avery,Katelyn,HR,54188.81
997,Rogers,Kayla,HR,77587.83
15029,Rodriguez,Kenneth,HR,51516.5
7901,Gonzalez,Katie,Finance,59629.72
6673,Fletcher,Kyle,IT,114771.47
325,Molina,Kenneth,HR,69082.5
15563,White,Kyle,IT,113639.02
7143,Wilson,Kevin,Finance,57366.97
6140,May,Kathryn,IT,100008.47
620,Bailey,Kathryn,HR,60909.6
15678,Robertson,Kelly,IT,112765.93
7874,Nguyen,Krista,HR,77863.37
6239,Olson,Kenneth,IT,97449.14
509,Thomas,Kathryn,HR,56267.75
15473,Thomas,Kelsey,IT,111358.76
7384,Fischer,Karen,HR,71997.12
6252,Lee,Kimberly,IT,88877.15
69,Cook,Kathleen,HR,50613.24
15633,King,Kimberly,IT,82566.47
7501,Glover,Keith,HR,62478.96
6217,Ramsey,Kevin,IT,67529.17
815,Reynolds,Kimberly,IT,76483.54
15270,Santiago,Kyle,IT,76385.81
7803,Ayala,Kevin,HR,56366.51
6190,Hall,Kathleen,IT,66608.55
499,Nguyen,Kayla,IT,72383.05
15422,Potts,Keith,IT,76205.7
7369,Wolfe,Kathleen,IT,113182.57
6604,Jones,Krista,IT,62732.94
423,Keller,Kimberly,IT,71508.47
15201,Huber,Karina,IT,67713.97
7270,Ramirez,Kenneth,IT,96777.81
6937,Boyle,Kyle,Legal,124861.9
847,Fernandez,Kenneth,IT,69424.67
15609,Meadows,Kathryn,Legal,116529.95
7669,Oneal,Kenneth,IT,95161.88
6179,Wilcox,Kyle,Legal,117184.73
250,Smith,Kelly,Legal,119093.39
15528,Brooks,Kim,Legal,109270.06
7577,Watkins,Kelly,IT,92600.4
6583,Martin,Kathy,Legal,110786.41
974,Russo,Kristin,Legal,103439.4
15514,Carter,Kimberly,Legal,103462.54
7489,Roberts,Kathy,IT,81342.21
6462,Little,Kristen,Legal,106032.64
289,Miles,Keith,Legal,103244.17
15325,Olson,Kyle,Legal,101695.93
7974,Rodgers,Kenneth,Legal,121133.72
6980,Rodriguez,Kevin,Legal,99427.36
208,Harrison,Kristen,Legal,99448.58
15810,Dixon,Kelli,Legal,100851.11
7014,Young,Kenneth,Legal,115082.84
6674,Cobb,Kristina,Legal,98757.2
803,Freeman,Kaitlyn,Legal,73075.52
15690,Elliott,Kenneth,Legal,96859.44
7352,Barnett,Karen,Legal,110237.88
6790,Richardson,Kimberly,Legal,97301.79
795,Garrett,Kenneth,Legal,66938.66
15009,Mcmillan,Kimberly,Legal,81803.75
7775,Chavez,Kelly,Legal,108452.09
6485,Morton,Karen,Legal,87024.15
842,Ramirez,Kimberly,Marketing,99988.4
15491,Torres,Kevin,Legal,69586.62
7357,Ellis,Katherine,Legal,100989.3
6245,Wilson,Kristine,Legal,83985.38
8,Lewis,Kathy,Marketing,67528.3
15204,Newton,Kristin,Legal,66063.79
7662,Hardy,Kimberly,Legal,96997.47
6028,Maddox,Kathy,Legal,75645.71
991,Tapia,Kathleen,Marketing,55133.43
15890,Beasley,Keith,Legal,66042.97
7422,Padilla,Kathryn,Legal,90910.01
6608,Ferguson,Kayla,Legal,69353.39
923,Jacobson,Kathryn,Sales,71166.53
15167,Young,Krystal,Marketing,95807.87
7726,Robinson,Kevin,Legal,82517.91
6620,Young,Kenneth,Marketing,99366.13
630,Obrien,Kristen,Sales,71098.82
15992,Williams,Karen,Marketing,94272.11
7953,Lambert,Kevin,Marketing,95142.96
6390,Chen,Kevin,Marketing,98770.18
830,Schaefer,Katherine,Sales,70338.75
15771,Oliver,Keith,Marketing,90450.79
7670,Banks,Kevin,Marketing,94131.5
6396,Reed,Kevin,Marketing,94911.37
432,Olson,Keith,Sales,66304.39
15093,Park,Kristine,Marketing,62054.29
7658,Morales,Kimberly,Marketing,93909.6
6471,Lopez,Kathryn,Marketing,94752.44
749,Cherry,Kathleen,Sales,63353.4
15011,Webb,Kimberly,Marketing,56882.68
7526,Moore,Kathleen,Marketing,93765.92
6534,Nelson,Katherine,Marketing,87117.57
380,Hoffman,Kim,Sales,62553.98
15178,Roberts,Kathleen,Sales,78481.54
7304,Cole,Katrina,Marketing,85555.91
6337,Jones,Katie,Marketing,83768.83
594,Hernandez,Kelly,Sales,62397.49
15274,Chavez,Kevin,Sales,63449.96
7247,Buck,Kevin,Marketing,79711.72
6918,Parsons,Katherine,Marketing,66878.76
490,Hudson,Kurt,Sales,60411.61
15777,Solomon,Kimberly,Sales,60476.26
7822,Heath,Kyle,Marketing,79418.85
6664,Sandoval,Kimberly,Marketing,56618.8
537,Sparks,Karla,Sales,56739.86
15247,Smith,Kevin,Sales,59716.42
7718,Juarez,Kenneth,Marketing,60070.68
6684,Herrera,Krista,Sales,85915.67
322,Rice,Keith,Sales,52228.8
15086,Macdonald,Katherine,Sales,46729.17
7610,Farrell,Kristi,Marketing,56732.38
6210,Duarte,Keith,Sales,84923.63
20,Ibarra,Katelyn,Sales,49964.7
15172,Callahan,Kathleen,Support,76706.8
7918,Carter,Krystal,Marketing,55327.85
6636,Richardson,Kevin,Sales,81150.04
775,Underwood,Kevin,Sales,49919.96
15503,Shelton,Kelly,Support,72359.29
7235,Williams,Kyle,Sales,89959.33
6133,Scott,Kristin,Sales,69891.68
258,Jones,Kimberly,Support,76536.53
15857,Ortega,Krista,Support,65409.97
7942,Evans,Karen,Sales,85477.59
7000,Juarez,Karen,Sales,67814.67
108,Hernandez,Katherine,Support,76070.53
15789,Wright,Kayla,Support,60656.61
7629,Johnson,Kimberly,Sales,82706.49
6743,Conley,Katrina,Sales,66424.36
834,Riley,Kayla,Support,60857.01
15855,Little,Karen,Support,51759.43
7480,Galloway,Karen,Sales,71104.91
6962,Beck,Kayla,Sales,51912.65
3,Ortiz,Katie,Support,48762.13
15431,Perry,Kevin,Support,51329.06
7419,Kramer,Kathy,Sales,70010.46
6530,Love,Katherine,Support,77625.5
489,Hines,Karen,Support,48116.16
7068,Baker,Kelsey,Sales,67028.45
6532,Lewis,Karen,Support,56895.9
887,Lowe,Katie,Support,47921.24
7347,Russell,Kaitlyn,Sales,50267.46
6383,Anthony,Kathryn,Support,55520.79
14138,Swanson,Kyle,Engineering,115371.92
7019,Bell,Kenneth,Support,79879.66
6712,Ellis,Kim,Support,52653.01
14450,Martin,Kristina,Engineering,115041.06
7269,Graves,Kimberly,Support,75220.84
6630,George,Kelsey,Support,52232.82
14857,Robertson,Kenneth,Engineering,106768.62
7741,Johnson,Kelly,Support,70394.78
6095,Weeks,Kevin,Support,44959.78
14337,Gibson,Kenneth,Engineering,97798.32
7205,Carpenter,Kristine,Support,69925.99
6714,Cole,Krystal,Support,44438.23
14936,Fritz,Keith,Engineering,68703.46
7656,Mitchell,Kimberly,Support,69660.64
6760,Lyons,Kenneth,Support,43132.25
14210,Freeman,Kimberly,Engineering,62148.44
7818,Perry,Karl,Support,66692.71
6490,Avila,Karen,Support,41539.52
14157,Ford,Kathryn,Finance,103082.65
7966,Stone,Karen,Support,63246.33
8346,Torres,Kimberly,Engineering,107716.09
14872,Baker,Kyle,Finance,100803.15
7087,Jimenez,Katie,Support,47599.59
8289,Bryan,Karen,Engineering,97509.91
14928,Lawrence,Katherine,Finance,87480.45
7634,Gay,Kevin,Support,45010.26
8077,Turner,Kenneth,Engineering,90445.52
14403,Gonzalez,Kimberly,Finance,86670.75
7387,Burgess,Kristin,Support,43020.43
8770,Harrison,Kim,Engineering,88981.8
14719,Dodson,Kathryn,Finance,82817.75
7344,Brown,Katie,Support,42353.48
8264,Jackson,Kimberly,Engineering,81001.8
14423,Roberts,Karen,Finance,79745.15
2367,Martinez,Karen,Engineering,117525.87
8124,Dyer,Kathleen,Engineering,72195.33
14206,Flores,Karen,Finance,63171.12
2537,Reeves,Karen,Engineering,116551.82
8484,Barrett,Kathleen,Engineering,61734.72
14507,Barker,Kaylee,HR,92303.35
2357,Wilkinson,Kimberly,Engineering,109721.84
8415,Brown,Kim,Finance,104242.52
14004,Lara,Kevin,HR,88130.26
2177,Nguyen,Kim,Engineering,107827.86
8220,Nelson,Kyle,Finance,100689.74
14884,Stephens,Kristine,HR,84129.26
2849,Wiggins,Kristen,Engineering,106630.35
8740,Francis,Kelli,Finance,100371.09
14057,Ruiz,Kevin,HR,80232.58
2952,Hicks,Kendra,Engineering,99682.57
8876,Miller,Kimberly,Finance,94374.73
14096,Edwards,Kristina,HR,58863.72
2140,Davidson,Kiara,Engineering,89344.35
8799,Villegas,Kristen,Finance,86839.44
14253,Rocha,Kimberly,HR,57129.86
2314,Baker,Kimberly,Engineering,86493.74
8269,Sutton,Kenneth,Finance,75822.6
14853,Barnes,Kimberly,IT,103554.75
2446,Green,Kristie,Engineering,82647.47
8373,Pierce,Kenneth,Finance,72601.43
14533,Webb,Kimberly,IT,97324.73
2631,Brown,Kathleen,Engineering,79317.97
8839,Williams,Kimberly,Finance,58881.27
14097,Russell,Karen,IT,73952.35
2195,Larsen,Kristina,Engineering,68992.89
8731,Williams,Karen,Finance,58838.91
14485,Higgins,Katherine,IT,73550.32
2703,Phillips,Kelsey,Engineering,65731.77
8632,Wilson,Kelly,Finance,58824.1
14794,Soto,Kristie,IT,72559.89
2116,May,Kristen,Finance,107079.42
8524,Hendricks,Kaitlyn,HR,65773.27
14637,Hunter,Karen,IT,69808.63
2555,Gray,Kyle,Finance,102257.1
8131,Patterson,Katherine,HR,65424.66
14699,Robinson,Kayla,IT,63434.1
2666,Hernandez,Kendra,Finance,99661.66
8453,Grant,Kathleen,HR,57561.1
14222,Cruz,Kenneth,Legal,124423.19
2996,Hooper,Karen,Finance,95797.83
8775,Montgomery,Katherine,IT,114402.48
14996,Wong,Kara,Legal,93322.36
2324,Bradley,Kaylee,Finance,94964.51
8400,Thompson,Kevin,IT,114250.79
14628,Thompson,Kimberly,Legal,89146.27
2022,Sims,Kathryn,Finance,91422.47
8853,Kennedy,Kevin,IT,106361.62
14499,King,Kelly,Legal,86829.43
2243,Hernandez,Keith,Finance,84221.1
8091,Oconnell,Kristina,IT,106168.46
14756,Sanchez,Kayla,Legal,80329.33
2640,Vaughn,Kathryn,Finance,74900.86
8287,Smith,Kathryn,IT,103687.32
14803,Miller,Kyle,Legal,75499.58
2338,Townsend,Kevin,Finance,60932.42
8832,Estrada,Kevin,IT,88699.58
14549,Perez,Kevin,Legal,70073.53
2228,Smith,Katrina,HR,92787.49
8638,Cole,Kevin,Legal,117486.7
14279,Booker,Katherine,Marketing,91971.66
2766,Banks,Keith,HR,87282.61
8551,Richards,Karen,Legal,112485.68
14704,Mcclain,Kelly,Marketing,88620.8
2882,Jennings,Karen,HR,86388.54
8685,Hansen,Kevin,Legal,100208.57
14170,Stewart,Kelly,Marketing,87352.29
2615,Vazquez,Kylie,HR,82230.94
8734,Aguilar,Keith,Legal,95410.69
14187,Clark,Kelsey,Marketing,79322.07
2326,Woods,Kathleen,HR,80548.46
8057,Davis,Kelly,Legal,93764.78
14583,Cain,Kimberly,Marketing,76851.58
2286,Keith,Karina,HR,78201.3
8374,Nelson,Kyle,Legal,88691.21
14721,Butler,Katherine,Marketing,74030.21
2120,Ortega,Kathleen,HR,75291.92
8246,Barrett,Karen,Legal,84970.61
14376,Davis,Kirk,Marketing,74003.41
2906,Yoder,Kimberly,HR,71115.93
8523,Williams,Kayla,Legal,74161.75
14625,Marquez,Kevin,Marketing,67117.91
2118,Cole,Kimberly,HR,69160.48
8128,Scott,Kyle,Legal,68978.65
14184,Goodwin,Katie,Marketing,53459.35
2823,Singh,Kristen,HR,67607.22
8609,Baker,Kristen,Marketing,95954.76
14452,Lewis,Keith,Sales,87143.2
2402,Cook,Kathleen,HR,61235.63
8088,Lopez,Kevin,Marketing,88248.41
14480,Ramirez,Kristy,Sales,76083.4
2134,Benton,Kristina,IT,104830.31
8011,Bartlett,Karla,Marketing,85100.06
14574,Gonzalez,Kimberly,Sales,74942.79
2416,Russell,Karen,IT,104008.66
8050,Wagner,Kristi,Marketing,65146.1
14038,Valentine,Katie,Sales,72430.12
2217,Murray,Katherine,IT,98764.9
8769,Calhoun,Kerri,Marketing,53825.82
14035,Allen,Kimberly,Sales,71915.77
2487,Mathis,Kenneth,IT,78741.64
8588,Hull,Kelly,Marketing,50612.96
14363,Serrano,Karen,Sales,67564.66
2090,Mccullough,Kayla,IT,72908.94
8590,Davis,Kelly,Marketing,50235.51
14711,Middleton,Kara,Sales,66015.82
2260,Kim,Katrina,IT,63605.89
8765,Long,Kevin,Marketing,50135.55
14799,Garcia,Kathy,Sales,62145.91
2482,Shields,Karen,Legal,101999.63
8626,Fernandez,Kevin,Sales,88428.54
14751,Ferrell,Keith,Sales,57267.18
2016,Hall,Kyle,Legal,97563.94
8886,Estrada,Kimberly,Sales,85471.93
14019,Davis,Kevin,Sales,56640.52
2069,Peck,Kathryn,Legal,93109.05
8647,Rivera,Kayla,Sales,82768.02
14568,Jordan,Katelyn,Sales,55652.8
2104,Gallagher,Karen,Legal,87141.38
8232,Lara,Krista,Sales,69619.87
14270,Olson,Katie,Sales,54307.56
2386,Caldwell,Kimberly,Legal,79416.35
8190,Gardner,Kyle,Sales,63910.42
14671,Mooney,Kelli,Support,79827.82
2988,Walton,Kayla,Legal,72929.94
8579,Kim,Kimberly,Sales,61197.07
14233,Smith,Katrina,Support,72730.47
2816,Keith,Krista,Legal,67253.38
8236,Holland,Kathryn,Sales,48437.5
14351,Lozano,Kayla,Support,71970.75
2084,Jackson,Katherine,Marketing,98020.56
8419,Clements,Katherine,Sales,45653.89
14355,Hernandez,Katherine,Support,71759.54
2812,Cummings,Kim,Marketing,85806.87
8593,Soto,Kimberly,Support,74549.33
14552,Rush,Keith,Support,62122.08
2833,Bates,Katherine,Marketing,71810.13
8385,Ortiz,Kevin,Support,67842.02
14128,Nichols,Kevin,Support,61997.39
2444,Thompson,Kim,Marketing,61901.83
8143,Wagner,Kristin,Support,67499.73
14515,Carney,Kelsey,Support,57961.04
2265,Cooper,Kevin,Sales,76601.74
8047,Smith,Kathleen,Support,63186.01
14762,Hayes,Kenneth,Support,49704.45
2198,Lane,Kyle,Sales,73251.75
8406,Nicholson,Kevin,Support,51537.28
2964,Chambers,Kelsey,Sales,62652.62
8469,Quinn,Karl,Support,50966.19
2241,Roberson,Kimberly,Sales,52603.51
8168,Holloway,Kim,Support,50025.82
2604,Johnson,Kyle,Sales,49299.09
8758,Munoz,Kyle,Support,48372.24
2155,Daniels,Kyle,Sales,45251.55
8584,Hunt,Kathy,Support,40906.02
2472,Sutton,Karina,Support,72819.33
4431,Hanson,Kaitlin,Engineering,111727.29
2142,Hood,Kevin,Support,71074.03
4726,Moore,Kenneth,Engineering,107506.98
2846,Smith,Kerry,Support,68240.43
4787,Hines,Kari,Engineering,106167.15
2893,Smith,Kimberly,Support,66705.16
4589,Snyder,Kari,Engineering,103858.43
2596,Bell,Kelly,Support,66424.57
4532,Barrett,Kristi,Engineering,100525.37
2590,Flynn,Kyle,Support,65844.18
4522,Marks,Katherine,Engineering,95465.95
2632,Walters,Kimberly,Support,56736.79
4048,Mann,Kyle,Engineering,92791.76
2229,Lee,Kimberly,Support,56668.45
4343,Moreno,Kathleen,Engineering,78286.81
2410,Lowery,Kyle,Support,49435.52
4616,Gutierrez,Kimberly,Engineering,77968.97
3545,Norris,Kathleen,Engineering,112828.83
4088,Huang,Kristina,Engineering,76726.41
3521,Wise,Katherine,Engineering,107293.97
4564,Robles,Kelly,Engineering,66701.22
3648,Brown,Kathleen,Engineering,98558.07
4365,Houston,Kenneth,Engineering,65672.94
3129,Butler,Kelly,Engineering,98541.42
4326,Cross,Kathleen,Finance,105999.49
3638,Farmer,Kimberly,Engineering,95587.05
4979,Holland,Kristen,Finance,104304.1
3086,Goodwin,Kathryn,Engineering,91236.32
4773,Gutierrez,Kimberly,Finance,89696.96
3673,Guzman,Kelly,Engineering,88800.76
4042,Hammond,Kathy,Finance,76170.22
3698,White,Karen,Engineering,78931.56
4030,Stevens,Kayla,Finance,71704.16
3103,Clarke,Kelly,Engineering,65941.27
4758,Schwartz,Kimberly,Finance,63422.54
3474,Haas,Kristin,Engineering,62332.37
4105,Davis,Krista,HR,92707.25
3990,Tate,Kelly,Finance,109522.3
4617,Oconnor,Karen,HR,91677.56
3947,Bush,Kenneth,Finance,102379.92
4538,Harmon,Kyle,HR,88745.67
3449,Brown,Kathleen,Finance,98813.31
4581,Woods,Kristin,HR,88654.39
3895,Morgan,Kimberly,Finance,83419.1
4169,Cohen,Kayla,HR,87603.32
3867,Thomas,Kim,Finance,81049.61
4597,Williams,Katherine,HR,86117.09
4000,Stephens,Kyle,Finance,80448.77
4327,Davis,Kevin,HR,85759.92
3920,Guerra,Krista,Finance,78037.37
4325,Gregory,Kenneth,HR,85425.83
3069,Padilla,Kathryn,HR,83785.78
4756,Martinez,Kimberly,HR,81596.49
3639,Ross,Kathy,HR,80488.24
4700,Martinez,Kathryn,HR,79040.91
3888,Whitaker,Kevin,HR,79082.17
4035,Smith,Katie,HR,76618.56
3139,Wilson,Kevin,HR,79001.57
4523,Young,Kenneth,HR,75312.35
3410,Riley,Kathy,HR,75328.54
4359,Bright,Kristin,HR,72834.87
3017,Romero,Kenneth,HR,73324.87
4193,Foster,Katie,HR,68673.09
3481,Brooks,Kelly,HR,69377.58
4825,Clark,Kevin,HR,66090.65
3758,Davis,Kimberly,HR,59501.04
4438,Brown,Karen,HR,62957.05
3440,Holland,Kathy,HR,52743.53
4294,Crosby,Karen,IT,109944.27
3230,Brown,Keith,HR,50095.36
4517,Smith,Kenneth,IT,96099.35
3874,Moore,Kaitlin,IT,102367.0
4416,Duffy,Kristi,IT,95672.77
3480,Crane,Kimberly,IT,99886.0
4820,Powell,Kelly,IT,81585.52
3331,Anderson,Kevin,IT,98327.95
4552,Pope,Kerry,IT,80145.29
3536,Lopez,Kyle,IT,86695.72
4196,Woods,Katherine,IT,78912.53
3775,Williams,Kevin,IT,82356.78
4714,Hall,Kathryn,IT,73860.8
3243,Clark,Kim,Legal,84859.77
4255,Gilmore,Kathy,IT,72880.66
3755,Manning,Kevin,Legal,65372.45
4968,Green,Kathleen,IT,66674.43
3671,Solomon,Kimberly,Marketing,87114.7
4388,Christian,Karen,Legal,120701.79
3317,Odonnell,Kaitlyn,Marketing,87089.25
4180,Luna,Katherine,Legal,108638.08
3515,Hardy,Kathryn,Marketing,85727.38
4457,Lopez,Kenneth,Legal,98599.24
3863,Chambers,Kathleen,Marketing,82030.9
4833,Smith,Kelly,Legal,88025.33
3580,Richards,Kyle,Marketing,65198.05
4254,Rios,Karen,Legal,85088.32
3215,Mejia,Kimberly,Marketing,63841.97
4043,Schmitt,Karen,Legal,76038.54
3589,Cobb,Kenneth,Marketing,54642.1
4659,Harris,Kristin,Legal,75405.82
3688,Cox,Kayla,Marketing,51354.81
4125,Booth,Kelly,Legal,66068.84
3348,Love,Kevin,Sales,79310.76
4769,Lawrence,Kristina,Marketing,95221.87
3984,Booth,Kelsey,Sales,78290.08
4079,Crosby,Kimberly,Marketing,93398.4
3388,Davidson,Kristine,Sales,77404.71
4780,Cunningham,Katherine,Marketing,86756.05
3967,Holmes,Kathleen,Sales,62686.96
4149,Wolf,Kristy,Marketing,82697.82
3661,Clark,Kayla,Sales,55328.41
4018,Turner,Kristine,Marketing,80465.44
3983,Burke,Kevin,Sales,51872.78
4275,Williams,Kenneth,Marketing,67621.69
3200,Smith,Kimberly,Sales,49289.28
4394,Stephens,Kellie,Marketing,54964.52
3565,Bradshaw,Katie,Support,75589.57
4454,Stewart,Keith,Sales,67337.88
3135,Rios,Kari,Support,61315.75
4640,Lee,Kimberly,Sales,66032.46
3411,Cruz,Kathryn,Support,55878.3
4794,Hampton,Kelly,Sales,51274.75
3438,Shields,Katherine,Support,52312.77
4824,Coleman,Kayla,Sales,51148.93
3645,Bullock,Kristin,Support,46752.86
4234,Hawkins,Kristen,Sales,46106.37
3533,Barber,Katherine,Support,46567.44
4877,Jacobs,Kristin,Support,76925.8
3455,Holt,Kimberly,Support,41985.98
4232,Joseph,Kevin,Support,67118.98
9026,Mills,Kimberly,Engineering,116426.71
4272,Bishop,Katrina,Support,65909.15
9926,Green,Kelly,Engineering,113938.93
4050,Mccoy,Kimberly,Support,57717.09
9861,Taylor,Kayla,Engineering,111237.86
4983,Haas,Kristy,Support,54947.03
9726,Dalton,Kenneth,Engineering,107881.92
4475,Rivera,Kelly,Support,54246.34
9239,Wilkins,Kenneth,Engineering,100014.35
4852,Burns,Kevin,Support,50367.86
9715,Alexander,Kathryn,Engineering,94358.4
11696,Berry,Kristina,Engineering,104518.68
9941,Smith,Kim,Engineering,94346.74
11375,Rowland,Kimberly,Engineering,104200.77
9603,Juarez,Kenneth,Engineering,92493.84
11265,Cruz,Kelly,Engineering,95409.87
9147,Jenkins,Kaitlyn,Engineering,88453.57
11462,Chavez,Karen,Engineering,92351.61
9242,Williams,Kenneth,Engineering,87144.46
11148,Juarez,Kevin,Engineering,89666.26
9432,Walker,Kayla,Engineering,74902.5
11621,Alexander,Kathryn,Finance,109038.04
9458,Harrison,Kara,Finance,99213.92
11297,Beard,Katie,Finance,104184.99
9701,Melendez,Kathy,Finance,98483.15
11630,Copeland,Kevin,Finance,103676.78
9737,Kelly,Kimberly,Finance,76882.25
11860,Mendoza,Kaitlyn,Finance,99678.52
9388,Rivera,Kevin,Finance,70754.14
11978,Hayden,Kyle,Finance,79160.62
9898,Owens,Kari,Finance,66101.31
11413,Hale,Kevin,Finance,73638.6
9567,Shaw,Kevin,HR,91692.05
11258,Ramirez,Kaitlin,Finance,68874.51
9557,Chapman,Kristen,HR,88421.63
11442,Washington,Kyle,Finance,67719.78
9895,Quinn,Kristen,HR,83209.77
11760,Ruiz,Krystal,HR,85055.36
9638,Jones,Kenneth,HR,77899.26
11172,Brown,Kathryn,HR,81025.07
9067,Henry,Kelly,HR,65581.54
11133,Green,Kayla,HR,76334.83
9159,Dawson,Kelly,HR,64429.06
11885,Rodriguez,Kathleen,HR,73952.3
9894,Day,Katherine,HR,64119.32
11609,Lopez,Kristin,HR,71476.02
9935,Franklin,Kimberly,HR,62949.5
11289,Price,Kevin,HR,66305.66
9704,Bruce,Kimberly,HR,60745.59
11668,Garcia,Kaylee,HR,59282.79
9200,Miller,Kristin,HR,59781.4
11821,Lindsey,Kevin,HR,56752.89
9751,Branch,Kathryn,IT,114069.02
11521,Marks,Kristen,IT,113584.91
9024,Hill,Kyle,IT,109270.0
11967,Briggs,Kelly,IT,104538.91
9355,Morales,Kevin,IT,96976.01
11733,Duran,Kelli,IT,101035.67
9282,Miller,Kyle,IT,96917.28
11891,Garcia,Kelly,IT,99392.76
9488,Perry,Kathy,IT,95295.11
11986,Smith,Katie,IT,94238.3
9754,Stafford,Kevin,IT,86582.72
11466,Olson,Kyle,IT,79557.28
9101,Young,Karen,IT,71158.35
11351,Banks,Kayla,IT,76743.62
9196,Salazar,Kirk,IT,68186.91
11107,Brown,Kelli,IT,74889.81
9321,Fowler,Karen,IT,65181.68
11382,Hansen,Kelly,IT,73795.81
9761,Williams,Kristin,IT,62196.14
11715,Williams,Kristine,IT,66050.58
9818,Cooper,Kristine,Legal,118147.34
11685,Wright,Kylie,IT,64902.47
9998,Griffin,Kristen,Legal,107360.69
11622,Williams,Kelly,IT,62738.3
9873,Smith,Karen,Marketing,95725.86
11062,Hart,Karen,Legal,120793.74
9145,Reese,Kara,Marketing,90871.93
11498,Potter,Kenneth,Legal,119032.81
9936,Cole,Katherine,Marketing,83286.78
11718,Gardner,Katie,Legal,110853.73
9905,Taylor,Kelly,Marketing,68476.21
11436,Edwards,Kenneth,Legal,108340.99
9280,Smith,Kimberly,Marketing,57612.21
11831,Anderson,Keith,Legal,95440.07
9749,Cruz,Kyle,Marketing,56430.1
11360,Hoffman,Kristina,Legal,92203.11
9543,Martinez,Karen,Marketing,54271.64
11857,James,Karen,Legal,77454.73
9061,Wood,Kristi,Sales,86502.0
11929,Perry,Kimberly,Legal,68841.35
9792,Preston,Kevin,Sales,80390.1
11202,Smith,Kaitlin,Legal,66806.89
9955,Patton,Kelly,Sales,72878.85
11369,Mclaughlin,Katherine,Marketing,95151.09
9575,Noble,Karen,Sales,72260.91
11948,Palmer,Kellie,Marketing,94444.98
9396,Robbins,Krista,Sales,72248.09
11618,Pratt,Kelly,Marketing,94342.5
9943,Kelly,Kelly,Sales,71494.97
11324,Farrell,Karen,Marketing,84511.05
9583,Williamson,Katherine,Sales,66658.85
11414,Cervantes,Kelly,Marketing,84018.09
9482,Patel,Krista,Sales,57395.5
11404,Greer,Kevin,Marketing,67599.72
9176,Jones,Kevin,Sales,52149.25
11738,Callahan,Kyle,Marketing,56083.16
9273,Russell,Kimberly,Support,79507.26
11517,Hansen,Kevin,Marketing,55689.58
9523,King,Kristen,Support,79375.06
11683,Scott,Karen,Marketing,51011.17
9765,Manning,Kevin,Support,74095.02
11371,Edwards,Katherine,Sales,89591.42
9115,Burton,Kelsey,Support,71528.92
11052,Richardson,Kenneth,Sales,80239.26
9366,Perez,Kathryn,Support,69502.82
11941,Ford,Kelly,Sales,77375.26
9062,Harris,Kathy,Support,65429.48
11145,Rodriguez,Karen,Sales,68040.53
9226,Nguyen,Kim,Support,63969.03
11122,Cooper,Kelly,Sales,66724.79
9739,Irwin,Kevin,Support,62938.77
11988,Salas,Kara,Sales,65204.88
9932,King,Kelsey,Support,55388.26
11954,White,Kiara,Sales,60964.63
9727,Fitzgerald,Kayla,Support,44885.48
11586,Acosta,Kristen,Sales,52347.01
1574,Deleon,Karen,Engineering,116781.83
11558,Wells,Kevin,Sales,50861.61
1784,Smith,Kenneth,Engineering,92289.26
11292,Stewart,Kenneth,Sales,47903.47
1499,Mills,Kimberly,Engineering,90125.53
11009,Perez,Keith,Sales,46568.63
1747,Baker,Kyle,Engineering,89878.24
11100,Webb,Krista,Support,74269.46
1399,Ramirez,Kimberly,Engineering,83601.41
11787,Perez,Kathleen,Support,71859.5
1156,Brown,Kenneth,Engineering,82030.54
11231,Murray,Katherine,Support,71307.77
1924,Shannon,Kimberly,Engineering,68362.15
11912,Smith,Kimberly,Support,59801.01
1952,Thomas,Kaitlyn,Finance,108745.26
11878,Miller,Kelly,Support,54405.64
1679,Arnold,Kimberly,Finance,108671.88
11139,Brown,Kelly,Support,51180.89
1605,Kim,Kristy,Finance,96184.12
11441,Delgado,Kenneth,Support,50053.4
1567,Romero,Kristin,Finance,92782.25
11914,Macdonald,Kathryn,Support,41291.59
1376,Guzman,Kevin,Finance,76315.23
13105,Hahn,Karen,Engineering,106652.26
1131,Vincent,Kimberly,Finance,75386.12
13996,Jennings,Kimberly,Engineering,105636.88
1434,Garrett,Kimberly,Finance,69488.27
13654,Edwards,Kayla,Engineering,89924.44
1800,Parsons,Kelly,Finance,55125.87
13079,Benjamin,Kelsey,Engineering,89782.15
1561,Cordova,Kathryn,HR,92073.66
13303,Kennedy,Katie,Engineering,85018.15
1372,Callahan,Kimberly,HR,83798.63
13785,Myers,Kelsey,Engineering,79669.55
1513,Smith,Katrina,HR,83106.2
13296,Cole,Kathryn,Engineering,77347.52
1886,Tran,Karen,HR,81086.46
13606,Jennings,Karen,Engineering,67119.56
1246,Sanchez,Kristi,HR,64846.86
13932,Williams,Kevin,Finance,88249.43
1326,Thompson,Kerri,HR,64044.71
13535,Hoffman,Kyle,HR,92563.74
1254,Travis,Katherine,IT,108205.88
13806,Burke,Katherine,HR,85085.97
1333,Luna,Kimberly,IT,106335.56
13030,Todd,Kathy,HR,79033.04
1719,Meadows,Kathy,IT,99005.86
13880,Hale,Kenneth,HR,68822.73
1684,Cunningham,Kristin,IT,91442.0
13631,Villanueva,Kyle,HR,66448.61
1048,Ramos,Kenneth,IT,71379.37
13531,Gomez,Kaitlyn,HR,64051.86
1331,Miller,Kayla,IT,70539.12
13961,Smith,Kyle,HR,62978.74
1103,Sutton,Kimberly,IT,62833.75
13668,Thomas,Kimberly,HR,59393.61
1841,Williams,Kelly,Legal,123701.29
13810,Welch,Kenneth,HR,58230.4
1667,Stewart,Kelly,Legal,120771.94
13883,Clarke,Kevin,HR,53300.46
1529,Sandoval,Katherine,Legal,112809.75
13780,Cochran,Kathryn,IT,114654.36
1245,Vega,Kelly,Legal,108301.39
13091,Henry,Kimberly,IT,113107.79
1640,Knapp,Kristina,Legal,107682.05
13480,Perry,Karla,IT,111119.68
1124,Wood,Kenneth,Legal,101401.01
13829,Lewis,Kimberly,IT,79598.01
1928,Mcpherson,Kimberly,Legal,97141.46
13702,Stewart,Kathy,IT,70736.08
1186,Chandler,Kayla,Legal,90463.39
13248,Meyer,Kathy,Legal,121443.76
1988,Padilla,Kevin,Marketing,90538.12
13057,Wallace,Keith,Legal,114354.48
1993,Sanchez,Kathleen,Marketing,83538.21
13088,Atkinson,Kyle,Legal,94798.99
1456,Mccormick,Kara,Marketing,81970.46
13230,Price,Kristie,Legal,93628.64
1798,Figueroa,Kenneth,Marketing,81753.98
13222,Fernandez,Kara,Legal,93096.81
1622,Silva,Karina,Marketing,80585.91
13828,Myers,Krystal,Legal,86821.03
1008,Johnson,Kimberly,Marketing,79381.46
13254,Moses,Kimberly,Legal,86324.86
1850,Boyd,Kayla,Marketing,72242.17
13050,Perkins,Kurt,Legal,79798.13
1484,Johnson,Kathleen,Marketing,69694.53
13469,Graham,Kevin,Legal,72306.72
1176,Fowler,Kevin,Marketing,62058.75
13267,Anderson,Kristin,Legal,70234.22
1837,Johnson,Katherine,Marketing,56552.86
13080,Smith,Kenneth,Legal,69422.8
1763,Johnson,Kathryn,Marketing,56529.43
13545,Meza,Kelly,Legal,65955.28
1744,Jones,Kathleen,Marketing,53795.57
13196,Jordan,Kristen,Marketing,99243.17
1512,Rivera,Kathy,Sales,81843.42
13498,Weaver,Kimberly,Marketing,87678.07
1580,Walsh,Kenneth,Sales,81362.67
13167,May,Kevin,Marketing,80606.6
1013,Cain,Kayla,Sales,74305.55
13688,Levine,Kathy,Marketing,79061.35
1226,Brock,Katrina,Sales,72531.55
13272,Day,Karen,Marketing,78635.58
1298,Thompson,Kimberly,Sales,71324.88
13863,Cruz,Katelyn,Marketing,71023.08
1911,Gonzalez,Krista,Sales,66258.98
13678,Sparks,Krista,Marketing,55783.7
1281,Salinas,Katherine,Sales,61736.49
13075,Miles,Kimberly,Sales,88225.93
1012,Watson,Krystal,Sales,61133.07
13812,Armstrong,Karen,Sales,83927.87
1105,Wheeler,Kaitlin,Sales,56529.08
13459,Nunez,Kathryn,Sales,73047.78
1695,Bean,Kerri,Sales,47869.02
13834,Arroyo,Kaylee,Sales,65118.12
1508,Gonzalez,Kayla,Sales,47649.65
13134,Stafford,Kevin,Support,70714.81
1435,Stewart,Kellie,Support,76168.4
13425,Sanchez,Kelli,Support,59378.62
1742,Miller,Krista,Support,68220.64
13466,Vargas,Kristine,Support,53149.25
1145,Aguirre,Katie,Support,66178.06
13074,Burke,Kristine,Support,45831.81
1204,Booth,Krista,Support,65751.59
13203,Foster,Katie,Support,45224.38
1767,Nguyen,Karen,Support,63777.98
10400,Thompson,Kimberly,Engineering,119328.08
1328,Sawyer,Kelsey,Support,59154.33
10354,Hunter,Katherine,Engineering,114629.8
1758,Gonzalez,Kimberly,Support,54420.14
10222,Daniels,Kimberly,Engineering,106225.67
1727,Gonzalez,Katie,Support,53675.8
10323,Martinez,Kimberly,Engineering,97872.16
1469,Martinez,Katherine,Support,50592.95
10437,Rosales,Kelsey,Engineering,86608.86
1323,Everett,Karen,Support,44270.61
10747,Clark,Kyle,Engineering,86292.64
1091,Mills,Kevin,Support,40732.36
10781,Jones,Kimberly,Engineering,83311.56
10679,Moore,Karen,Engineering,73568.72
10454,Sanford,Kelli,Finance,109760.08
10667,West,Kimberly,Finance,101530.07
10373,Rice,Kristen,Finance,101256.6
10100,Perez,Kimberly,Finance,93528.91
10501,Ramos,Kenneth,Finance,82989.95
10171,Curry,Kyle,Finance,81379.21
10799,Barr,Kevin,HR,82815.0
10567,Myers,Kristen,HR,77122.2
10988,Hartman,Kevin,HR,60179.5
10509,Hernandez,Kimberly,HR,60079.13
10036,Bell,Kevin,HR,53829.67
10348,Miller,Kristi,IT,113640.44
10921,Burke,Kristin,IT,110613.66
10697,Robinson,Kenneth,IT,100779.11
10486,Knapp,Karen,IT,98498.74
10952,Davidson,Karen,IT,92232.35
10499,Miller,Kathleen,IT,89633.68
10269,Sweeney,Kyle,IT,83797.77
10532,Bond,Kevin,IT,74846.32
10074,Conrad,Kelly,IT,60131.99
10551,Powell,Kevin,Legal,124102.62
10328,Scott,Kenneth,Legal,120331.81
10609,Mendoza,Kelsey,Legal,119563.91
10351,Hooper,Kathleen,Legal,115158.26
10340,Harmon,Kathleen,Legal,113637.06
10208,Rojas,Kent,Legal,112979.07
10711,Smith,Kelsey,Legal,111063.47
10229,Fritz,Karina,Legal,106238.28
10689,Wilkerson,Kathy,Legal,93065.58
10738,Baker,Kent,Legal,92317.08
10247,Flores,Kathryn,Legal,86153.21
10959,Lane,Kenneth,Legal,81187.83
10244,Dunn,Katherine,Legal,75015.35
10507,Dean,Kelly,Legal,70765.93
10125,Lopez,Kevin,Marketing,96814.45
10376,Williams,Kristina,Marketing,96495.07
10214,Gordon,Kimberly,Marketing,80740.42
10824,Hall,Kristin,Marketing,76763.1
10365,Delgado,Kayla,Marketing,76756.16
10593,Kelley,Kevin,Marketing,56731.49
10699,Cox,Karen,Marketing,50495.99
10326,Braun,Kevin,Sales,80100.61
10432,Taylor,Kelsey,Sales,77715.66
10915,Jones,Kimberly,Sales,58918.03
10607,Martin,Krista,Support,74146.63
10629,Washington,Kimberly,Support,69904.93
10086,Hicks,Kurt,Support,63101.76
10201,Parker,Kara,Support,45181.8
10355,Wood,Kylie,Support,40936.44
15280,Ellis,Luis,Engineering,119365.45
10803,Mcdaniel,Lindsay,Engineering,99469.57
15697,Crawford,Lisa,Engineering,63580.82
10177,Hamilton,Lindsey,Engineering,95549.92
15749,Wilson,Lisa,Finance,87301.56
10088,Miller,Lisa,Engineering,95468.85
15696,Ferguson,Linda,Finance,83071.66
10929,Sutton,Lawrence,Engineering,78574.64
15147,Young,Lori,Finance,70235.97
10331,Delgado,Lauren,Engineering,75320.03
15508,Hill,Lori,Finance,62128.71
10918,Carter,Lisa,Finance,96414.12
15258,Guzman,Lindsey,HR,81026.42
10460,Phillips,Lindsay,Finance,63186.5
15307,Gray,Lisa,HR,72322.45
10570,Becker,Larry,HR,92534.22
15863,Graves,Laura,HR,66756.07
10029,Cortez,Lisa,HR,85397.58
15477,Lee,Lee,HR,58663.24
10478,Douglas,Linda,HR,80731.58
15843,Rose,Laura,HR,54548.39
10190,Allen,Lisa,HR,72085.94
15996,Long,Lori,IT,113816.61
10680,Skinner,Lisa,HR,58637.13
15981,Kaiser,Lauren,IT,108312.72
10453,Wall,Lori,HR,53284.73
15925,Pugh,Lisa,IT,102288.6
10592,Kim,Louis,IT,104259.18
15287,Johnson,Lucas,IT,89847.3
10180,Bell,Linda,IT,99728.59
15574,Brown,Lisa,IT,88104.48
10625,Martinez,Lori,IT,98534.82
15411,Williams,Lynn,IT,81178.89
10027,Sullivan,Lisa,IT,97222.88
15532,Schmitt,Luke,IT,76918.49
10518,Herrera,Lindsay,IT,76394.1
15795,Jones,Lance,IT,70732.85
10458,Christian,Lindsay,IT,71106.27
15677,Smith,Latoya,IT,60940.72
10101,Mann,Lauren,IT,60380.28
15142,Delgado,Lisa,Legal,110377.15
10368,Mclean,Lisa,Legal,108797.5
15709,White,Lori,Legal,79594.09
10753,Blackburn,Linda,Legal,97902.82
15510,Carroll,Luke,Legal,75473.44
10663,Sanders,Lindsey,Legal,86517.59
15281,Houston,Lori,Legal,75120.97
10420,Henry,Lori,Legal,83811.81
15980,Higgins,Lori,Legal,67559.69
10320,Long,Lisa,Marketing,98004.03
15914,Harris,Lonnie,Marketing,96623.33
10961,Valentine,Lisa,Marketing,63535.27
15542,Cox,Lisa,Marketing,85181.42
10931,Chandler,Laura,Sales,85968.19
15300,Butler,Linda,Marketing,85052.37
10205,Andrews,Linda,Sales,74239.8
15308,Palmer,Lauren,Marketing,80221.62
10838,Spencer,Lisa,Sales,71359.19
15369,Trevino,Leslie,Marketing,69976.47
10922,Baker,Leslie,Sales,65245.78
15038,Walton,Larry,Marketing,52723.94
10784,Morris,Lisa,Sales,59864.11
15699,Lewis,Lauren,Sales,88278.5
10063,Mendez,Levi,Sales,54007.48
15140,Novak,Lee,Sales,85319.44
10131,Hernandez,Lisa,Support,72208.86
15507,Reilly,Lori,Sales,62332.51
10674,Moore,Lori,Support,40920.26
15983,Brown,Lauren,Sales,58942.76
5645,Washington,Lisa,Engineering,117401.31
1810,Payne,Linda,Engineering,113984.81
14444,Collins,Lindsay,Engineering,116795.44
15961,Gonzalez,Lisa,Sales,48355.15
5050,Sanders,Linda,Engineering,110956.41
1392,Jensen,Lauren,Engineering,113496.25
14243,Baker,Lisa,Engineering,112033.43
15045,Huff,Laurie,Support,79910.03
5180,Randall,Luke,Engineering,110537.62
1402,Pope,Laura,Engineering,104303.3
14729,Chavez,Lucas,Engineering,94546.26
15799,Peterson,Lynn,Support,71018.03
5217,Brown,Lee,Engineering,99533.07
1271,Freeman,Lisa,Engineering,98377.49
14898,Buchanan,Lance,Engineering,76777.14
15392,Woodard,Laura,Support,65042.89
5210,Jackson,Luis,Engineering,83826.99
1431,Adams,Lindsay,Engineering,97167.61
14334,Jones,Lindsey,Finance,105973.64
15408,Wall,Lori,Support,64531.68
5826,Garza,Luis,Engineering,82673.88
1032,Chandler,Lori,Engineering,92298.36
14750,Rice,Lindsey,Finance,92089.86
15614,Rose,Lori,Support,52852.57
5171,Beasley,Lori,Engineering,76302.05
1690,Mercer,Lindsey,Engineering,75287.62
14093,Hooper,Linda,Finance,89606.36
15555,Woods,Lauren,Support,50945.49
5737,Leonard,Latoya,Engineering,73992.88
1455,Hubbard,Lawrence,Engineering,73333.17
14519,Patterson,Laura,Finance,89462.63
15458,Russell,Lisa,Support,50941.62
5092,Sullivan,Lori,Engineering,73906.2
1112,Salas,Leah,Finance,104931.99
14951,Rodriguez,Lisa,Finance,72710.15
15192,Anderson,Luis,Support,43042.87
5902,Guzman,Lisa,Engineering,60866.13
1110,Brennan,Latasha,Finance,102631.16
14456,Coleman,Lori,Finance,60588.38
12360,Glover,Laura,Engineering,119633.35
5700,Klein,Laurie,Finance,74593.05
1451,Myers,Leonard,Finance,81221.96
14793,Butler,Linda,Finance,58003.7
12592,Kennedy,Lindsey,Engineering,113790.38
5686,Campbell,Leah,Finance,56842.68
1729,Miller,Leah,Finance,64441.45
14913,Sherman,Lisa,HR,77577.28
12600,Wagner,Lance,Engineering,111883.95
5295,Miller,Linda,HR,92375.14
1086,Patel,Lucas,HR,88937.7
14894,Craig,Laura,HR,71325.17
12479,Navarro,Lorraine,Engineering,104428.69
5657,Hampton,Laura,HR,82468.91
1795,Prince,Lauren,HR,84065.99
14130,Delacruz,Lindsay,HR,65622.38
12222,Long,Leslie,Engineering,81191.45
5392,Taylor,Luke,HR,81065.07
1476,Wood,Lisa,HR,77063.24
14981,Ward,Laura,HR,58990.14
12183,Nelson,Leah,Engineering,79281.29
5576,Cruz,Lynn,HR,73036.79
1760,Phillips,Lisa,HR,65774.11
14136,Long,Lauren,HR,58286.07
12366,Lee,Luke,Finance,108500.3
5935,Cuevas,Laura,HR,67448.39
1887,Cruz,Linda,HR,63923.35
14886,Franklin,Lisa,IT,109238.17
12911,Weaver,Latoya,Finance,82130.34
5034,Powell,Lisa,HR,63568.83
1062,Valentine,Larry,HR,61244.68
14397,Gray,Lindsey,IT,76568.06
12192,Smith,Lisa,Finance,75983.15
5297,Woods,Leslie,HR,62127.94
1602,Goodman,Laura,IT,112112.29
14788,Ramsey,Linda,IT,60868.68
12597,White,Larry,Finance,67893.43
5280,Lam,Lynn,HR,59462.84
1038,Collins,Luis,IT,60370.27
14702,Smith,Lindsey,Legal,116193.61
12538,Lutz,Linda,HR,88123.61
5099,Gardner,Lisa,IT,112391.15
1717,Lamb,Leslie,Legal,124147.1
14020,Swanson,Lucas,Legal,88555.86
12813,Beck,Lee,HR,73584.66
5959,Torres,Logan,IT,105780.07
1752,Perkins,Lori,Legal,109148.66
14810,Gomez,Laura,Legal,80843.28
12909,Davis,Logan,HR,72644.17
5111,Young,Laurie,IT,104380.79
1828,Carter,Lisa,Legal,65583.86
14893,Mcgee,Linda,Legal,74883.15
12368,May,Lori,HR,57954.69
5018,Tanner,Lindsay,IT,101288.47
1982,Mills,Lydia,Marketing,99677.47
14550,Blackwell,Laura,Legal,71801.0
12804,Ray,Lisa,IT,92409.92
5594,Cole,Lindsay,IT,97119.56
1842,Camacho,Leslie,Marketing,87631.53
14916,Turner,Larry,Legal,67243.28
12795,Robinson,Lawrence,IT,87833.08
5745,Zhang,Leah,IT,80228.19
1844,Johnson,Luis,Marketing,86968.28
14401,Hayes,Lori,Legal,65000.18
12622,Pruitt,Lisa,Legal,122600.45
5031,Hale,Lisa,IT,73623.85
1279,Perez,Leah,Marketing,75570.87
14354,Brown,Leonard,Marketing,97439.53
12690,Dickerson,Laura,Legal,117912.65
5668,James,Leroy,IT,73169.13
1992,Alvarez,Lauren,Marketing,58519.39
14475,Bailey,Laura,Marketing,82026.87
12317,Lawson,Luke,Legal,114790.69
5999,Adams,Logan,IT,68064.93
1955,Bush,Lori,Sales,75744.49
14591,Williams,Lisa,Marketing,74776.5
12397,Miller,Lee,Legal,101718.88
5202,Cook,Laura,Legal,89801.9
1964,Johnson,Lisa,Sales,67354.19
14055,Jones,Lisa,Marketing,60376.79
12126,Frank,Laurie,Legal,89295.57
5919,Pena,Lisa,Legal,81793.74
1051,Morrow,Lisa,Sales,52703.77
14065,Yu,Laura,Sales,81661.59
12065,Roach,Lisa,Legal,81074.75
5941,Johnston,Lindsey,Legal,76332.13
1347,Ford,Laura,Support,56875.32
14593,Stephenson,Lauren,Sales,79382.17
12769,Fry,Lisa,Legal,76780.79
5812,Porter,Luis,Legal,73616.63
1439,Gregory,Lisa,Support,41434.55
14017,Hancock,Lisa,Sales,67926.53
12160,Wood,Laurie,Legal,65641.83
5025,Fowler,Lynn,Legal,72185.19
14389,Daniels,Levi,Sales,62981.34
12134,Bishop,Lisa,Marketing,97967.95
5431,Hall,Lisa,Marketing,93056.58
14300,Fox,Lisa,Sales,59236.05
12691,Stewart,Lynn,Marketing,90250.25
5371,Jackson,Lindsey,Marketing,85052.77
14726,Weiss,Logan,Sales,57725.0
12420,Vazquez,Lisa,Marketing,83336.87
5527,Parsons,Luis,Marketing,80495.42
14903,Bauer,Lawrence,Sales,56832.29
12701,Lewis,Lisa,Sales,88674.78
5306,Williams,Lucas,Marketing,74915.8
14080,Wade,Lisa,Sales,55230.91
12614,Collins,Lauren,Sales,78965.12
5586,Martinez,Lisa,Marketing,69763.84
14698,Lewis,Lisa,Sales,53770.39
12839,Miller,Lori,Sales,74692.66
5880,Burns,Larry,Marketing,51526.66
14400,Stevenson,Lindsay,Sales,48639.37
12057,Anderson,Lisa,Sales,66685.42
5854,Barker,Lisa,Sales,74841.59
14679,Ward,Lisa,Support,77283.19
12364,Scott,Logan,Support,72252.35
5916,Barron,Lindsay,Sales,74350.14
14831,Blackwell,Linda,Support,63975.11
12949,Williams,Lisa,Support,71967.28
5330,Yoder,Lisa,Sales,70844.95
14669,Harrison,Lee,Support,52226.59
12761,Wilson,Laurie,Support,69798.41
5961,Fuentes,Leah,Sales,54785.41
14225,Rivera,Laura,Support,49648.52
12145,Kirby,Lori,Support,64276.17
5824,Yu,Lori,Sales,52132.31
14061,Petersen,Lisa,Support,48576.7
12960,Whitaker,Levi,Support,58125.34
5124,Moore,Lori,Support,78215.88
7098,Peters,Laura,Engineering,108573.78
12569,Edwards,Lauren,Support,47290.26
5895,Hanna,Lori,Support,63289.85
7654,Williams,Lacey,Engineering,94695.22
12670,Moore,Leslie,Support,45595.9
5898,Ruiz,Linda,Support,61276.29
7206,Ramirez,Lisa,Engineering,94125.86
7,Adams,Lori,Engineering,114848.74
5615,Woods,Lacey,Support,52289.67
7673,Taylor,Linda,Engineering,90206.69
456,Middleton,Lisa,Engineering,107553.45
5030,Harris,Lauren,Support,50644.93
7518,Williams,Louis,Engineering,88985.11
163,Young,Lori,Engineering,104672.88
5748,Hernandez,Laurie,Support,40864.41
7867,Johnson,Logan,Finance,107872.87
229,Kemp,Lauren,Engineering,102255.46
6391,Jackson,Leah,Engineering,108718.52
7981,Waters,Linda,Finance,102197.43
829,Washington,Leah,Engineering,82819.28
6477,Morrow,Larry,Engineering,94723.37
7151,Wilson,Laura,Finance,96665.77
929,Rodriguez,Laura,Engineering,71687.51
6892,Wilson,Lauren,Engineering,70351.0
7173,Evans,Linda,Finance,60004.13
306,Tran,Lisa,Finance,107234.26
6888,Whitaker,Lindsey,Engineering,68192.0
7834,White,Leslie,HR,93417.26
533,Lambert,Laura,Finance,65750.43
6421,Larson,Lawrence,Finance,91669.41
7758,May,Lindsay,HR,81395.61
401,Trujillo,Leslie,HR,84344.15
6769,Gomez,Lisa,Finance,77865.83
7801,Green,Lisa,HR,80786.71
179,Castaneda,Lisa,HR,62019.77
6991,Adams,Lauren,Finance,69159.38
7382,Mills,Lisa,HR,69049.49
665,Barnett,Laura,IT,110510.89
6969,Johnson,Lauren,Finance,65076.65
7291,Cabrera,Lindsey,HR,68451.56
457,Williams,Leslie,IT,107959.43
6951,Long,Laura,Finance,58307.56
7343,Frederick,Levi,IT,79622.88
692,Campbell,Lisa,IT,103151.87
6085,Johnson,Lisa,Finance,55049.68
7222,Jones,Laura,IT,74804.69
627,Parker,Lisa,IT,89159.15
6876,Torres,Linda,HR,80466.92
7723,Crawford,Lisa,Legal,121124.88
759,Brooks,Lisa,IT,87654.51
6875,Cruz,Lisa,HR,66006.5
7319,Jackson,Lauren,Legal,106302.48
462,Ross,Lisa,IT,77487.84
6047,Lawrence,Lisa,HR,60794.71
7982,Johnson,Leslie,Marketing,92963.09
204,Blackwell,Linda,Legal,117653.14
6730,Zuniga,Lauren,IT,109530.99
7328,Parks,Lauren,Marketing,73223.76
387,Garcia,Laura,Legal,116385.56
6615,Ortega,Luis,IT,77552.42
7720,Taylor,Lisa,Marketing,63829.86
434,Miller,Lisa,Legal,115315.61
6836,Walls,Linda,IT,68256.13
7402,Harris,Lisa,Marketing,57032.34
424,Steele,Lauren,Legal,101649.45
6011,Rodriguez,Laura,IT,65119.24
7164,Brown,Laura,Sales,85938.37
733,Good,Lorraine,Legal,87687.49
6240,Mccormick,Lisa,Legal,112205.7
7070,White,Linda,Sales,74007.13
55,Solis,Lucas,Legal,67630.98
6445,Mcneil,Linda,Legal,86689.48
7908,Silva,Lisa,Sales,66844.31
911,Bell,Lisa,Marketing,70422.87
6923,Holland,Larry,Marketing,86887.35
7452,Moore,Leslie,Sales,65533.65
316,Grant,Lisa,Marketing,66662.27
6451,Caldwell,Linda,Marketing,83460.13
7534,Davenport,Lauren,Sales,62172.33
248,Anderson,Lisa,Marketing,64766.18
6665,Wilson,Luis,Marketing,71825.47
7692,Fernandez,Lindsay,Sales,60859.52
472,Collins,Laura,Marketing,55066.99
6655,Jones,Lori,Marketing,67948.42
7293,Harrison,Lisa,Sales,59126.12
4,Curry,Lori,Sales,88886.47
6486,Higgins,Lori,Marketing,61898.03
7473,Nash,Laura,Sales,47867.29
667,Sanders,Lisa,Sales,80659.98
6855,Robinson,Lisa,Marketing,56201.92
7113,Sanchez,Leslie,Support,66602.67
346,Fletcher,Luke,Sales,70192.32
6086,Graves,Louis,Marketing,54026.82
7553,Sanchez,Laurie,Support,58652.65
9,Thomas,Laurie,Sales,58301.53
6030,Middleton,Lauren,Marketing,50091.01
7793,Clements,Lance,Support,57601.62
89,Duncan,Lisa,Sales,55692.6
6247,Todd,Lynn,Sales,86181.92
201,Abbott,Lisa,Support,72268.18
6321,Simpson,Lisa,Sales,76915.93
713,Bishop,Lance,Support,67594.43
6332,Brown,Linda,Sales,75333.1
13026,Cordova,Lisa,Engineering,115153.4
6727,Galloway,Linda,Sales,48062.12
13165,Shaffer,Lisa,Engineering,107943.67
6781,Hayes,Linda,Sales,47681.27
13999,Stewart,Logan,Engineering,96260.26
6944,Wright,Luis,Support,64227.49
13398,Brooks,Lauren,Engineering,89514.39
6145,Oconnor,Lisa,Support,64010.12
13684,Hebert,Linda,Engineering,83734.33
6069,Bradford,Lucas,Support,54764.58
13270,Key,Leonard,Finance,69685.59
6943,Johnson,Laura,Support,48594.02
13860,Walsh,Lisa,HR,90440.8
3105,Davis,Lindsay,Engineering,114959.27
13738,Fowler,Laura,HR,66527.74
3107,Morgan,Leah,Engineering,101997.96
13836,Chang,Lisa,HR,59358.2
3838,Johnson,Lisa,Engineering,88547.88
13855,Ramsey,Lisa,HR,52693.26
3079,Barron,Lori,Engineering,85687.43
13626,Bennett,Laurie,IT,114443.55
3549,Santos,Lindsay,Engineering,72553.2
13345,Riggs,Larry,IT,104778.36
3164,Solomon,Laura,Engineering,71697.45
13802,Smith,Lauren,IT,92777.96
3558,Stewart,Linda,Engineering,70700.84
13649,Wang,Laura,IT,74145.22
3167,Lamb,Lauren,Finance,103335.18
13770,Edwards,Lisa,Legal,93913.98
3807,Roberts,Lisa,Finance,97328.17
13239,Higgins,Lynn,Legal,93444.86
3149,Hart,Lisa,Finance,93840.73
13359,Snow,Leslie,Legal,89036.77
3820,Hernandez,Linda,Finance,80122.62
13362,Lee,Laurie,Legal,77971.24
3038,Cruz,Levi,Finance,79639.37
13242,Crawford,Logan,Legal,65071.94
3534,West,Lisa,Finance,61847.78
13200,Knight,Lisa,Marketing,85521.48
3936,Holland,Lindsay,Finance,58086.19
13297,May,Laura,Marketing,85140.54
3420,Jensen,Leslie,HR,93351.55
13343,Robinson,Linda,Marketing,80765.75
3635,Medina,Lauren,HR,78559.88
13820,Ellis,Lisa,Marketing,75405.54
3946,Anthony,Larry,HR,59422.61
13257,Moreno,Larry,Marketing,67527.38
3367,Sanchez,Laura,IT,104443.62
13132,Evans,Lisa,Marketing,67390.52
3540,Calderon,Lisa,IT,99201.3
13973,Duke,Lawrence,Sales,89149.69
3142,Mcdonald,Laura,IT,98958.79
13307,Castillo,Leonard,Sales,87714.26
3333,Klein,Lori,IT,95139.8
13087,Davis,Lori,Sales,76615.23
3349,Edwards,Luis,IT,91475.59
13521,Lopez,Lisa,Sales,66048.34
3682,Curry,Leah,IT,85298.79
13033,Page,Lindsey,Sales,52567.45
3476,Robbins,Lorraine,IT,84433.48
13368,Escobar,Linda,Sales,50618.8
3322,Chandler,Logan,IT,72580.01
13312,Reyes,Lisa,Support,76160.76
3472,Marsh,Laura,IT,70697.39
13554,Martin,Leah,Support,53813.1
3499,Mendoza,Lauren,IT,68901.1
13508,Martin,Lauren,Support,43312.63
3998,Vincent,Larry,Legal,104928.96
13008,Chavez,Leon,Support,40342.36
3866,Greer,Latoya,Legal,90363.65
8263,Gonzalez,Lisa,Engineering,97467.56
3298,Mcclain,Leslie,Marketing,79951.46
8542,Robinson,Leslie,Engineering,82769.03
3940,Murray,Laura,Marketing,61246.79
8725,Hurst,Lucas,Engineering,71925.45
3072,Hill,Larry,Sales,87719.62
8676,Harris,Laura,Engineering,64085.63
3265,Lee,Louis,Sales,85917.23
8699,Turner,Lindsay,Engineering,60770.09
3003,Young,Laura,Sales,72656.88
8145,Mcdonald,Lisa,Finance,105434.16
3355,Cantrell,Lisa,Sales,62534.3
8538,Conrad,Linda,Finance,103733.62
3875,Boone,Luis,Sales,57485.8
8698,Holland,Leonard,Finance,99863.88
3441,Zhang,Larry,Sales,55591.0
8965,Weiss,Leah,Finance,95642.71
3604,Price,Linda,Sales,51496.38
8164,Smith,Lydia,Finance,91360.81
3627,Newman,Laura,Support,63487.58
8813,Delacruz,Lori,Finance,90726.05
3683,Price,Lindsey,Support,51548.47
8641,Klein,Laura,HR,88070.08
3075,Raymond,Lori,Support,41418.94
8013,Green,Lisa,HR,85209.79
2077,Pruitt,Linda,Engineering,103463.2
8330,Fisher,Lisa,HR,80756.99
2101,Osborn,Leslie,Engineering,98295.53
8622,Pena,Laura,HR,71618.57
2626,Taylor,Lisa,Engineering,90188.16
8362,Barrett,Lisa,HR,68994.66
2346,Sanchez,Lisa,Engineering,70091.73
8114,Bowen,Linda,HR,64307.34
2767,Navarro,Lauren,Finance,60409.01
8417,King,Lori,HR,63492.08
2573,Hamilton,Lori,HR,90678.6
8534,Gutierrez,Leslie,HR,60713.03
2669,Hunt,Lisa,HR,62943.44
8954,Durham,Leslie,HR,58798.16
2728,Hansen,Lisa,HR,52825.02
8571,Nelson,Lisa,HR,52421.71
2186,Blair,Lori,HR,51617.93
8191,Smith,Lisa,IT,79216.08
2528,Coleman,Linda,IT,76451.43
8204,Lawson,Lisa,IT,76010.58
2851,Moses,Luke,IT,68233.84
8359,Obrien,Lauren,Legal,117251.65
2079,Hancock,Lance,Legal,106129.69
8034,Thomas,Lori,Legal,104838.82
2776,Vaughn,Larry,Legal,91731.17
8516,Brown,Lori,Legal,68468.98
2541,Martinez,Laura,Legal,71655.94
8296,Martinez,Lisa,Marketing,92650.54
2440,Kane,Lisa,Marketing,98133.99
8518,Villarreal,Leslie,Marketing,87808.32
2275,Sullivan,Laura,Marketing,97840.29
8623,Martin,Lisa,Marketing,57223.54
2903,Hughes,Lisa,Marketing,85351.0
8565,Hall,Louis,Marketing,51841.58
2939,Caldwell,Lori,Marketing,84004.44
8790,Hudson,Lisa,Sales,51309.68
2732,Terry,Lori,Marketing,50865.84
8212,Miranda,Lauren,Support,79447.57
2710,Silva,Laura,Sales,86137.79
8097,Dyer,Lisa,Support,75349.14
2240,Green,Lisa,Sales,85346.59
8578,Sawyer,Lisa,Support,72093.34
2753,Flynn,Louis,Sales,81704.96
8871,Cordova,Lisa,Support,71930.41
2043,Nelson,Lisa,Sales,71004.96
8297,Horton,Lisa,Support,68604.22
2074,Rose,Laura,Sales,59793.21
8627,Parker,Lauren,Support,65935.67
2855,Garcia,Laura,Support,79891.55
8746,Mccullough,Laura,Support,47459.04
2052,Hall,Laura,Support,70254.3
8317,Fox,Lauren,Support,45097.23
2628,Marsh,Luke,Support,69476.64
8820,Garcia,Lauren,Support,44977.78
2674,James,Linda,Support,69257.13
8105,Choi,Leah,Support,44119.85
2364,Knight,Lacey,Support,68450.05
11759,Allen,Lydia,Engineering,116361.47
2304,Powell,Lisa,Support,50701.56
11358,Gill,Linda,Engineering,103870.66
2538,Cooley,Leslie,Support,46632.72
11410,Banks,Luis,Engineering,95316.94
2211,Scott,Lindsay,Support,41034.55
11728,Owens,Laura,Engineering,91542.19
4049,Ayers,Levi,Engineering,115824.97
11909,Smith,Leslie,Engineering,65501.25
4465,Velez,Louis,Engineering,107333.34
11619,Hampton,Leah,Engineering,63446.38
4097,Boyd,Lacey,Engineering,101405.39
11204,Fisher,Lynn,Finance,104643.0
4098,Ortiz,Lisa,Engineering,88635.36
11957,Cox,Leslie,Finance,103725.76
4857,Gonzales,Lisa,Engineering,83407.5
11098,Kelley,Lisa,Finance,102606.93
4539,Richardson,Laurie,Engineering,82620.15
11950,Wright,Laurie,Finance,71447.67
4625,Hopkins,Laurie,Engineering,76459.77
11291,West,Luis,Finance,66086.7
4840,Baldwin,Laura,Engineering,74220.66
11736,Walker,Laura,HR,85729.42
4845,Williamson,Linda,Engineering,72861.88
11699,Hernandez,Lisa,HR,76019.45
4858,Acevedo,Lori,Finance,103635.13
11402,Mcclain,Larry,HR,69992.21
4623,Malone,Laura,Finance,100845.59
11706,Rogers,Laura,HR,69708.3
4504,Mitchell,Lindsey,Finance,99301.36
11788,Singh,Lisa,HR,69050.79
4110,English,Lonnie,Finance,82724.55
11226,Patel,Larry,HR,68963.98
4130,Rios,Louis,Finance,81075.13
11101,Leblanc,Laura,HR,59970.98
4970,Flynn,Lisa,Finance,58001.29
11305,Johnson,Larry,IT,109424.06
4862,Thompson,Leslie,Finance,57107.9
11709,King,Lisa,IT,93830.38
4889,Gonzalez,Lisa,HR,93032.07
11409,Khan,Lisa,Legal,118035.89
4086,Romero,Lauren,HR,86705.83
11205,Miller,Leonard,Legal,76457.2
4720,Cabrera,Lauren,HR,85233.91
11900,Newman,Lynn,Legal,74283.24
4406,Huffman,Laura,HR,84322.98
11137,Osborne,Lauren,Legal,65628.55
4233,Douglas,Leslie,IT,106673.03
11946,Benson,Lauren,Marketing,84773.31
4063,Hernandez,Laura,IT,104138.71
11196,Carpenter,Lisa,Marketing,71498.71
4612,Myers,Lisa,IT,102690.34
11427,Doyle,Lauren,Marketing,57283.91
4167,French,Lisa,IT,64138.63
11615,Garza,Leslie,Sales,82444.6
4993,Lawson,Laura,Legal,114067.58
11823,Foster,Lindsey,Sales,81919.99
4229,Bailey,Lisa,Legal,78875.08
11311,Hall,Linda,Sales,69612.64
4785,Smith,Luis,Legal,72986.64
11834,Manning,Luis,Sales,68688.61
4046,Marsh,Lawrence,Legal,72409.56
11439,Douglas,Levi,Sales,62198.86
4081,Mclaughlin,Lauren,Legal,65507.89
11794,Nichols,Lisa,Sales,56951.71
4978,Flores,Lindsey,Marketing,94313.96
11828,Garcia,Lucas,Sales,53259.75
4430,Bell,Lonnie,Marketing,90313.25
11507,Blanchard,Lori,Sales,48660.33
4575,Johnson,Luis,Marketing,84609.25
11064,Berger,Laura,Sales,46351.18
4108,Simmons,Lisa,Marketing,83445.98
11911,Hunter,Lisa,Support,69713.21
4976,Cox,Leah,Marketing,82629.42
11416,Henry,Lisa,Support,43978.17
4157,Sellers,Leslie,Marketing,75072.5
9442,Hernandez,Luis,Engineering,107309.6
4541,Kennedy,Laura,Marketing,67292.38
9462,Morton,Linda,Engineering,80013.24
4013,Ramirez,Lindsey,Marketing,64205.08
9753,Payne,Linda,Finance,90533.32
4711,Odom,Lindsay,Marketing,61646.41
9661,Kennedy,Linda,Finance,82081.19
4860,Brown,Linda,Sales,78261.88
10000,Morales,Leslie,Finance,74705.0
4213,Hall,Lauren,Sales,74053.25
9049,Young,Lee,Finance,73628.69
4302,Weeks,Logan,Sales,59956.54
9304,Browning,Lauren,Finance,70088.4
4873,Mora,Lindsay,Sales,54921.74
9053,Moore,Lucas,HR,92532.76
4187,Bell,Larry,Sales,54061.37
9080,Barton,Lisa,HR,84380.55
4836,Jones,Lisa,Sales,48750.91
9322,Cannon,Laura,HR,71203.55
4350,Bishop,Laura,Sales,47767.7
9051,King,Lindsay,HR,61684.71
4727,Mccall,Linda,Support,73513.0
9631,Robinson,Latasha,IT,113674.19
4331,Richardson,Lisa,Support,68510.67
9542,Scott,Logan,IT,104989.0
4028,Welch,Lisa,Support,53832.4
9192,Jones,Lisa,IT,77192.38
4117,Jones,Lisa,Support,49551.25
9302,Richardson,Lisa,IT,68609.01
4551,Huynh,Lindsay,Support,49223.13
9681,Townsend,Lori,IT,67884.08
9400,Clarke,Lee,IT,65169.27
9050,Conway,Lori,Legal,116838.07
9326,George,Loretta,Legal,113118.26
9315,Brady,Lauren,Legal,104038.45
9839,Faulkner,Laura,Legal,91505.11
9755,Miller,Luke,Legal,69927.15
9444,Lopez,Lisa,Marketing,98896.73
9057,Smith,Lawrence,Marketing,54189.43
9966,Moore,Lisa,Marketing,50013.88
9141,Turner,Luis,Sales,84437.15
9736,Hanna,Lauren,Sales,83685.46
9341,Alvarez,Laura,Sales,83391.59
9498,Bullock,Leroy,Sales,82821.6
9842,Maldonado,Leah,Sales,73370.1
9624,Gomez,Lauren,Sales,71793.83
9479,Watkins,Lawrence,Sales,58472.55
9047,Anderson,Logan,Sales,48882.78
9639,Young,Lisa,Support,79669.03
9694,Simmons,Linda,Support,77345.17
9380,Shaw,Lisa,Support,71277.07
4173,Raymond,Maurice,Engineering,115503.57
9688,Bradley,Michael,Engineering,117020.1
4981,Flynn,Margaret,Engineering,113613.31
9433,Thompson,Matthew,Engineering,114550.05
4261,Arnold,Melissa,Engineering,107402.34
9880,Campbell,Marcus,Engineering,110002.84
4071,Mueller,Mary,Engineering,106274.42
9835,Werner,Melissa,Engineering,109536.39
4033,Moss,Matthew,Engineering,102875.31
9822,Cruz,Matthew,Engineering,107117.74
4268,May,Mitchell,Engineering,102080.97
9183,Allen,Matthew,Engineering,106778.8
4362,Rogers,Michael,Engineering,100962.97
9909,Nguyen,Melanie,Engineering,102154.71
4770,Washington,Mark,Engineering,98192.55
9020,Kim,Michelle,Engineering,72629.72
4127,Dominguez,Mark,Engineering,96810.91
9553,Jackson,Marisa,Engineering,63749.88
4341,Sanders,Mark,Engineering,86815.59
9731,Molina,Matthew,Finance,108713.38
4152,Martinez,Mark,Engineering,77463.41
9758,Smith,Marissa,Finance,105947.97
4761,Chavez,Mary,Engineering,77006.25
9709,Warner,Michelle,Finance,100864.83
4269,Hughes,Megan,Engineering,72936.04
9564,Smith,Mary,Finance,99513.16
4478,Moore,Maria,Engineering,71306.06
9463,Murray,Mark,Finance,87383.91
4607,Pineda,Michael,Engineering,67498.71
9551,Brown,Michael,Finance,82071.48
4058,Smith,Mario,Engineering,62152.42
9259,Tucker,Marcus,Finance,81646.18
4335,Patterson,Mark,Finance,108701.46
9181,Smith,Michael,Finance,81538.4
4734,Walls,Molly,Finance,103982.02
9723,Odonnell,Monica,Finance,77503.18
4059,Garcia,Mary,Finance,103590.18
9546,Martin,Marissa,Finance,75553.17
4828,Rios,Michelle,Finance,100914.63
9856,Williams,Michaela,Finance,69684.79
4421,Hardy,Michael,Finance,72439.08
9517,Byrd,Monica,Finance,64753.29
4594,Green,Monica,Finance,69117.46
9316,Fry,Melissa,Finance,64620.75
4548,Graves,Michael,Finance,66901.93
9571,Martinez,Michael,Finance,57128.51
4783,Hamilton,Matthew,Finance,62527.2
9144,Phillips,Miranda,HR,94577.38
4904,Miller,Mary,Finance,61852.63
9518,Weber,Michele,HR,93700.32
4200,Cox,Melissa,Finance,61535.02
9783,Taylor,Mark,HR,93617.75
4803,Smith,Matthew,Finance,58622.35
9306,Hall,Mario,HR,87137.21
4890,Dixon,Michael,Finance,58307.62
9634,Smith,Michael,HR,80114.9
4155,Reyes,Margaret,Finance,55777.08
9884,Conway,Martha,HR,78916.25
4318,Wyatt,Marcus,HR,91179.95
9811,English,Melissa,HR,78389.74
4923,Johnson,Michael,HR,90712.87
9446,Baker,Mark,HR,77775.03
4826,Velasquez,Marcus,HR,72022.89
9789,Hall,Marie,HR,77425.61
4802,Vaughn,Michael,HR,57911.61
9696,Armstrong,Michelle,HR,76721.26
4964,Hart,Melissa,HR,55122.56
9429,Wolf,Mariah,HR,75582.57
4728,Mccoy,Michael,HR,52638.31
9295,Richards,Maria,HR,72785.02
4195,Hall,Melissa,HR,51010.74
9520,Diaz,Michael,HR,72031.03
4705,Bailey,Martin,IT,112975.59
9193,Martin,Michael,HR,68702.9
4304,Singleton,Martin,IT,105200.45
9799,Roberts,Michael,HR,63637.56
4848,Cole,Michelle,IT,104508.85
9174,Graves,Matthew,HR,61270.56
4663,Huff,Michael,IT,97955.19
9514,Contreras,Martha,HR,59825.86
4632,Nash,Mark,IT,90234.37
9480,Buchanan,Miranda,HR,59639.86
4300,Jennings,Michelle,IT,87659.25
9735,Cameron,Melissa,HR,56885.86
4307,Brewer,Mathew,IT,85815.47
9833,Hansen,Makayla,HR,56567.6
4342,Chavez,Michelle,IT,62670.97
9768,Collins,Michael,HR,54851.88
4891,Savage,Mark,Legal,124984.59
9668,Burgess,Michelle,HR,53336.56
4953,Flores,Makayla,Legal,120530.68
9587,Jackson,Mary,HR,51910.25
4905,Deleon,Mackenzie,Legal,115310.52
9721,Miller,Matthew,IT,111083.46
4872,Robbins,Marie,Legal,114541.75
9558,Salinas,Michael,IT,105320.26
4488,Pierce,Michael,Legal,114406.65
9565,Floyd,Michele,IT,98126.94
4464,Watkins,Megan,Legal,107405.63
9250,George,Marcus,IT,90556.76
4569,Patton,Michele,Legal,105877.1
9974,Jacobson,Megan,IT,88272.48
4960,Wood,Matthew,Legal,104916.34
9578,Livingston,Megan,IT,84537.06
4352,Castillo,Mark,Legal,104276.16
9495,Gamble,Mason,IT,80877.06
4132,Gonzales,Michelle,Legal,104194.39
9208,Foster,Michael,IT,73188.59
4330,Wallace,Marvin,Legal,99444.2
9312,Serrano,Michael,IT,72807.16
4433,Burns,Michael,Legal,96779.54
9351,Scott,Michael,IT,64057.16
4010,Sanford,Michael,Legal,91866.84
9310,Colon,Megan,IT,63591.15
4941,Francis,Michael,Legal,82907.59
9011,Perez,Manuel,Legal,112153.16
4219,Waters,Mario,Legal,73964.74
9033,Andrade,Michael,Legal,99254.07
4903,Hubbard,Marvin,Legal,72773.06
9547,Nguyen,Matthew,Legal,90329.21
4486,Phillips,Mary,Legal,72268.41
9122,Lam,Melissa,Legal,88293.37
4974,Gonzalez,Micheal,Legal,69221.28
9472,Haynes,Melissa,Legal,85487.19
4429,Murphy,Michael,Legal,65434.49
9682,Conner,Maria,Legal,65197.92
4687,Garner,Michael,Marketing,99640.83
9066,Saunders,Melissa,Marketing,99468.72
4103,Ross,Mark,Marketing,96361.19
9592,Jennings,Miranda,Marketing,97057.79
4545,Hawkins,Michael,Marketing,89936.92
9951,Thomas,Michael,Marketing,90397.22
4982,Thomas,Mario,Marketing,88903.23
9406,Guerra,Manuel,Marketing,90050.39
4579,Lopez,Michelle,Marketing,82071.13
9508,Riley,Marcus,Marketing,86394.67
4956,Morrison,Marcus,Marketing,78062.51
9965,Marquez,Michael,Marketing,85031.19
4332,Martin,Mary,Marketing,72935.58
9199,Hill,Michael,Marketing,84422.91
4045,Johnson,Melissa,Marketing,70315.48
9169,White,Melissa,Marketing,83309.43
4827,Parker,Melissa,Marketing,69124.0
9088,Lee,Matthew,Marketing,81086.33
4453,Lopez,Monica,Marketing,66508.86
9957,Johnson,Monique,Marketing,75988.45
4696,Leon,Marie,Marketing,62902.96
9516,Roberts,Mary,Marketing,70316.27
4310,Watson,Mallory,Marketing,61584.08
9601,Solomon,Mark,Marketing,59199.01
4474,Wilson,Michaela,Marketing,60138.57
9275,Avila,Marvin,Marketing,58164.16
4977,Wood,Michaela,Marketing,57083.34
9118,Butler,Mary,Marketing,54008.24
4528,Pratt,Melissa,Sales,87858.75
9039,Johnson,Mary,Marketing,50256.32
4530,Griffin,Marcus,Sales,86454.77
9760,Simpson,Michael,Sales,89637.43
4487,Blackwell,Monica,Sales,86016.16
9133,Hanna,Matthew,Sales,82829.3
4031,Hernandez,Matthew,Sales,82299.06
9138,Harmon,Michael,Sales,82089.03
4201,Sanchez,Melanie,Sales,79171.44
9972,Brown,Matthew,Sales,73482.72
5000,Richardson,Melissa,Sales,75813.51
9127,Vargas,Melissa,Sales,72285.97
4514,Small,Melanie,Sales,68462.59
9659,Anderson,Mary,Sales,63811.25
4047,Ali,Michael,Sales,63943.89
9778,Everett,Maurice,Sales,58052.83
4861,Romero,Michael,Sales,59586.12
9897,James,Michael,Sales,57210.75
4536,Reyes,Michael,Sales,59453.87
9533,Jones,Michelle,Sales,54198.95
4707,Larson,Michael,Support,78835.67
9378,Bryan,Martin,Sales,52010.05
4954,Riggs,Mary,Support,78331.83
9068,Brewer,Monica,Sales,51635.65
4996,Washington,Melissa,Support,76489.87
9906,Hernandez,Michele,Sales,45024.89
4817,Ali,Mark,Support,72529.96
9503,Boyer,Marco,Support,78503.85
4034,Ibarra,Matthew,Support,69099.47
9629,Jackson,Melanie,Support,75165.71
4566,Ward,Mark,Support,68248.7
9414,Wilson,Melissa,Support,74366.0
4821,Martinez,Matthew,Support,63166.39
9774,Perez,Mark,Support,72060.62
4585,Mendoza,Melissa,Support,58119.06
9526,Carroll,Michelle,Support,71424.35
4554,Bauer,Martin,Support,54602.13
9404,Schneider,Mark,Support,70256.88
4654,Jackson,Michael,Support,44695.7
9126,Reyes,Michael,Support,67034.67
10306,Humphrey,Michael,Engineering,111917.37
7232,Henderson,Mercedes,Engineering,118205.08
1014,Wiley,Michael,Engineering,107949.58
9333,Rodriguez,Miranda,Support,66413.36
10292,King,Megan,Engineering,110954.22
7201,Garcia,Michael,Engineering,112902.94
1896,Vargas,Michael,Engineering,91631.05
9536,King,Michael,Support,65155.51
10779,Thompson,Michael,Engineering,109988.34
7136,Brady,Morgan,Engineering,108499.06
1662,Harris,Michael,Engineering,88497.45
9655,Williams,Marc,Support,63564.59
10228,Morris,Matthew,Engineering,108490.73
7631,Gonzalez,Melissa,Engineering,102741.78
1030,Douglas,Michael,Engineering,84915.1
9490,Williams,Madison,Support,59275.02
10476,Wilson,Mikayla,Engineering,105598.97
7524,Wiley,Mary,Engineering,99644.21
1362,Smith,Michele,Engineering,80286.33
9393,Watson,Monique,Support,59228.29
10960,Skinner,Mark,Engineering,101778.45
7306,Martinez,Michelle,Engineering,96642.9
1691,Hudson,Mike,Engineering,72942.84
9788,Cunningham,Michael,Support,58495.47
10270,Brock,Michael,Engineering,98356.51
7439,Medina,Matthew,Engineering,94875.85
1275,Kirk,Michael,Engineering,67362.7
9234,Anderson,Michele,Support,58042.83
10826,Horn,Michael,Engineering,86157.03
7072,Moore,Misty,Engineering,90874.58
1937,Moreno,Michael,Finance,109005.46
9160,Miller,Michael,Support,57897.62
10332,Huang,Melinda,Engineering,75117.08
7560,Edwards,Matthew,Engineering,89260.15
1249,Martinez,Mitchell,Finance,107910.71
9081,Paul,Mallory,Support,57110.91
10661,Mccoy,Meredith,Engineering,69606.5
7522,Carroll,Michael,Engineering,88066.22
1457,Martin,Melissa,Finance,106585.58
9983,Velazquez,Monica,Support,55720.13
10643,Brewer,Morgan,Engineering,65770.05
7797,Cooper,Michelle,Engineering,83717.43
1854,Robinson,Michael,Finance,98738.82
9697,Bridges,Mario,Support,50810.23
10892,Green,Mark,Engineering,64775.43
7574,Lara,Mary,Engineering,80408.71
1462,Austin,Mackenzie,Finance,98521.4
9953,Jones,Michael,Support,49490.21
10479,Collins,Mitchell,Engineering,63114.16
7034,Sherman,Megan,Engineering,68453.08
1181,Garza,Meghan,Finance,98404.55
9900,Leonard,Monica,Support,42596.88
10040,Gutierrez,Michael,Finance,109237.01
7482,Pace,Michael,Engineering,67115.77
1943,Howell,Melissa,Finance,92548.0
9864,Cox,Megan,Support,42544.03
10231,Reed,Melissa,Finance,106238.83
7936,Rosales,Matthew,Engineering,64958.74
1790,Thornton,Mark,Finance,84098.38
9678,Guerra,Monique,Support,41791.9
10572,Stewart,Michael,Finance,105894.09
7042,Leonard,Michael,Engineering,63908.03
1159,Porter,Michael,Finance,80012.05
15766,Jones,Michele,Engineering,118035.29
10357,Torres,Michael,Finance,103225.49
7295,Rodriguez,Makayla,Engineering,63715.19
1724,Guzman,Maria,Finance,79934.3
15601,Lewis,Michelle,Engineering,117965.16
10367,Moss,Marvin,Finance,101362.18
7186,Norman,Mike,Finance,107802.83
1676,Morris,Marcus,Finance,73717.58
15978,Morrison,Michael,Engineering,108917.42
10398,Vaughn,Miranda,Finance,90196.68
7025,Rose,Mary,Finance,106842.85
1491,Warren,Michael,Finance,73305.27
15256,King,Monica,Engineering,107254.13
10562,Bentley,Michelle,Finance,87751.14
7258,Miller,Melissa,Finance,104529.01
1093,Ross,Michelle,Finance,71889.03
15467,Woodward,Marisa,Engineering,103141.78
10428,Zuniga,Mary,Finance,86636.26
7451,Anderson,Michael,Finance,103481.27
1984,Sanchez,Melissa,Finance,62835.42
15316,Powell,Michael,Engineering,101373.72
10948,Morris,Michele,Finance,70792.79
7676,Henry,Melissa,Finance,102239.83
1387,Walsh,Monique,Finance,58056.26
15017,White,Michael,Engineering,100616.21
10474,Fletcher,Michael,Finance,66232.8
7780,Mcintyre,Mark,Finance,98929.27
1099,Brown,Michael,Finance,57719.07
15565,Craig,Misty,Engineering,98635.35
10559,Lamb,Michael,Finance,61508.47
7789,Clark,Mike,Finance,98822.18
1642,Mitchell,Monica,Finance,57026.31
15800,Mercado,Monica,Engineering,96974.0
10624,Simmons,Monica,Finance,60796.47
7327,Foster,Michele,Finance,97664.5
1199,Moore,Mark,Finance,55933.87
15918,Hooper,Michael,Engineering,90072.98
10169,Farmer,Mia,Finance,58622.29
7161,Green,Michele,Finance,92114.09
1087,Marsh,Michelle,Finance,55150.01
15055,Nunez,Melissa,Engineering,73183.26
10628,Daniels,Michelle,HR,80714.69
7962,Wright,Melissa,Finance,89576.94
1526,Garcia,Misty,HR,92562.38
15868,Clements,Monica,Engineering,70022.86
10536,Robles,Michelle,HR,75848.67
7756,Barry,Mark,Finance,88335.08
1327,Mendoza,Melissa,HR,92003.17
15095,Everett,Melissa,Engineering,64685.75
10650,Mcmillan,Maria,HR,74924.33
7064,Castaneda,Melissa,Finance,85487.3
1934,Jones,Maria,HR,91644.31
15471,Sellers,Michele,Engineering,64473.0
10151,Conley,Mark,HR,69190.63
7643,Peck,Mitchell,Finance,84333.0
1664,Simon,Matthew,HR,84271.96
15560,Keller,Matthew,Finance,91690.54
10950,Ellis,Max,HR,63684.27
7217,Brown,Mark,Finance,81731.35
1569,Adams,Morgan,HR,82867.81
15406,Perez,Melissa,Finance,86521.38
10938,Burke,Michael,HR,58145.29
7755,White,Michael,Finance,81289.0
1375,Sanders,Michelle,HR,76949.42
15618,Perry,Meagan,Finance,76520.92
10260,Kerr,Monica,HR,53970.13
7844,Moody,Michael,Finance,78178.16
1142,George,Michael,HR,71930.77
15547,Fisher,Michael,Finance,75998.33
10413,Thomas,Maria,HR,53203.24
7641,Shaw,Michelle,Finance,68545.9
1223,Joseph,Michael,HR,68576.88
15832,Garner,Martin,Finance,75815.97
10754,Key,Mckenzie,IT,108677.91
7437,Cortez,Michael,Finance,64802.57
1806,Owens,Marcus,HR,67606.31
15654,Foster,Margaret,Finance,73660.0
10010,Hansen,Mary,IT,106356.34
7860,Beck,Mark,Finance,64475.31
1711,Lyons,Matthew,HR,64859.83
15557,Cardenas,Meghan,Finance,73173.37
10465,Gonzalez,Megan,IT,103691.92
7229,Scott,Madison,Finance,62739.94
1745,Schultz,Michael,HR,64086.5
15947,Contreras,Melinda,Finance,72386.62
10876,Garcia,Matthew,IT,103100.65
7404,Anderson,Michael,Finance,62451.49
1726,Mccann,Marcus,HR,61563.03
15653,Sanchez,Matthew,Finance,71582.48
10037,Vaughn,Mario,IT,95651.57
7145,Hernandez,Matthew,Finance,60414.77
1487,Carlson,Maria,HR,59857.13
15179,Michael,Maria,Finance,64739.41
10006,Gardner,Michelle,IT,89040.49
7602,Davis,Matthew,HR,85994.95
1317,Pope,Maria,IT,114359.56
15134,Anderson,Martin,Finance,62344.04
10545,Bass,Michael,IT,83527.15
7929,Lynch,Michael,HR,85979.33
1697,Jones,Melissa,IT,97095.71
15948,Jenkins,Matthew,Finance,59835.31
10645,Parker,Michael,IT,80944.59
7751,Padilla,Meredith,HR,84721.76
1080,Howard,Michael,IT,93476.47
15310,Cole,Mary,Finance,59755.3
10520,Tran,Miguel,IT,79366.14
7513,Tate,Michael,HR,84391.54
1867,Daniel,Morgan,IT,92773.83
15088,Gibson,Maria,Finance,58303.11
10166,Marshall,Mark,IT,78142.06
7078,Ellis,Molly,HR,83162.58
1364,Johnson,Michelle,IT,87939.18
15042,Scott,Margaret,Finance,55621.38
10670,Lozano,Meghan,IT,76388.06
7130,Soto,Mark,HR,80985.66
1620,Miller,Michael,IT,76695.8
15081,Moss,Megan,HR,88948.99
10581,Lane,Michelle,IT,76017.37
7728,Brady,Michael,HR,77895.89
1478,Newman,Melissa,IT,66148.85
15760,Patel,Mark,HR,88663.06
10058,Moore,Michael,IT,73486.05
7253,Leach,Morgan,HR,73837.17
1443,Torres,Mary,IT,63403.24
15237,Tucker,Melanie,HR,87259.73
10215,Lewis,Mia,IT,68254.05
7240,Perez,Mark,HR,68662.23
1994,Russell,Michael,IT,62654.06
15836,Carr,Melissa,HR,81900.56
10734,Santana,Michelle,IT,65634.37
7702,Hunt,Megan,HR,66964.83
1395,Dalton,Matthew,Legal,124723.04
15271,Elliott,Megan,HR,81618.32
10972,Graves,Michael,IT,63397.52
7581,Edwards,Michael,HR,66095.03
1552,Avila,Michael,Legal,122440.54
15182,Humphrey,Matthew,HR,80368.53
10089,Meadows,Mitchell,IT,61835.53
7353,Davis,Micheal,HR,63364.81
1616,Pittman,Melanie,Legal,114315.04
15820,Miller,Matthew,HR,79085.22
10392,Gonzalez,Martha,Legal,124116.18
7622,Nguyen,Michael,HR,62543.27
1973,Miller,Marie,Legal,110251.25
15404,Walker,Mark,HR,77904.83
10705,Harris,Matthew,Legal,121614.47
7675,Thomas,Michael,HR,61525.6
1077,Clark,Michael,Legal,110196.34
15484,Davidson,Michael,HR,75865.81
10035,Warner,Martha,Legal,118894.5
7380,King,Marisa,HR,59557.3
1657,Davis,Melissa,Legal,108505.47
15268,Jones,Manuel,HR,74733.94
10487,Edwards,Monica,Legal,118843.68
7105,Newton,Matthew,HR,53404.37
1119,Brown,Michael,Legal,105873.07
15753,Matthews,Mary,HR,73951.85
10816,Mitchell,Matthew,Legal,114745.14
7683,Buck,Melissa,HR,53069.49
1809,Hayden,Matthew,Legal,104752.29
15522,Cruz,Michelle,HR,61606.67
10964,King,Michael,Legal,114721.69
7533,Benson,Michael,HR,51500.5
1686,Burgess,Miranda,Legal,98812.8
15939,Torres,Mackenzie,HR,60808.78
10684,Sutton,Mark,Legal,102497.16
7120,Soto,Michael,IT,110538.07
1415,Leach,Michele,Legal,98403.6
15884,Hendricks,Matthew,HR,59001.21
10005,Love,Mark,Legal,97164.17
7052,Lowery,Matthew,IT,105175.28
1528,Smith,Michelle,Legal,92225.55
15698,Huang,Meghan,HR,58017.66
10210,Hawkins,Meredith,Legal,95188.17
7846,Sanchez,Michael,IT,104246.85
1353,Mcintosh,Makayla,Legal,90584.64
15385,Cook,Misty,HR,50960.7
10167,Jones,Monica,Legal,90949.3
7983,Taylor,Michelle,IT,103363.47
1788,Rogers,Matthew,Legal,90238.92
15131,Wallace,Marcus,IT,92316.07
10473,Mccann,Michael,Legal,89600.57
7715,Lynn,Michael,IT,100855.26
1458,Delgado,Melissa,Legal,77533.08
15264,Webb,Michael,IT,91890.29
10321,Patterson,Matthew,Legal,89325.83
7800,Oconnell,Michelle,IT,99312.96
1770,Chan,Mike,Legal,75147.01
15245,Taylor,Michael,IT,91459.63
10893,Chapman,Matthew,Legal,87274.03
7080,Williams,Megan,IT,98351.92
1148,Horn,Michael,Legal,72758.54
15559,Fernandez,Miranda,IT,79883.49
10173,Moore,Michael,Legal,86489.97
7682,Nielsen,Melissa,IT,91080.53
1320,Santos,Maria,Legal,72279.74
15208,Carrillo,Melissa,IT,79416.81
10481,Durham,Melanie,Legal,85341.71
7668,Vasquez,Michael,IT,90266.45
1308,Price,Melanie,Legal,70583.45
15012,Sanders,Madeline,Legal,120078.95
10186,Aguirre,Matthew,Legal,67371.05
7248,Harrison,Michael,IT,64115.58
1581,Lewis,Miranda,Legal,67283.99
15829,Nelson,Michelle,Legal,116581.1
10568,Bush,Melissa,Marketing,99174.49
7198,Bartlett,Monica,IT,61633.07
1401,Russell,Megan,Legal,65985.95
15487,Parker,Matthew,Legal,115486.73
10944,Woods,Marcus,Marketing,94649.19
7339,Rowland,Michael,Legal,123445.32
1229,Avila,Michael,Marketing,96161.88
15598,Fuentes,Michele,Legal,113294.49
10110,Perez,Matthew,Marketing,88376.58
7043,Nelson,Michelle,Legal,123122.98
1945,Edwards,Michelle,Marketing,92730.12
15429,Andrews,Mark,Legal,107419.14
10162,Carroll,Mary,Marketing,83319.72
7555,Johnson,Melanie,Legal,118019.6
1933,Vasquez,Michael,Marketing,91789.66
15260,Avila,Monica,Legal,106403.05
10615,Hayes,Michael,Marketing,83218.11
7400,Hughes,Monica,Legal,117972.44
1152,Clark,Mark,Marketing,90831.45
15809,Stevenson,Marie,Legal,104371.1
10757,Hernandez,Melissa,Marketing,81170.05
7281,Gaines,Michael,Legal,107344.16
1480,Ruiz,Megan,Marketing,81840.49
15880,Norris,Mark,Legal,76226.72
10016,Richards,Mitchell,Marketing,80409.61
7833,Patterson,Maxwell,Legal,101022.6
1101,Morgan,Mason,Marketing,81233.06
15423,Ochoa,Michael,Legal,72543.11
10737,Henry,Matthew,Marketing,72532.04
7567,Reynolds,Meredith,Legal,96612.34
1716,Hicks,Melissa,Marketing,78498.93
15027,Lee,Matthew,Legal,71605.17
10928,Molina,Marcus,Marketing,68720.09
7748,Figueroa,Micheal,Legal,84622.24
1893,Branch,Mathew,Marketing,70195.65
15812,Rios,Melissa,Legal,65290.23
10268,Norris,Michelle,Marketing,52637.37
7233,Combs,Matthew,Legal,82990.39
1155,West,Matthew,Marketing,66781.49
15075,Williams,Matthew,Marketing,97047.08
10444,Diaz,Michael,Sales,89287.21
7058,Montes,Mark,Legal,81053.25
1190,Simpson,Melissa,Marketing,63816.43
15493,Davidson,Michael,Marketing,90242.78
10843,Huerta,Melissa,Sales,89158.05
7109,Garza,Margaret,Legal,72322.35
1100,Strickland,Michael,Marketing,60093.29
15591,Simmons,Michael,Marketing,86541.37
10076,Mendoza,Michelle,Sales,86256.2
7116,Herrera,Michael,Legal,70161.96
1847,Hooper,Michael,Marketing,58089.19
15259,Stark,Michelle,Marketing,75124.53
10601,Roman,Mercedes,Sales,83515.48
7021,Avery,Michael,Legal,68420.73
1624,Pham,Michael,Marketing,53003.43
15561,Suarez,Meghan,Marketing,74792.82
10346,Owen,Megan,Sales,79776.14
7468,Watkins,Mario,Legal,67022.93
1720,Garrett,Michael,Marketing,52299.89
15952,Young,Mary,Marketing,73480.91
10102,Zavala,Morgan,Sales,78348.54
7015,Johnson,Madison,Marketing,98033.48
1898,Howard,Mario,Sales,87538.41
15680,Farrell,Mike,Marketing,73288.91
10330,Ochoa,Monica,Sales,73345.76
7470,Johnson,Margaret,Marketing,81990.14
1063,Torres,Michael,Sales,87253.28
15495,Wright,Michael,Marketing,72782.38
10974,Ho,Melissa,Sales,70982.29
7447,Mendoza,Michael,Marketing,74109.33
1652,Pollard,Matthew,Sales,84542.89
15109,Gonzalez,Meagan,Marketing,69297.06
10955,Curry,Michael,Sales,70238.5
7740,Herring,Mark,Marketing,69312.25
1266,Summers,Matthew,Sales,82732.41
15596,Davis,Monica,Marketing,68758.98
10859,Garcia,Michele,Sales,69966.94
7906,Diaz,Marcia,Marketing,66862.31
1568,Kelley,Michael,Sales,82052.84
15572,Mitchell,Michael,Marketing,66060.79
10297,Thomas,Megan,Sales,63436.11
7399,Garza,Michael,Marketing,61718.44
1730,Mccormick,Matthew,Sales,74908.55
15144,Gibson,Melinda,Marketing,59807.71
10359,Lawrence,Maria,Sales,59409.4
7360,Collier,Mary,Marketing,56910.62
1445,Diaz,Michael,Sales,73394.92
15636,Smith,Megan,Marketing,55497.95
10407,Barnes,Matthew,Sales,58939.92
7852,Leonard,Michael,Marketing,55042.97
1673,Johnson,Marc,Sales,72021.07
15032,Rogers,Madison,Marketing,50614.69
10744,Pierce,Megan,Sales,46183.56
7679,Schneider,Margaret,Sales,88318.74
1631,Burnett,Marissa,Sales,71880.76
15583,Huang,Michelle,Sales,79016.52
10237,Tyler,Molly,Support,73068.63
7155,Smith,Marc,Sales,85677.03
1481,Holloway,Melissa,Sales,69610.18
15098,Butler,Michelle,Sales,75307.88
10813,Stone,Margaret,Support,72951.58
7853,Martinez,Michelle,Sales,83862.4
1057,Moss,Melinda,Sales,69570.98
15641,Freeman,Michael,Sales,72266.32
10721,Myers,Marisa,Support,71679.06
7859,Barker,Michael,Sales,82087.6
1028,Stanley,Maria,Sales,62537.02
15735,Smith,Mario,Sales,70498.09
10178,Johnson,Matthew,Support,69417.56
7421,Richmond,Margaret,Sales,79034.38
1167,Pitts,Mary,Sales,58578.97
15770,Williams,Mark,Sales,66283.86
10855,Gates,Megan,Support,67965.4
7388,Calderon,Meagan,Sales,73419.68
1404,Nelson,Michael,Sales,49052.14
15802,Dunn,Monique,Sales,61548.1
10343,Grimes,Michael,Support,64230.85
7790,Walker,Michael,Sales,66910.49
1092,Cameron,Melanie,Sales,46308.54
15958,Ramirez,Martin,Sales,60609.28
10529,Jenkins,Maxwell,Support,63075.12
7736,Fox,Mallory,Sales,54745.96
1582,Decker,Michael,Support,78689.84
15126,Bailey,Matthew,Sales,60059.36
10992,Carpenter,Melanie,Support,57536.73
7665,Gibson,Michele,Sales,45804.31
1963,Williams,Marilyn,Support,75144.61
15683,Ruiz,Mary,Sales,59692.62
10652,Smith,Manuel,Support,55090.08
7046,Bailey,Michael,Sales,45139.42
1125,Kim,Mary,Support,73913.82
15818,Wiley,Martha,Sales,48992.69
10490,Miller,Michelle,Support,51543.59
7003,Greene,Mary,Support,77991.02
1892,Scott,Michael,Support,70396.34
15475,Smith,Mario,Sales,46427.25
10096,Smith,Melvin,Support,50535.85
7816,Castro,Mary,Support,76878.92
1280,Byrd,Mark,Support,68946.29
15848,Knight,Makayla,Sales,46198.13
10835,Sawyer,Megan,Support,45878.55
7674,Hart,Matthew,Support,76622.74
1143,Vega,Mary,Support,64805.49
15343,Robinson,Michael,Support,78344.84
10020,Ferguson,Melissa,Support,41172.53
7433,Carter,Michele,Support,74763.32
1180,Cuevas,Melanie,Support,63322.38
15569,Johnson,Michelle,Support,75888.72
7126,Solis,Michael,Support,74363.15
1702,Alexander,Michael,Support,59199.49
15090,Sutton,Mark,Support,73502.65
7921,Ramsey,Michael,Support,67957.05
1771,Beck,Mary,Support,57824.05
15363,Bonilla,Michael,Support,73451.29
7099,Adams,Michael,Support,63534.42
1926,Taylor,Melinda,Support,55613.64
15644,Smith,Michael,Support,71631.99
7392,Keller,Michael,Support,62951.72
1786,Martinez,Mark,Support,50235.5
15384,Berry,Mary,Support,67047.98
7065,Foster,Michael,Support,61652.38
1520,Anthony,Matthew,Support,43869.24
15114,Davis,Meghan,Support,63912.77
7664,Cochran,Mark,Support,61260.08
5778,Contreras,Mark,Engineering,117217.47
15744,Atkinson,Matthew,Support,56290.51
7770,Bennett,Matthew,Support,59941.31
5805,Green,Michael,Engineering,115349.22
15076,Rivera,Michael,Support,55228.22
7876,Kelly,Mark,Support,59767.45
5644,Tucker,Matthew,Engineering,106572.68
15221,Lara,Michael,Support,53908.15
7494,Garcia,Monica,Support,59532.44
5342,Serrano,Micheal,Engineering,106183.8
15190,Conley,Michael,Support,51302.89
7237,Summers,Monica,Support,57607.36
5268,Calderon,Melissa,Engineering,103404.37
15255,Patton,Michael,Support,51045.48
7540,Reynolds,Maurice,Support,50486.31
5886,Gonzales,Miguel,Engineering,100677.64
15814,Saunders,Mary,Support,41200.04
7301,Petersen,Michael,Support,50085.14
5325,Montgomery,Miranda,Engineering,97260.04
14241,Hoffman,Michael,Engineering,116534.11
7536,Petersen,Micheal,Support,48988.44
5681,Kaufman,Misty,Engineering,96286.78
14214,Lane,Mary,Engineering,113615.53
7035,Horton,Matthew,Support,46884.48
5184,Mcguire,Margaret,Engineering,90049.02
14052,Moore,Mary,Engineering,108850.39
7338,Thompson,Mark,Support,46486.79
5453,Young,Michael,Engineering,82449.57
14115,Anderson,Marissa,Engineering,107856.3
7806,Wright,Monica,Support,44400.52
5923,Bentley,Misty,Engineering,81137.48
14079,Long,Mitchell,Engineering,94217.05
7300,Martin,Marie,Support,43390.78
5097,Davis,Melissa,Engineering,79026.24
14077,Palmer,Margaret,Engineering,93441.29
12195,Flores,Megan,Engineering,108372.85
5102,Russell,Michelle,Engineering,76581.68
14256,Parsons,Michael,Engineering,76807.28
12205,Branch,Mary,Engineering,105087.07
5589,Hurley,Monica,Engineering,73761.74
14319,Hancock,Matthew,Engineering,68801.5
12851,Gilbert,Melanie,Engineering,101072.97
5191,Carr,Maureen,Engineering,69154.14
14687,Hughes,Molly,Engineering,66477.15
12104,Everett,Matthew,Engineering,98999.61
5822,Sanchez,Michael,Finance,105719.53
14950,Barrett,Michael,Engineering,64031.97
12365,Taylor,Michelle,Engineering,95483.83
5956,Mitchell,Madeline,Finance,79695.13
14917,Evans,Mike,Finance,103044.58
12964,Wade,Michael,Engineering,92045.4
5998,Pitts,Mary,Finance,79184.08
14282,Washington,Michael,Finance,92927.82
12880,Blackwell,Monica,Engineering,87183.57
5518,Morrison,Melissa,Finance,77083.26
14681,Osborne,Michele,Finance,89649.33
12879,Gonzales,Monica,Engineering,82949.56
5319,Daniel,Matthew,Finance,75514.67
14369,Walsh,Mason,Finance,84813.56
12084,Walker,Michael,Engineering,76231.04
5779,Norris,Michele,Finance,74226.62
14078,Carrillo,Michelle,Finance,84334.76
12338,Thompson,Mary,Engineering,75471.02
5168,Shaw,Megan,Finance,66702.3
14327,Colon,Monica,Finance,77592.46
12673,Callahan,Michele,Engineering,65435.25
5227,Hayes,Michelle,Finance,61325.29
14613,Cooper,Michael,Finance,67936.24
12459,Montoya,Melissa,Engineering,62106.83
5816,Miller,Matthew,HR,92776.82
14626,Grimes,Michael,Finance,65141.55
13000,Shannon,Michael,Finance,108072.91
5137,Russell,Morgan,HR,90403.5
14570,Bass,Melanie,Finance,63069.06
12763,Weaver,Matthew,Finance,105408.65
5600,Saunders,Melanie,HR,89715.91
14217,Smith,Melissa,Finance,60354.07
12495,Mueller,Michael,Finance,104784.42
5303,Gonzales,Matthew,HR,87737.13
14639,Sanders,Manuel,Finance,58717.4
12650,Mcfarland,Melissa,Finance,103778.34
5246,Marshall,Michelle,HR,84713.59
14808,Velez,Melinda,Finance,57932.67
12625,Jones,Margaret,Finance,101221.82
5982,Williams,Melissa,HR,80941.53
14099,Dunn,Marissa,Finance,57229.47
12091,Ramos,Margaret,Finance,84404.55
5618,Cortez,Michelle,HR,78337.9
14966,Washington,Michelle,HR,92976.68
12542,Gaines,Matthew,Finance,81534.71
5114,Little,Michael,HR,76833.7
14743,Gallegos,Michael,HR,92799.74
12147,Hudson,Michael,Finance,79483.49
5695,Miller,Michael,HR,74383.28
14518,Thomas,Morgan,HR,92674.79
12972,Schultz,Megan,Finance,76417.37
5057,Thomas,Matthew,HR,73348.18
14278,Phillips,Martin,HR,84253.66
12661,Lambert,Mary,Finance,67326.03
5558,Quinn,Michael,HR,66895.92
14578,Meza,Megan,HR,82894.9
12443,Jacobs,Megan,Finance,66105.58
5021,Morales,Marc,HR,66736.9
14212,Johnson,Michael,HR,79713.66
12741,Smith,Marie,Finance,65489.1
5736,Graham,Michael,HR,66035.37
14482,Carter,Michael,HR,77248.17
12956,Jenkins,Mark,Finance,62383.36
5305,Mcpherson,Matthew,HR,62638.12
14281,Anderson,Misty,HR,75849.82
12190,Owens,Mary,Finance,59897.44
5674,Knight,Maria,HR,61785.83
14124,Harper,Misty,HR,75594.89
12927,Thomas,Meredith,HR,94389.53
5178,Roberts,Michael,HR,57846.75
14262,Sanchez,Melissa,HR,75492.01
12245,Scott,Maria,HR,94348.47
5566,Matthews,Melissa,IT,101166.77
14228,Ferguson,Michael,HR,71824.96
12396,Wright,Michael,HR,92231.8
5313,Phillips,Morgan,IT,101085.19
14239,Torres,Morgan,HR,62981.77
12830,Lester,Mark,HR,85988.56
5487,Mcdonald,Marvin,IT,99730.1
14545,Taylor,Melissa,HR,61307.54
12224,Miller,Michael,HR,72890.07
5094,Moss,Michael,IT,99259.24
14464,Hoover,Melissa,HR,61281.09
12983,Jackson,Morgan,HR,71649.23
5929,Shields,Michael,IT,98799.47
14145,Simmons,Matthew,HR,56647.43
12838,Smith,Matthew,HR,71326.24
5793,Lee,Michael,IT,87889.35
14795,Bennett,Melissa,HR,54747.35
12223,Melendez,Megan,HR,71292.06
5952,Anderson,Misty,IT,80319.7
14378,Harris,Melanie,HR,52894.93
12464,Clark,Meghan,HR,68417.22
5949,Jackson,Matthew,IT,76232.51
14525,Morales,Michael,HR,52010.46
12194,Morgan,Matthew,HR,65862.44
5085,Brown,Melissa,IT,76147.61
14274,Kelly,Mary,HR,50404.44
12700,Perez,Matthew,HR,63290.57
5625,Hudson,Matthew,IT,75864.77
14114,Jones,Michael,IT,111898.48
12765,Holmes,Michael,HR,62815.54
5934,Walker,Mark,IT,71819.4
14725,Blevins,Madison,IT,111746.25
12206,Gibson,Michele,HR,60755.99
5248,Burnett,Megan,IT,69422.32
14640,Weaver,Misty,IT,108948.79
12467,Gay,Matthew,HR,60643.44
5552,Ward,Marissa,IT,68836.9
14221,Allen,Monica,IT,103350.68
12258,Douglas,Mariah,HR,57324.56
5572,Smith,Mary,IT,63425.33
14733,Dalton,Michelle,IT,98671.75
12070,James,Matthew,HR,56975.63
5669,Walton,Mark,Legal,120565.97
14248,Walker,Melvin,IT,96925.71
12539,Griffin,Michaela,HR,56859.64
5203,Jackson,Michael,Legal,117521.5
14328,Williams,Melissa,IT,94796.99
12923,Trujillo,Monica,HR,56429.11
5397,Andrews,Margaret,Legal,109946.07
14306,Hill,Michael,IT,91466.94
12269,Henderson,Michael,HR,55455.83
5440,Wilson,Matthew,Legal,106351.12
14295,Crawford,Michael,IT,84517.46
12168,Cortez,Miguel,HR,55239.79
5075,Townsend,Michael,Legal,95237.14
14716,Contreras,Molly,IT,74961.93
12208,Miller,Michele,HR,54540.08
5098,Diaz,Mark,Legal,88475.03
14410,Lara,Megan,IT,72090.61
12885,Dunn,Michael,IT,114747.81
5443,Morgan,Michelle,Legal,82938.87
14944,Lee,Michelle,IT,71537.27
12408,Richmond,Mary,IT,104700.7
5059,Anderson,Marie,Legal,80686.68
14068,Brown,Mark,IT,62416.82
12066,Parrish,Michael,IT,98159.14
5757,Morrison,Megan,Legal,78350.99
14989,Richards,Matthew,IT,60555.66
12628,Sellers,Madison,IT,97669.92
5012,Ward,Michael,Legal,72428.75
14616,Cole,Monique,Legal,124633.09
12407,Smith,Michaela,IT,94863.79
5354,Adams,Michael,Legal,71532.21
14580,Fitzgerald,Maria,Legal,120420.34
12314,Bennett,Mario,IT,93915.52
5654,Wyatt,Marcus,Legal,70264.43
14973,Greene,Mark,Legal,119221.68
12578,Key,Michael,IT,87982.0
5746,Ross,Michael,Legal,66128.93
14941,Lopez,Mckenzie,Legal,114946.88
12429,Campbell,Monica,IT,87861.99
5394,Davis,Molly,Legal,65444.43
14082,Gray,Michael,Legal,102754.99
12452,Ryan,Mariah,IT,84600.48
5611,Hill,Micheal,Marketing,98430.7
14505,Kelly,Megan,Legal,98398.52
12617,Tucker,Makayla,IT,81611.23
5725,Ray,Melissa,Marketing,95108.34
14398,Carter,Mary,Legal,98028.46
12562,Jones,Mary,IT,78288.9
5395,Bond,Mason,Marketing,94024.52
14335,Morgan,Morgan,Legal,96374.85
12386,Garcia,Michelle,IT,75477.05
5817,Wood,Morgan,Marketing,88204.93
14360,Hester,Marisa,Legal,92390.96
12395,Anderson,Mckenzie,IT,75442.74
5653,Aguilar,Michael,Marketing,84205.87
14022,Jackson,Mark,Legal,92007.69
12610,Gay,Mary,IT,75049.92
5405,Hoover,Mark,Marketing,61374.6
14713,Walls,Melissa,Legal,83803.25
12020,Fletcher,Michelle,IT,69331.69
5712,Benson,Melissa,Marketing,57564.08
14357,Jones,Matthew,Legal,81107.58
12887,Garcia,Maria,IT,61897.13
5430,Wang,Mary,Marketing,54118.02
14567,Brown,Michele,Legal,69027.58
12356,Johnson,Mark,Legal,118326.77
5992,Smith,Marisa,Marketing,52795.82
14984,Gray,Michael,Legal,66365.96
12721,Rodriguez,Michael,Legal,99422.22
5284,Wilson,Michele,Marketing,50501.06
14965,Dalton,Matthew,Marketing,97917.05
12874,Palmer,Mark,Legal,98350.3
5672,Duarte,Mary,Marketing,50462.24
14322,Rogers,Micheal,Marketing,97802.41
12087,Garcia,Madison,Legal,97420.38
5307,Miller,Megan,Sales,87877.0
14494,Clark,Monica,Marketing,94789.92
12486,Mueller,Michael,Legal,96347.8
5837,Russo,Matthew,Sales,84911.3
14870,Rivera,Megan,Marketing,91068.16
12973,Martin,Marie,Legal,91035.2
5468,Pena,Mary,Sales,81810.83
14266,Flynn,Megan,Marketing,84092.16
12703,Wilson,Michael,Legal,80672.49
5820,Hernandez,Melissa,Sales,79632.35
14192,Melton,Matthew,Marketing,80128.37
12711,Gallagher,Michael,Legal,77835.58
5803,Clarke,Matthew,Sales,75402.84
14851,Cuevas,Michael,Marketing,72193.34
12633,Miranda,Megan,Legal,72917.53
5584,Jackson,Michael,Sales,73215.06
14826,Phillips,Melissa,Marketing,69773.91
12500,Baker,Michael,Legal,72357.21
5146,Booker,Mary,Sales,69766.15
14402,Meyer,Monica,Marketing,62924.57
12357,Ballard,Melinda,Legal,69365.12
5580,Aguirre,Mike,Sales,66826.43
14320,Jackson,Matthew,Sales,87330.11
12627,Ball,Morgan,Marketing,97939.6
5588,Ellis,Matthew,Sales,65708.58
14380,Cordova,Michael,Sales,85946.14
12816,Anderson,Melissa,Marketing,95625.77
5064,Marquez,Michelle,Sales,64314.46
14240,Short,Matthew,Sales,83717.7
12990,Silva,Michael,Marketing,94621.06
5076,Boone,Matthew,Sales,59178.35
14073,Reid,Matthew,Sales,82911.12
12862,Welch,Matthew,Marketing,90451.94
5024,Martinez,Mary,Sales,57729.37
14901,Fox,Michael,Sales,81918.34
12402,Johnson,Mary,Marketing,81913.48
5131,Wilson,Marissa,Sales,55247.94
14930,King,Mark,Sales,79798.72
12744,Aguirre,Morgan,Marketing,76950.22
5054,Campos,Mary,Sales,53809.61
14054,Watkins,Mary,Sales,78243.84
12040,Burns,Mckenzie,Marketing,76438.39
5608,Phelps,Michael,Sales,53610.56
14869,Carter,Meredith,Sales,72657.59
12783,Williams,Melissa,Marketing,71266.29
5847,Taylor,Melissa,Sales,48684.86
14615,Coleman,Michael,Sales,69967.22
12693,Mercer,Melanie,Marketing,71079.31
5540,Lynch,Michael,Sales,46640.96
14619,Carrillo,Misty,Sales,68649.11
12377,Gill,Margaret,Marketing,57657.19
5591,Brown,Meghan,Support,78583.82
14163,Carter,Michael,Sales,63225.04
12947,Logan,Maria,Marketing,55147.58
5167,White,Michael,Support,63220.69
14800,Wagner,Matthew,Sales,59295.26
12799,Jones,Michael,Marketing,50789.86
5484,Lane,Mary,Support,60405.81
14940,Smith,Melissa,Sales,58164.01
12069,Holden,Megan,Sales,86160.46
5154,Fernandez,Melanie,Support,57909.74
14208,Braun,Madison,Sales,51500.78
12771,Washington,Michelle,Sales,85728.04
5411,Moss,Miranda,Support,56047.96
14798,Sanchez,Michele,Sales,47647.12
12499,Vega,Miguel,Sales,85576.71
5882,Berry,Michael,Support,55378.79
14964,Young,Mark,Sales,46586.87
12177,Brewer,Megan,Sales,85506.58
5789,Bolton,Michael,Support,53488.53
14364,Lopez,Melanie,Support,79950.17
12513,Weaver,Melvin,Sales,85110.68
6000,Mills,Maria,Support,52123.35
14717,Houston,Mariah,Support,78902.29
12102,Russell,Mark,Sales,82680.81
5677,Chan,Michael,Support,45930.22
14693,Vargas,Michele,Support,77518.02
12139,Rodriguez,Madison,Sales,64892.23
5787,Hicks,Mary,Support,42988.08
14081,Mack,Monica,Support,72809.87
12246,Diaz,Michael,Sales,63622.21
5434,King,Madeline,Support,40639.95
14722,Stone,Michelle,Support,70211.3
12179,Fernandez,Michael,Sales,58881.85
14459,Moore,Matthew,Support,68492.11
12457,Gallegos,Matthew,Sales,56833.13
14645,Campbell,Mary,Support,67705.9
12432,Jensen,Michael,Sales,52617.05
14118,Cabrera,Michael,Support,67050.57
12473,Campos,Michael,Sales,52129.66
14835,Anderson,Michael,Support,64472.1
12451,Jones,Michael,Sales,49441.87
14923,Gibson,Melanie,Support,63652.85
12347,Campbell,Matthew,Support,77616.92
14007,Knapp,Michael,Support,57804.42
12959,Jones,Madison,Support,75508.41
14013,Olson,Mark,Support,53820.43
12266,Brock,Matthew,Support,71253.61
14296,Rollins,Matthew,Support,48941.04
12748,Collins,Morgan,Support,67977.19
14110,Le,Michele,Support,48855.79
12590,Cruz,Megan,Support,67874.88
14134,Murphy,Megan,Support,46384.39
12608,Anderson,Michelle,Support,67210.98
14589,Hughes,Melissa,Support,45089.29
12756,Reilly,Micheal,Support,62632.47
14994,Miles,Mark,Support,44755.54
12200,Robinson,Michael,Support,57315.36
11504,Farmer,Marc,Engineering,115911.69
12142,Martin,Mary,Support,54895.52
11871,Fowler,Mary,Engineering,115430.86
12524,Campbell,Marcia,Support,50605.94
11443,Dean,Melissa,Engineering,113239.54
12054,Bell,Meredith,Support,46839.36
11282,Cabrera,Miranda,Engineering,100166.99
12935,Strong,Michele,Support,43581.41
11136,Evans,Megan,Engineering,95871.97
12962,Sims,Michelle,Support,41442.76
11099,Hayes,Mary,Engineering,92163.99
13329,Myers,Melinda,Engineering,115107.43
11691,Ford,Matthew,Engineering,85570.76
13263,Allison,Michele,Engineering,114218.99
11813,Molina,Marvin,Engineering,83901.88
13779,Patterson,Michael,Engineering,113457.4
11556,Rogers,Manuel,Engineering,75653.3
13003,Brewer,Michelle,Engineering,112976.99
11242,Frost,Marcus,Engineering,63800.91
13198,Cannon,Meghan,Engineering,111795.66
11307,Newton,Mario,Engineering,60376.52
13462,Foster,Mark,Engineering,109420.64
11008,King,Michael,Finance,106767.18
13995,Cruz,Mary,Engineering,106301.86
11144,Robles,Mary,Finance,101618.26
13415,Jordan,Manuel,Engineering,104733.1
11899,Rosales,Mary,Finance,99238.27
13560,Duncan,Madeline,Engineering,103078.77
11850,White,Michael,Finance,90050.89
13439,Harrington,Michelle,Engineering,96467.6
11082,Perez,Michael,Finance,86806.2
13215,Choi,Meagan,Engineering,89636.23
11576,Steele,Mary,Finance,71446.58
13358,Hayden,Michael,Engineering,83484.0
11310,Haas,Mark,Finance,68120.88
13838,Lambert,Morgan,Engineering,70963.43
11489,Rogers,Michelle,Finance,65245.82
13691,Myers,Margaret,Engineering,65881.16
11366,Gibson,Melissa,Finance,65111.78
13713,Dalton,Mary,Engineering,62907.84
11932,Johnson,Michael,Finance,63470.37
13111,Castillo,Mark,Finance,109509.09
11796,York,Megan,Finance,59394.73
13733,Lawrence,Melissa,Finance,108035.86
11737,Charles,Makayla,Finance,58140.2
13237,Montgomery,Maria,Finance,105971.16
11061,Moore,Mitchell,HR,94385.41
13233,Taylor,Michelle,Finance,102495.03
11497,Miller,Misty,HR,93557.1
13220,Mendoza,Monica,Finance,97041.3
11943,Price,Michael,HR,89495.05
13925,Smith,Marilyn,Finance,96023.11
11234,Jones,Michael,HR,79143.39
13748,Campbell,Misty,Finance,95508.05
11207,Fry,Mason,HR,77330.13
13341,Jenkins,Monica,Finance,87073.31
11535,Farmer,Monica,HR,75633.75
13319,Jenkins,Michelle,Finance,84826.66
11261,Andrews,Matthew,HR,73967.72
13854,Burton,Michael,Finance,76531.23
11972,Williams,Michelle,HR,59788.74
13500,Medina,Michael,Finance,64890.33
11384,Long,Melissa,HR,59194.66
13804,Mccormick,Mark,Finance,62776.21
11887,Fitzpatrick,Melissa,HR,50788.61
13062,Copeland,Michelle,Finance,58513.85
11643,Gonzalez,Michael,IT,113864.21
13939,Walters,Margaret,Finance,57462.0
11841,Hanson,Michael,IT,109349.14
13952,Davis,Melissa,HR,93848.45
11022,Clark,Michael,IT,108249.08
13540,Rivera,Michelle,HR,89005.42
11662,Leach,Mary,IT,107926.5
13184,Merritt,Melanie,HR,86532.94
11499,Callahan,Mario,IT,103446.77
13326,Richardson,Mark,HR,85044.11
11248,Dyer,Michael,IT,83115.32
13471,Flores,Michelle,HR,82929.61
11650,Adams,Mitchell,IT,82416.67
13269,Cole,Matthew,HR,82337.86
11510,Spencer,Monique,IT,77476.15
13020,Hayes,Makayla,HR,71655.83
11640,Love,Melinda,IT,74741.19
13896,Reid,Mary,HR,69816.73
11879,Flores,Maria,IT,69700.08
13405,Cruz,Madison,HR,64375.44
11113,Adkins,Matthew,IT,68549.59
13096,Berg,Miguel,HR,61642.7
11055,Lewis,Meagan,IT,66229.76
13313,Flowers,Michael,HR,53054.01
11607,Adams,Matthew,IT,64349.91
13116,Abbott,Mary,HR,51970.61
11278,Ball,Mathew,IT,62695.39
13373,Brooks,Michael,HR,51952.83
11464,Bryant,Mary,IT,61380.18
13352,Rogers,Maria,IT,114686.46
11799,Haney,Morgan,Legal,119997.22
13527,Anderson,Mark,IT,105607.88
11754,Davis,Meredith,Legal,117085.82
13131,Gibson,Michael,IT,101561.57
11067,Griffin,Maria,Legal,111859.16
13378,Lutz,Madison,IT,100166.5
11575,Reynolds,Michael,Legal,102814.55
13402,Perez,Megan,IT,95348.48
11400,Saunders,Maria,Legal,101437.88
13473,Anderson,Meredith,IT,95179.18
11088,Wiggins,Mark,Legal,97490.4
13968,Smith,Mark,IT,90554.74
11513,Jenkins,Mike,Legal,88720.48
13090,Castillo,Mark,IT,87713.7
11393,Mack,Michael,Legal,86979.23
13824,Olson,Mark,IT,86651.49
11819,Weber,Margaret,Legal,78639.77
13392,Yates,Matthew,IT,82025.99
11456,Gillespie,Miranda,Legal,70439.66
13651,Johnson,Marcus,IT,72613.08
11345,Harris,Maria,Legal,68707.83
13014,Vargas,Michael,IT,69679.27
11939,Caldwell,Melody,Legal,65508.86
13252,Singh,Melissa,IT,66638.04
11246,Sutton,Matthew,Marketing,95507.7
13819,Allen,Mary,Legal,121724.75
11129,Phillips,Michelle,Marketing,95059.64
13447,Hernandez,Mason,Legal,120359.68
11712,Francis,Mary,Marketing,88542.83
13013,Keith,Mark,Legal,118989.54
11997,Price,Michele,Marketing,73457.75
13698,Pope,Matthew,Legal,111565.32
11193,Riley,Matthew,Marketing,72988.15
13463,Smith,Megan,Legal,103777.86
11465,Perez,Meghan,Marketing,70990.17
13963,Mcclure,Michael,Legal,101902.74
11665,Warner,Malik,Marketing,67129.57
13552,Young,Martha,Legal,96485.18
11392,Miller,Michael,Marketing,65174.89
13558,Bailey,Michael,Legal,95906.1
11444,Baird,Monica,Marketing,61384.51
13791,House,Michael,Legal,90787.18
11636,Lowe,Melody,Marketing,61211.47
13138,Serrano,Matthew,Legal,89403.78
11773,Lam,Michael,Marketing,59528.02
13474,Mullen,Madison,Legal,82043.37
11625,Daniel,Michael,Marketing,56261.11
13072,Martinez,Madison,Legal,80819.68
11820,Foster,Michael,Marketing,54418.92
13899,Robinson,Martha,Legal,77029.01
11206,Smith,Michael,Marketing,53564.66
13084,Richardson,Mark,Legal,74266.82
11808,Anderson,Megan,Sales,81526.6
13028,Cardenas,Mary,Marketing,93825.9
11549,Rubio,Marcus,Sales,79620.99
13788,Brown,Maria,Marketing,93287.91
11518,Cole,Miranda,Sales,79106.88
13832,Crawford,Mark,Marketing,77566.62
11767,Moore,Michael,Sales,75559.79
13153,Gutierrez,Maria,Marketing,73388.98
11687,Brown,Matthew,Sales,72365.51
13322,Webb,Mary,Marketing,66348.41
11931,Rodriguez,Mary,Sales,67916.54
13564,Aguilar,Megan,Marketing,65212.67
11348,Jones,Margaret,Sales,57913.51
13532,Dixon,Michael,Sales,89382.64
11989,Hartman,Madison,Sales,57768.0
13931,Ward,Michael,Sales,89180.05
11765,Glover,Misty,Sales,55916.39
13960,Lopez,Michelle,Sales,84792.07
11210,Ryan,Matthew,Sales,55596.65
13409,Erickson,Melissa,Sales,84318.62
11858,Lang,Mikayla,Sales,48851.41
13045,Gates,Michael,Sales,80540.55
11774,Garza,Michael,Sales,48019.97
13827,Salazar,Melanie,Sales,78288.34
11614,Murillo,Mark,Sales,47026.97
13253,Mitchell,Miguel,Sales,71834.16
11367,Anthony,Mark,Sales,46048.27
13587,Tucker,Michelle,Sales,60035.26
11298,Hopkins,Mitchell,Support,76256.75
13639,Sullivan,Margaret,Sales,58232.97
11105,Martin,Margaret,Support,74880.62
13892,Nguyen,Mario,Sales,57558.92
11243,Lowery,Mary,Support,74278.02
13894,Johnson,Mary,Sales,53608.39
11853,Wright,Marissa,Support,72140.67
13687,Hardy,Matthew,Sales,50950.69
11180,Serrano,Michael,Support,69132.85
13320,Brown,Mary,Sales,48277.0
11084,Boyd,Melissa,Support,66640.68
13901,Sutton,Matthew,Sales,48046.64
11026,Parks,Margaret,Support,58715.31
13841,Gutierrez,Megan,Support,79082.78
11942,Romero,Melissa,Support,58007.05
13790,Richardson,Michelle,Support,76119.78
11222,Rivera,Michael,Support,55722.26
13078,Dunn,Michael,Support,68505.26
11260,Hart,Michele,Support,48984.49
13489,Martinez,Mark,Support,67246.74
11854,Hanna,Marissa,Support,46391.08
13608,Melton,Mary,Support,64328.51
505,Johnson,Misty,Engineering,118974.58
13472,Campbell,Matthew,Support,63311.99
942,Madden,Mary,Engineering,114704.45
13321,Thomas,Michelle,Support,61084.05
510,Boyd,Megan,Engineering,112948.09
13147,Wells,Matthew,Support,60844.11
614,Fisher,Michaela,Engineering,106860.01
13029,Rodriguez,Melinda,Support,60661.02
655,Patel,Michael,Engineering,102141.09
13053,Bass,Mark,Support,54568.98
933,Hall,Marie,Engineering,93121.55
13877,Johnson,Monica,Support,52746.1
100,Gonzalez,Michele,Engineering,81800.55
13229,Rodriguez,Mary,Support,51606.59
647,Gibson,Mark,Engineering,81741.49
13427,Martinez,Matthew,Support,49315.17
158,Sullivan,Melanie,Engineering,77436.12
13789,Collins,Melody,Support,45236.24
143,Hudson,Mary,Engineering,76399.74
13428,Kennedy,Melissa,Support,41903.14
920,Gibbs,Michelle,Engineering,74390.93
13208,Jennings,Michael,Support,41599.12
308,Barnett,Matthew,Engineering,68263.16
6662,Sandoval,Monica,Engineering,111233.11
249,Stewart,Michele,Finance,106828.9
6045,Callahan,Meredith,Engineering,105246.1
272,Jackson,Melissa,Finance,102558.49
6013,Frederick,Mark,Engineering,101998.84
255,Torres,Matthew,Finance,93766.23
6999,Mcconnell,Michael,Engineering,94109.42
57,Parks,Martha,Finance,92565.8
6893,Smith,Martin,Engineering,93517.21
277,White,Marcus,Finance,91446.22
6819,Johnson,Melissa,Engineering,88374.27
101,Powell,Megan,Finance,88277.29
6115,Miller,Miranda,Engineering,84548.93
798,Farmer,Mikayla,Finance,81695.53
6005,Martinez,Melissa,Engineering,82969.49
710,Sanders,Marvin,Finance,78352.99
6374,Howard,Michelle,Engineering,81992.35
331,Long,Melissa,Finance,76622.74
6977,Mccarthy,Mark,Engineering,79446.08
701,Ramos,Marissa,Finance,75762.28
6820,Shelton,Michael,Engineering,68255.32
977,Blair,Melanie,Finance,73094.72
6648,Williams,Megan,Engineering,67245.33
109,Gaines,Michelle,Finance,70643.96
6315,Kim,Michael,Engineering,62429.62
902,Moore,Michele,Finance,70600.4
6800,Gamble,Michael,Finance,108205.2
894,Moreno,Michelle,Finance,70042.73
6834,Johnson,Melissa,Finance,97706.46
25,Peters,Misty,Finance,66487.72
6637,Garcia,Melissa,Finance,91040.48
988,Wilson,Margaret,Finance,64155.07
6023,Sanchez,Mark,Finance,83851.32
6,Young,Matthew,Finance,62481.5
6784,Robbins,Michele,Finance,82694.19
565,Quinn,Mark,Finance,60864.28
6992,Thomas,Melinda,Finance,78269.82
399,Sawyer,Maria,Finance,55717.4
6747,Johnson,Marissa,Finance,77975.58
389,Shields,Marisa,HR,90327.48
6708,Johnson,Morgan,Finance,76810.16
772,Reed,Mark,HR,87520.56
6968,Curry,Michelle,Finance,65098.42
94,Walker,Melanie,HR,87312.42
6459,Miller,Michael,Finance,63319.12
283,Chavez,Michael,HR,82207.85
6861,Cunningham,Matthew,Finance,63251.98
165,Weeks,Michael,HR,79364.28
6761,Tate,Michael,Finance,61365.11
40,Perry,Michelle,HR,70668.96
6372,Campbell,Mary,Finance,55902.49
615,Boone,Mikayla,HR,65039.91
6295,Garcia,Mary,HR,92868.89
233,Wagner,Michael,HR,59270.89
6220,Young,Matthew,HR,89896.87
172,Jones,Madeline,HR,57739.5
6921,Watson,Michael,HR,85888.93
511,Garner,Michael,HR,56818.3
6339,Bradford,Michael,HR,80183.04
523,Martin,Michael,HR,56448.87
6840,Reyes,Molly,HR,74912.66
883,Hamilton,Mary,HR,53590.04
6198,Mitchell,Michael,HR,72850.45
723,Garcia,Miranda,HR,51631.51
6982,Sanders,Michael,HR,70891.34
63,Mcclain,Michael,IT,113981.92
6646,Smith,Matthew,HR,66652.27
102,Cooley,Manuel,IT,105302.76
6650,Duffy,Matthew,HR,64852.15
83,Hodge,Mark,IT,102077.61
6626,Sandoval,Mary,HR,62242.34
716,Alexander,Monica,IT,95379.32
6595,Martin,Michael,HR,55262.75
435,Harris,Michael,IT,89901.33
6452,Robinson,Mark,HR,50593.41
924,Peterson,Mark,IT,85000.7
6799,Vance,Mark,HR,50326.85
904,Walker,Michael,IT,81851.48
6117,Garrett,Melissa,IT,111624.01
782,Mills,Miguel,IT,78325.63
6074,Richardson,Miranda,IT,106748.21
586,Luna,Maria,IT,76336.21
6598,Bell,Morgan,IT,103771.68
732,Chapman,Maria,IT,75588.55
6382,Holmes,Mark,IT,103651.6
905,Harper,Mike,IT,66861.68
6803,Peterson,Michael,IT,100338.64
360,Garcia,Matthew,IT,63984.11
6449,Fields,Margaret,IT,94823.25
5,Miller,Maria,IT,63528.69
6250,Vargas,Michael,IT,94603.5
131,Pena,Melissa,Legal,110740.28
6325,Lamb,Melanie,IT,91701.2
987,Monroe,Maria,Legal,109884.84
6364,Lozano,Michael,IT,87493.01
193,Kelly,Matthew,Legal,105524.43
6809,Rogers,Margaret,IT,87434.81
638,Flores,Michele,Legal,102860.79
6641,Meyer,Matthew,IT,83788.71
21,Garcia,Matthew,Legal,99368.07
6291,Montes,Michael,IT,82453.14
203,Bell,Monica,Legal,97335.09
6359,Schroeder,Michelle,IT,80460.68
800,Palmer,Mario,Legal,96083.05
6541,Moon,Monica,IT,79598.75
740,Mullins,Michael,Legal,91762.63
6547,Alvarado,Mary,IT,72066.84
161,Kim,Michael,Legal,90061.05
6831,Black,Meghan,IT,68170.92
35,Black,Megan,Legal,84663.67
6454,Maldonado,Matthew,IT,66366.04
629,Doyle,Mikayla,Legal,83861.02
6569,Davis,Michelle,IT,64364.45
75,Page,Michelle,Legal,73174.07
6281,Whitney,Matthew,IT,63488.81
159,Kelly,Michael,Legal,71145.98
6518,Smith,Michael,IT,61622.45
580,West,Matthew,Legal,65673.07
6796,Berger,Mary,Legal,121315.14
216,Garcia,Matthew,Marketing,99860.11
6026,Guzman,Marcus,Legal,119157.4
104,Larsen,Mary,Marketing,95312.04
6113,Montoya,Michael,Legal,118622.74
826,Rangel,Michael,Marketing,83749.11
6736,Lewis,Maria,Legal,112600.35
392,Ashley,Megan,Marketing,77695.97
6715,Black,Michael,Legal,111255.24
153,Sandoval,Michele,Marketing,66752.48
6409,Cook,Morgan,Legal,99732.05
545,Price,Maxwell,Marketing,64404.09
6713,Barron,Margaret,Legal,97245.05
364,Mcguire,Mark,Marketing,60784.66
6854,Knapp,Melissa,Legal,95020.56
947,Acosta,Michael,Marketing,59209.69
6075,Torres,Michael,Legal,91138.86
17,Turner,Megan,Marketing,55347.12
6777,Bailey,Matthew,Legal,89635.68
893,Watson,Megan,Sales,78760.35
6645,Mccall,Melanie,Legal,84160.05
266,Reyes,Molly,Sales,76130.43
6556,Howard,Michelle,Legal,76989.78
596,Morris,Morgan,Sales,72911.35
6601,Collins,Michelle,Legal,71365.38
53,Garcia,Mark,Sales,71286.38
6883,Madden,Michael,Legal,67677.13
215,Bradley,Mariah,Sales,69641.58
6042,King,Michael,Legal,65977.3
875,Douglas,Melissa,Sales,68245.37
6060,Goodman,Mary,Marketing,99700.6
36,Klein,Matthew,Sales,63300.33
6890,Lawson,Michael,Marketing,97407.21
251,Holmes,Michael,Sales,62012.17
6734,Reed,Michelle,Marketing,93297.51
212,Scott,Michael,Sales,62010.26
6173,Robertson,Maureen,Marketing,92418.06
376,Benson,Michael,Sales,59182.23
6916,Sullivan,Molly,Marketing,89502.11
959,Vasquez,Miranda,Sales,56624.48
6292,Wilson,Mark,Marketing,80927.05
357,Miller,Megan,Sales,55867.12
6570,Nelson,Marilyn,Marketing,78265.24
345,Ryan,Margaret,Sales,55665.97
6033,Aguilar,Matthew,Marketing,77187.23
817,Hill,Mary,Sales,54135.57
6644,Stokes,Megan,Marketing,76419.2
531,Brown,Michelle,Sales,53724.65
6724,Keith,Mary,Marketing,75165.57
43,Perez,Michele,Sales,53630.72
6885,Merritt,Matthew,Marketing,69986.5
440,Willis,Michael,Sales,48584.39
6549,Brown,Matthew,Marketing,68131.74
507,Taylor,Makayla,Support,79652.55
6349,Lewis,Matthew,Marketing,66982.65
503,Sullivan,Martin,Support,76981.92
6788,Howard,Mary,Marketing,64798.16
496,Morrison,Melissa,Support,72323.79
6010,Martin,Mary,Marketing,64698.36
717,Rodriguez,Matthew,Support,71989.59
6827,Taylor,Matthew,Marketing,60968.9
593,Martin,Melissa,Support,69597.79
6305,Mercer,Matthew,Marketing,56661.02
651,Hayes,Mark,Support,69068.62
6822,Reilly,Martha,Marketing,52041.44
351,Faulkner,Michelle,Support,67046.6
6167,Martinez,Michael,Sales,85808.27
513,Carey,Michael,Support,64946.06
6203,Hall,Michael,Sales,83724.47
16,Murphy,Michael,Support,64298.91
6846,Gallagher,Michele,Sales,75225.12
636,Smith,Mary,Support,61854.93
6389,Wade,Matthew,Sales,72065.6
982,Johnson,Marie,Support,60577.21
6607,Hale,Megan,Sales,71218.15
343,Johnson,Melissa,Support,58828.3
6720,Stanton,Melissa,Sales,70867.01
639,Phillips,Michael,Support,56914.94
6313,Garcia,Mckenzie,Sales,65263.8
455,Hughes,Michael,Support,52648.68
6920,Gardner,Maria,Sales,64173.53
868,Campbell,Michael,Support,49770.42
6763,Williams,Mercedes,Support,72074.56
2739,Clarke,Marc,Engineering,114135.93
6987,Mullen,Michelle,Support,53376.37
2094,Barron,Matthew,Engineering,109759.88
6752,Parker,Molly,Support,51657.81
2132,Rivers,Michael,Engineering,109710.14
6267,Fox,Mark,Support,49685.26
2907,Smith,Melissa,Engineering,102790.62
6489,Walton,Madison,Support,49435.96
2078,Smith,Misty,Engineering,92840.68
6201,White,Michael,Support,46330.74
2594,Daniel,Madison,Engineering,78701.87
6823,Nguyen,Mary,Support,45177.02
2005,Young,Miranda,Engineering,69301.15
6410,Jacobs,Mary,Support,42775.01
2920,Stewart,Melanie,Engineering,64408.58
6222,Whitaker,Matthew,Support,41484.9
2832,Brooks,Melissa,Engineering,63815.76
3152,Odom,Maria,Engineering,111565.19
2485,Harrington,Matthew,Finance,105659.13
3846,Shepherd,Margaret,Engineering,111219.04
2385,Craig,Monica,Finance,99220.02
3829,Palmer,Molly,Engineering,108634.86
2713,Holloway,Melinda,Finance,96423.64
3584,Johnson,Melinda,Engineering,107541.08
2165,James,Mary,Finance,96121.26
3032,Nelson,Marcus,Engineering,96639.18
2887,Young,Marco,Finance,92504.46
3014,Stone,Megan,Engineering,84221.08
2717,Carey,Matthew,Finance,88031.78
3235,Walker,Marc,Engineering,74144.92
2527,Freeman,Mary,Finance,65460.03
3415,Davis,Martin,Engineering,73484.36
2769,Johnson,Mathew,Finance,61701.87
3342,Higgins,Michael,Finance,104907.98
2523,Scott,Mark,Finance,56864.6
3414,Woodward,Mallory,Finance,102881.72
2880,Campbell,Michael,HR,93784.61
3009,Moore,Matthew,Finance,101257.9
2433,Cooper,Makayla,HR,90698.82
3997,Peters,Michael,Finance,99567.49
2110,Diaz,Meagan,HR,80289.23
3600,Morales,Matthew,Finance,98538.79
2701,Berry,Michelle,HR,74721.64
3162,Day,Matthew,Finance,88468.14
2517,Rodriguez,Maria,HR,74100.2
3516,Leonard,Meredith,Finance,86613.85
2374,Gray,Maxwell,HR,72418.84
3625,West,Mark,Finance,86495.47
2201,Smith,Michael,HR,67759.83
3772,Johnson,Mariah,Finance,85655.03
2288,Miller,Melanie,HR,67267.14
3801,Nielsen,Mary,Finance,83941.18
2624,Larsen,Matthew,HR,62260.27
3650,Frazier,Marcus,Finance,82908.9
2729,Walters,Mike,HR,57288.54
3177,Fuentes,Matthew,Finance,82412.06
2885,Friedman,Michael,IT,113270.4
3955,Chaney,Maria,Finance,81718.49
2828,Harris,Melissa,IT,111542.81
3344,Love,Meghan,Finance,81500.26
2026,Smith,Mark,IT,102400.28
3804,Bolton,Michele,Finance,80090.3
2883,Lopez,Mitchell,IT,101956.44
3747,Collins,Melissa,Finance,79053.41
2611,Carlson,Michael,IT,90535.69
3444,Walsh,Michael,Finance,77022.69
2493,Brown,Michelle,IT,86933.15
3701,Price,Maria,Finance,73256.57
2372,Turner,Michael,IT,85605.85
3278,Perry,Michael,Finance,69181.43
2209,Dorsey,Matthew,IT,76766.22
3031,Cunningham,Matthew,Finance,67332.34
2977,Day,Michael,IT,73566.81
3652,Williams,Matthew,Finance,65768.05
2313,Mccann,Michael,IT,64125.33
3886,Zuniga,Melissa,Finance,62140.46
2491,Hall,Mary,IT,62405.54
3393,Scott,Michael,HR,92685.56
2886,Frederick,Marie,IT,61311.19
3692,Tapia,Michael,HR,92307.6
2582,Spears,Matthew,Legal,123493.46
3810,Mathews,Michael,HR,89206.69
2006,Peterson,Michael,Legal,104825.98
3092,Simmons,Melissa,HR,72433.61
2299,Hill,Melanie,Legal,85185.14
3653,Morrow,Morgan,HR,64214.97
2329,Melton,Matthew,Legal,83037.75
3703,Potts,Meredith,HR,61230.6
2718,Wood,Matthew,Legal,78974.22
3766,Short,Melissa,HR,60206.16
2562,Smith,Michael,Legal,77442.5
3102,Reid,Michael,IT,107272.57
2813,Hernandez,Michael,Legal,74954.01
3837,Mcintyre,Michelle,IT,105641.87
2212,Booth,Michelle,Legal,68950.47
3781,Jones,Martin,IT,105599.34
2441,Richardson,Madeline,Legal,68352.95
3190,Green,Michael,IT,104881.22
2113,Williams,Mitchell,Marketing,99691.16
3171,Sanchez,Marcus,IT,100422.85
2347,Thompson,Melanie,Marketing,98668.05
3407,Webb,Michael,IT,92138.94
2427,Joyce,Madison,Marketing,90239.46
3951,Williams,Meghan,IT,80372.97
2793,Peterson,Matthew,Marketing,90062.84
3532,Schmidt,Michael,IT,78874.05
2315,Nichols,Mary,Marketing,87259.82
3968,Hall,Maria,IT,78559.15
2480,Young,Michael,Marketing,74949.38
3514,Jones,Megan,IT,72742.37
2366,Burns,Michael,Marketing,73072.48
3242,Wheeler,Melissa,IT,72078.0
2227,Silva,Michael,Marketing,69524.04
3980,Cantu,Miranda,IT,67872.34
2343,Adkins,Matthew,Marketing,62044.08
3299,Lutz,Mark,IT,62944.56
2202,Davis,Michael,Marketing,60350.1
3212,Smith,Megan,Legal,122755.82
2844,Welch,Meagan,Marketing,55963.3
3191,Johnson,Matthew,Legal,106877.6
2672,Logan,Mariah,Marketing,54298.73
3535,Rush,Margaret,Legal,104310.28
2664,Estrada,Michael,Sales,89251.6
3203,Gonzalez,Mark,Legal,102493.32
2834,Newton,Mary,Sales,89211.9
3989,Jones,Megan,Legal,101973.99
2245,Townsend,Martin,Sales,82093.57
3176,Short,Melissa,Legal,101769.87
2726,Benjamin,Mario,Sales,72431.42
3359,Howard,Marc,Legal,99239.91
2565,Washington,Michael,Sales,68951.45
3416,James,Martha,Legal,97149.09
2667,Anderson,Melvin,Sales,63696.04
3122,Alexander,Madison,Legal,84845.87
2028,Brock,Michelle,Sales,60044.74
3120,Osborne,Michelle,Legal,81834.18
2688,Chapman,Melissa,Sales,59463.59
3880,Byrd,Mark,Legal,80988.04
2086,Jones,Melanie,Sales,45788.22
3950,Black,Michael,Legal,69303.58
2421,May,Megan,Support,79220.83
3684,Nunez,Martin,Marketing,98054.39
2414,Dean,Matthew,Support,76613.07
3277,Taylor,Michael,Marketing,92477.08
2909,Jones,Miguel,Support,75092.89
3223,Adams,Michelle,Marketing,90111.28
2743,Tucker,Megan,Support,73967.97
3153,Smith,Matthew,Marketing,88949.2
2018,Summers,Margaret,Support,69749.5
3963,Conrad,Mary,Marketing,82833.12
2987,Estes,Michael,Support,69070.72
3206,Hall,Mary,Marketing,81887.33
2861,Mckenzie,Melissa,Support,67953.54
3045,Colon,Monica,Marketing,79874.87
2948,Estes,Michelle,Support,57784.54
3318,Adkins,Martin,Marketing,69827.35
2550,Key,Michael,Support,57471.1
3809,Fowler,Melissa,Marketing,69052.13
2303,Smith,Mark,Support,57088.4
3694,Taylor,Michael,Marketing,67004.51
2508,Green,Mark,Support,56580.36
3702,Rice,Michael,Marketing,66823.37
2765,Richard,Megan,Support,52603.89
3451,Bentley,Megan,Marketing,64869.4
2424,Thomas,Mary,Support,52045.47
3419,Cole,Matthew,Marketing,62908.19
2057,Brewer,Michael,Support,49764.27
3822,Reynolds,Melanie,Marketing,53928.05
2091,Farley,Mary,Support,44859.85
3406,Perez,Mark,Marketing,52246.29
8757,Stone,Mitchell,Engineering,116990.52
3202,Moreno,Morgan,Sales,87603.4
8517,Gibson,Mariah,Engineering,109546.72
3855,Cole,Michael,Sales,86902.17
8928,Price,Marie,Engineering,106777.7
3307,Love,Michelle,Sales,85610.38
8526,Smith,Mark,Engineering,103263.97
3987,Miller,Mark,Sales,80716.7
8352,Merritt,Melissa,Engineering,99611.67
3264,Gray,Maria,Sales,74008.48
8637,Robinson,Michael,Engineering,99179.99
3531,Cole,Marvin,Sales,70405.68
8691,Michael,Monica,Engineering,99054.66
3556,Peterson,Marie,Sales,63992.56
8499,Cunningham,Michelle,Engineering,98747.89
3256,Stanton,Matthew,Sales,57326.88
8882,Wilson,Michael,Engineering,94899.31
3981,Sharp,Melissa,Sales,57158.52
8235,Austin,Michael,Engineering,88580.18
3151,Moore,Michael,Sales,51918.1
8379,Ferguson,Michael,Engineering,84627.07
3562,Krause,Mark,Support,79168.88
8081,Wilkins,Marc,Engineering,78419.96
3429,Ellis,Melinda,Support,76144.97
8985,Estes,Michelle,Engineering,74978.7
3263,Clarke,Mario,Support,75945.11
8320,Gutierrez,Misty,Engineering,74977.46
3873,Powell,Manuel,Support,72761.27
8182,Woodward,Matthew,Engineering,64496.12
3312,Taylor,Melvin,Support,71192.27
8116,Mullins,Martha,Engineering,62399.51
3504,Thompson,Monica,Support,68427.64
8394,Maxwell,Megan,Engineering,61798.11
3397,Mora,Melinda,Support,61367.78
8180,Giles,Mary,Engineering,61008.59
3208,Graham,Michael,Support,54656.63
8793,Grimes,Maria,Finance,103035.53
3054,Harris,Michael,Support,52834.12
8380,Vaughn,Michael,Finance,101845.68
3712,Burns,Marcia,Support,50338.78
8044,Reese,Micheal,Finance,98141.01
3776,Hall,Melanie,Support,48727.08
8295,Patel,Michelle,Finance,97776.07
3670,Smith,Michael,Support,46738.87
8834,Wiley,Michael,Finance,95978.73
8046,Mendoza,Melissa,Finance,90656.7
8798,Carter,Michael,Finance,89542.23
8920,Gilbert,Margaret,Finance,80778.42
8042,Thompson,Michael,Finance,76233.83
8591,Washington,Misty,Finance,75546.51
8023,Ryan,Mario,Finance,75210.68
8957,Duke,Monica,Finance,72737.63
8025,Murphy,Michael,Finance,57690.34
8485,Hayes,Matthew,Finance,56867.03
8862,Bailey,Matthew,HR,92050.04
8994,Morgan,Michael,HR,86009.16
8122,White,Michele,HR,79831.12
8592,Perry,Michael,HR,77202.08
8272,Boyer,Matthew,HR,76459.08
8600,Gilbert,Matthew,HR,73509.55
8138,Brooks,Mckenzie,HR,72827.79
8849,Pierce,Michael,HR,71409.81
8767,Heath,Marissa,HR,69205.55
8005,Bates,Melissa,HR,68520.74
8595,Gordon,Matthew,HR,67960.1
8938,Medina,Matthew,HR,64573.07
8208,Hayes,Mitchell,HR,64492.14
8150,Huynh,Matthew,IT,113656.73
8636,Schmidt,Matthew,IT,112963.53
8786,Kelly,Manuel,IT,102093.18
8322,Gray,Megan,IT,94850.05
8031,Erickson,Melissa,IT,93359.39
8736,Roman,Michael,IT,90708.62
8045,Lawson,Micheal,IT,86510.98
8409,Kirby,Mary,IT,69182.6
8425,Hayes,Madison,IT,66042.24
8911,Garcia,Mason,IT,63642.77
8625,Lopez,Mark,Legal,117358.28
8607,Pena,Melanie,Legal,116474.33
8343,Mack,Michelle,Legal,109845.13
8817,Gibbs,Matthew,Legal,102721.54
8856,Bradley,Megan,Legal,98830.95
8428,James,Melanie,Legal,95214.64
8531,Ortega,Matthew,Legal,93982.97
8706,Smith,Michael,Legal,93230.24
8789,Gordon,Madison,Legal,92464.68
8306,Ray,Martin,Legal,85958.88
8605,Mendez,Mitchell,Legal,85375.84
8140,Mata,Michelle,Legal,73117.03
8384,Travis,Matthew,Legal,70940.06
8929,Elliott,Michael,Legal,65770.91
8652,Hendricks,Molly,Legal,65658.05
8185,Sanchez,Mary,Marketing,94563.58
8176,Benitez,Molly,Marketing,93546.58
8358,Nolan,Mary,Marketing,92658.97
8594,Mercado,Michael,Marketing,92493.27
8066,Walker,Madison,Marketing,91579.14
8218,Hopkins,Michael,Marketing,80547.77
8234,Nelson,Michael,Marketing,76997.99
8423,Rollins,Michael,Marketing,76160.76
8824,Taylor,Mark,Marketing,66485.35
8999,Williams,Melissa,Marketing,65266.95
8583,Lopez,Mark,Marketing,62091.58
8216,Jackson,Megan,Marketing,61462.87
8367,Howard,Mark,Marketing,54363.17
8794,Green,Mindy,Marketing,54134.1
8921,Robinson,Michael,Marketing,50961.5
8134,Rice,Michael,Sales,87950.87
8722,Baker,Michelle,Sales,80027.04
8003,Burns,Matthew,Sales,71611.79
8307,Cox,Mariah,Sales,69344.84
8083,Garcia,Melvin,Sales,65408.8
8733,Walker,Michelle,Sales,63301.93
8894,Hicks,Melissa,Sales,57704.28
8914,Cooper,Melissa,Sales,54006.18
8922,Rogers,Melissa,Sales,48220.21
8201,Leonard,Matthew,Sales,48026.92
8964,Thomas,Matthew,Support,74052.28
8304,Zimmerman,Mary,Support,72218.96
8975,Gregory,Michael,Support,64891.28
8806,Acosta,Mark,Support,64584.28
8968,Rodgers,Megan,Support,64578.85
8457,Bradley,Mary,Support,64045.25
8671,Hernandez,Michael,Support,63666.01
8569,Parker,Monica,Support,62173.64
8490,Smith,Mitchell,Support,49649.84
8657,Villegas,Matthew,Support,49363.13
8603,Hill,Michelle,Support,45586.11
8708,Johnson,Michael,Support,42485.1
8274,Mckee,Miranda,Support,42026.06
10528,Cannon,Nicole,Engineering,98158.85
8852,Gonzalez,Nancy,Engineering,97531.46
10364,Howard,Nicole,Finance,96263.06
8194,Cross,Nicole,Engineering,87585.96
10563,Garcia,Nathan,Finance,81309.32
8228,Morgan,Natasha,Engineering,69874.91
10798,Farrell,Nicole,Finance,59996.54
8282,Castro,Nicholas,Engineering,62386.44
10426,Summers,Nathan,Finance,57358.91
8754,Jackson,Nicholas,Finance,76302.02
10815,Murray,Nancy,Finance,56094.68
8709,Ortega,Natalie,HR,90051.36
10056,Bennett,Nicole,HR,76550.8
8780,May,Nicole,HR,75235.62
10051,Garcia,Nicholas,HR,68755.74
8803,Bryan,Natalie,HR,58770.56
10252,Conner,Nicole,HR,62077.29
8015,Cox,Nicolas,IT,109004.37
10980,Hopkins,Nicole,HR,53506.13
8255,Perkins,Natalie,IT,71605.52
10475,Mccann,Nathaniel,IT,90352.56
8193,Miller,Nichole,IT,67915.15
10227,Brown,Nancy,IT,63722.95
8836,Hamilton,Nicholas,IT,66883.97
10651,Fisher,Nicholas,IT,62904.17
8160,Diaz,Nathan,Legal,112257.92
10971,Koch,Natalie,Legal,118036.99
8432,Sims,Nicholas,Marketing,68271.1
10107,House,Nicholas,Legal,102133.49
8906,Adams,Nicholas,Marketing,66004.7
10930,Carroll,Natasha,Marketing,85040.52
8312,Burgess,Nathan,Sales,83814.56
10012,West,Norma,Sales,56135.22
8873,Mata,Nicole,Sales,80910.75
10793,Jones,Nancy,Sales,48837.09
8878,Campbell,Nancy,Sales,76016.07
10319,Berger,Nicole,Support,68242.7
8413,Bailey,Nathaniel,Support,69965.66
10743,Oconnor,Nicole,Support,61222.39
8262,Allen,Noah,Support,67873.36
3985,Barber,Nicholas,Engineering,115282.48
5795,Bauer,Nicole,Engineering,98869.62
4252,Barber,Nancy,Engineering,73426.01
8209,Morris,Nicole,Support,50821.57
3321,Stewart,Nichole,Engineering,112167.28
5080,Sanders,Natasha,Engineering,79365.23
4339,James,Nathan,Finance,108679.56
9318,Robinson,Nathan,Engineering,92978.42
3748,Long,Nathaniel,Engineering,93031.44
5981,Young,Nancy,Engineering,71078.57
4646,Hernandez,Nathan,Finance,102951.83
9826,Weaver,Nicole,Engineering,86417.74
3588,Rhodes,Nicholas,Engineering,72374.72
5911,Clark,Nathaniel,HR,88607.74
4795,Baker,Nicole,Finance,96236.44
9979,Matthews,Nicole,Engineering,85045.71
3835,Martin,Nicholas,Finance,87092.78
5541,Mendoza,Nicholas,HR,85116.37
4627,Burton,Nicholas,Finance,96039.34
9016,Morton,Nicole,Engineering,77432.5
3546,Webb,Noah,Finance,84062.66
5713,Owen,Nancy,HR,67600.33
4395,Mcconnell,Nichole,Finance,77027.77
9348,Mendoza,Nancy,Engineering,77282.99
3892,Frazier,Nicole,Finance,63777.39
5861,Durham,Nicholas,IT,112322.84
4999,Alvarado,Nicholas,HR,86170.61
9606,Jackson,Nicole,Finance,82911.95
3909,Martin,Nicholas,HR,70376.07
5679,Poole,Nicole,IT,90441.5
4383,Carrillo,Natalie,IT,95703.12
9009,Vaughn,Nicholas,HR,82560.64
3117,Duran,Nicole,IT,63762.2
5008,Rich,Nicholas,Legal,107279.59
4665,Powers,Norman,Legal,120012.43
9473,Harris,Nicholas,HR,55924.7
3526,Brown,Nicole,Legal,114127.34
5841,Mcdonald,Norman,Legal,79051.29
4603,Huffman,Nancy,Legal,118806.68
9924,Villegas,Nicholas,IT,114863.49
3986,Jones,Nathan,Legal,84335.8
5407,Turner,Nicole,Legal,78513.81
4732,Golden,Nathan,Legal,116828.89
9410,Day,Nichole,IT,74631.12
3154,Graham,Natalie,Legal,76728.66
5533,Singh,Nicole,Legal,76258.4
4244,Torres,Nicholas,Legal,97491.73
9477,Murphy,Nicholas,Legal,98465.24
3926,Moon,Nathan,Legal,70537.12
5821,Ewing,Nancy,Marketing,86152.39
4476,Ramos,Noah,Legal,73365.59
9324,Johnson,Nicholas,Legal,87128.28
3386,Simpson,Nicole,Legal,69943.42
5013,Scott,Nicholas,Marketing,70694.41
4595,Perez,Nicole,Marketing,87340.06
9763,Powell,Nicole,Legal,81691.27
3707,May,Nancy,Marketing,71693.35
5797,Williams,Nathan,Marketing,70093.75
4529,Mitchell,Natalie,Sales,85107.59
9373,Day,Natalie,Sales,68813.96
3887,Lindsey,Nancy,Marketing,65718.09
5635,Jones,Nicole,Marketing,69220.59
4134,Coffey,Nicholas,Sales,77749.25
9746,Perry,Nathan,Sales,48015.36
3586,Stanton,Norma,Marketing,51383.01
5435,Smith,Nathan,Marketing,63334.91
4463,Contreras,Nicholas,Sales,64339.87
9541,Campbell,Nicholas,Support,75724.45
3197,Melton,Nicholas,Marketing,50156.98
5995,Brooks,Nicole,Marketing,56625.58
4874,Colon,Natasha,Sales,54974.97
9278,Harris,Nicole,Support,57002.0
3816,Li,Nicole,Sales,89436.81
5040,Garcia,Nicole,Sales,81364.22
4800,Hernandez,Nicole,Support,79717.58
3350,Kim,Nancy,Sales,88459.91
5785,Ortega,Nathan,Sales,79220.87
4914,Palmer,Nicole,Support,56753.03
3068,Gonzalez,Nathaniel,Sales,66486.64
5499,Hill,Natalie,Sales,75920.33
4026,Lewis,Nancy,Support,46697.3
3052,Wolf,Natalie,Sales,60886.92
5300,Greene,Nicole,Sales,69801.9
7262,Hill,Nancy,Engineering,109302.42
3232,Wolf,Nicholas,Sales,56782.41
5774,Lane,Nicole,Sales,59692.03
7117,Alexander,Nathan,Engineering,103049.76
3261,Sanders,Nathan,Support,69396.69
5843,Smith,Nicole,Sales,55009.79
7406,Anthony,Nicole,Engineering,89792.14
3923,Ward,Natalie,Support,61482.62
5818,Johnson,Nicole,Support,63470.32
7598,Blevins,Nichole,Engineering,78109.76
3925,Huynh,Nicole,Support,58935.24
5926,Thompson,Nicholas,Support,56719.34
7133,Hall,Nicole,Finance,83825.56
3644,Hamilton,Nicholas,Support,52607.47
5077,Sullivan,Norman,Support,47992.4
7054,Salas,Nicole,Finance,82773.62
1031,Vazquez,Nicole,Finance,108667.31
15600,Cameron,Nathan,Finance,98930.02
7551,Oneal,Nicholas,Finance,69940.4
1525,Collins,Nicole,HR,94315.26
15937,Craig,Natalie,Finance,79262.2
7707,Boone,Nicole,HR,89838.76
1111,Wolf,Nicholas,HR,66149.16
15174,Mendez,Nicole,Finance,67047.87
7609,Ortiz,Nicholas,HR,83489.34
1132,Wilson,Nicholas,HR,59991.6
15966,Powell,Nicole,Finance,58093.55
7289,Shaw,Nicole,HR,52240.19
1838,Mayer,Nicholas,IT,60221.55
15886,Kelley,Nicole,IT,107139.58
7450,Saunders,Natalie,IT,91109.23
1027,Ramirez,Nicholas,Legal,96007.66
15610,Wood,Natalie,IT,93878.01
7891,Berg,Nancy,IT,75827.1
1901,Garner,Natasha,Legal,85570.85
15138,Mathews,Nancy,Marketing,98163.16
7230,Randall,Nancy,Legal,110333.41
1089,Sheppard,Natasha,Marketing,99306.68
15919,Schwartz,Nicole,Marketing,96594.9
7150,Jackson,Nathan,Legal,107854.44
1769,Sandoval,Nicole,Marketing,88041.32
15340,Campbell,Nicholas,Marketing,88930.45
7197,Ross,Nathan,Marketing,87582.88
1545,Obrien,Nicholas,Marketing,87668.5
15282,Johnson,Nina,Marketing,77338.68
7588,Miller,Nancy,Marketing,83230.45
1976,Smith,Nicholas,Marketing,61412.3
15938,Thomas,Nicholas,Marketing,72570.8
7687,Martin,Nicholas,Sales,69688.81
1123,Powers,Nicole,Sales,88007.23
15084,Griffin,Nancy,Marketing,70525.21
7323,Decker,Nicholas,Sales,69600.8
1253,Escobar,Nathan,Sales,66118.37
15892,Thomas,Nancy,Marketing,68950.63
7694,Chavez,Nicole,Sales,63658.72
1793,Powers,Natalie,Sales,56780.89
15460,Thomas,Nicole,Marketing,54200.15
7018,Carlson,Nathan,Sales,60899.42
1843,Mathis,Nathan,Sales,49476.33
15465,Walker,Nicole,Sales,77375.89
7832,Harris,Nathan,Support,79210.61
1738,Martinez,Nancy,Support,69466.35
15416,Ward,Nicole,Sales,60864.07
7008,Huerta,Nicholas,Support,74420.39
1718,Collier,Nicholas,Support,50942.03
15388,Mills,Nicholas,Sales,58778.52
7252,Roth,Noah,Support,72138.97
1715,Richardson,Nicole,Support,49291.87
15414,Lopez,Nicole,Support,56698.1
2742,Jones,Nicole,Engineering,93687.06
15288,Price,Nicole,Support,41291.7
2661,Navarro,Noah,Finance,109873.83
11104,Swanson,Nicole,Engineering,119895.78
2096,Booth,Nicole,Finance,90713.69
11944,Marsh,Nichole,Engineering,118543.08
2124,James,Nicholas,Finance,62617.58
11092,Olson,Nancy,Engineering,96265.46
2298,Villanueva,Nathaniel,Finance,57914.71
11027,Fletcher,Natasha,Finance,107784.03
2526,Chambers,Nicholas,HR,58555.2
11722,Guzman,Nicole,Finance,82828.38
2170,Smith,Nathan,IT,91010.0
11605,Lyons,Nathan,HR,73546.97
2584,York,Nichole,Legal,107267.73
11884,Gray,Nicholas,HR,66852.35
2281,Gomez,Nathan,Legal,65674.1
11502,Day,Nathan,IT,101845.11
2011,Morgan,Nicole,Marketing,90448.85
11757,Jones,Nathaniel,IT,95034.38
2311,Kelly,Nicole,Marketing,78052.43
11924,Moore,Nicholas,IT,74262.86
2486,Torres,Nancy,Marketing,67317.89
11825,Jones,Natasha,Legal,77150.71
2687,Matthews,Nicole,Marketing,58160.66
11671,Shaw,Nathan,Legal,69804.89
2325,Murillo,Nicole,Sales,68156.75
11700,Johnson,Nancy,Marketing,89148.05
2654,Peterson,Natalie,Sales,59463.1
11043,Hall,Nicole,Marketing,88324.16
2810,Perry,Nathan,Support,76024.7
11976,Sanchez,Nicole,Marketing,84295.93
2430,Davis,Natalie,Support,70649.67
11218,Avery,Nicholas,Marketing,82691.75
14280,Diaz,Natalie,Engineering,85257.16
11134,Russell,Nicole,Sales,85640.36
14143,Mcneil,Nathan,Engineering,74064.35
11453,Jimenez,Nicole,Sales,71584.62
14601,Herrera,Nathaniel,Finance,101029.87
11095,Jones,Nathan,Sales,57700.95
14326,Kelly,Nathaniel,Finance,89066.86
11156,Roberts,Nancy,Sales,55677.71
14443,Smith,Natalie,Finance,67772.36
11752,Harris,Nathaniel,Sales,45745.88
14988,Evans,Natalie,HR,92868.91
11971,Williams,Nathaniel,Support,54725.17
14313,Thomas,Nancy,HR,63106.6
12555,Lawrence,Nicole,Engineering,115629.74
14841,Alexander,Nichole,HR,61824.56
12788,Lucero,Nicholas,Engineering,93730.82
14873,Delacruz,Nicole,IT,110483.0
12917,Camacho,Nicole,Engineering,83667.32
14424,Barron,Nicole,IT,92178.16
12575,Long,Nicole,Engineering,66895.96
14801,Brown,Nicholas,IT,86708.73
12989,Macdonald,Nicole,Engineering,60224.37
14375,Schneider,Nancy,Legal,95023.77
12234,Jenkins,Nicole,Finance,108026.25
14024,Sanders,Nicholas,Legal,80655.41
12023,Doyle,Nathan,Finance,107112.49
14448,Irwin,Nicole,Legal,74603.62
12120,Guzman,Nathan,Finance,92868.92
14614,Williams,Nathaniel,Marketing,72491.79
12044,Hall,Nicole,Finance,87475.86
14171,Mcclure,Nathan,Marketing,52141.65
12026,Goodman,Nicholas,Finance,84300.95
14030,Nunez,Nicholas,Support,60132.02
12811,Guzman,Nicholas,Finance,68577.27
6554,Warren,Nicholas,Engineering,116550.31
12522,Moore,Nathan,IT,94539.27
6019,Doyle,Natalie,Engineering,100998.56
12059,Roberson,Natalie,IT,63570.67
6147,Robles,Nathaniel,Finance,87374.31
12089,Elliott,Nancy,Marketing,91998.5
6163,Phelps,Nathan,Finance,70365.98
12351,Bowman,Nichole,Marketing,78538.44
6841,Alvarez,Natalie,HR,68078.18
12331,Williams,Nicholas,Marketing,74368.1
6919,Ruiz,Nicholas,HR,63246.18
12689,Cross,Nicole,Marketing,51152.87
6317,Gonzalez,Nathan,IT,113795.35
12487,Lane,Nicole,Sales,81657.31
6041,Owens,Nicole,IT,64014.92
12007,Cooper,Natalie,Sales,79907.66
6009,Ballard,Nathaniel,Legal,94038.07
12557,Leon,Nichole,Sales,76718.03
6498,Moore,Nicole,Legal,65192.67
12236,Conley,Nicolas,Sales,75644.29
6236,Collins,Nancy,Sales,82973.96
12954,Clements,Nancy,Sales,73828.53
6678,Park,Natalie,Sales,51889.67
12738,Barnes,Natalie,Sales,62000.94
6704,Leach,Nicholas,Sales,48054.07
12086,Brown,Nathan,Sales,51202.68
6162,Valdez,Nancy,Support,75511.78
12250,Ellis,Nathan,Support,58202.12
6333,Martinez,Nicholas,Support,72051.93
13058,Medina,Nicole,Engineering,70903.35
6901,Gross,Nancy,Support,62551.78
13304,Pena,Nathan,Finance,84835.36
6961,Allen,Nicholas,Support,55551.96
13344,Mitchell,Nathan,Finance,74661.28
197,Ramirez,Nathan,Engineering,111716.34
13365,Ortiz,Nancy,HR,90770.61
369,Thompson,Nicholas,Engineering,104015.22
13978,Spears,Nancy,HR,83511.6
913,Koch,Noah,Engineering,93714.62
13690,Pearson,Nicholas,HR,76554.61
271,Hood,Nicole,Engineering,63375.4
13885,Robinson,Natalie,HR,58889.5
891,Diaz,Norma,Finance,89969.2
13774,Parker,Nathan,IT,99106.0
304,Carrillo,Nancy,Finance,72591.59
13763,Kelly,Nicholas,IT,75113.21
678,Ruiz,Nathan,HR,85187.36
13125,Vasquez,Nicole,IT,69580.3
550,Shelton,Nicole,HR,78852.41
13962,Brown,Nancy,Legal,117739.25
374,Nguyen,Noah,HR,63607.0
13643,Bell,Nathaniel,Legal,100508.92
945,Castro,Nicholas,IT,114688.79
13356,Wood,Nicholas,Legal,87586.38
218,Peterson,Nicholas,IT,104592.54
13144,Miller,Nicole,Marketing,96529.31
220,Sutton,Nancy,IT,76515.61
13355,Miller,Nicole,Marketing,77807.33
494,Hernandez,Nicholas,Legal,114984.83
13279,Holden,Nathan,Marketing,57615.31
222,Underwood,Nathan,Legal,96915.93
13613,Hines,Nicholas,Sales,86325.18
407,Francis,Nancy,Legal,93436.39
13764,Lopez,Nicholas,Sales,74701.93
797,Johnson,Nicholas,Legal,83273.48
13694,Smith,Nancy,Sales,55132.84
555,Brooks,Nicholas,Legal,75696.84
13941,Petersen,Natasha,Support,53009.75
253,Vega,Nicholas,Legal,71244.02
13555,Green,Nathan,Support,47728.45
173,Johnson,Natasha,Marketing,79544.05
207,Lin,Nathaniel,Marketing,78507.78
190,Peck,Nicole,Marketing,78475.86
703,Fuller,Nicholas,Sales,72339.06
168,Campbell,Nicole,Support,62630.49
765,Pratt,Noah,Support,42366.91
7165,Briggs,Olivia,IT,66485.46
9785,Hicks,Omar,Finance,93782.37
8463,Rivera,Olivia,HR,68957.35
622,Harris,Oscar,Finance,65850.77
7124,Russo,Oscar,Sales,67724.23
9790,Christensen,Olivia,Support,64735.01
8397,Deleon,Olivia,Legal,122519.35
460,Williams,Omar,IT,89974.58
7621,Collins,Omar,Sales,61693.3
8544,Payne,Olivia,Marketing,88117.17
235,Burke,Olivia,IT,63149.44
5205,Allen,Olivia,HR,71417.22
8437,Reyes,Omar,Marketing,81573.37
114,Moore,Oscar,Legal,92627.72
5087,Gregory,Olivia,IT,63636.06
4570,Orr,Olivia,Legal,115671.24
3575,Holmes,Olivia,HR,92501.26
4671,Bonilla,Oscar,Marketing,97378.35
3329,Wood,Oscar,Support,65785.62
2841,Wells,Oscar,Marketing,99854.62
1732,Jacobs,Olivia,Finance,95441.02
15607,Perez,Olivia,Engineering,79031.1
12121,Webster,Olivia,Legal,87174.25
15872,Wells,Olivia,HR,92206.96
12185,Gray,Omar,Support,71693.95
15041,Bowman,Oscar,Legal,115849.3
12353,Hunter,Oscar,Support,45771.8
11768,Dixon,Olivia,Legal,101085.79
14438,Mathews,Olivia,Finance,78827.38
11522,Cooper,Omar,Sales,73091.7
14718,Williams,Oscar,Sales,56058.78
11077,Perkins,Philip,Engineering,98142.01
14072,Thompson,Patricia,Engineering,81453.61
11935,Friedman,Patricia,Finance,95966.06
14747,Garcia,Patrick,Finance,89372.62
11138,Hansen,Paula,Finance,71403.85
14457,Durham,Phillip,HR,87763.06
11793,Oliver,Paul,Finance,64247.13
14037,Harris,Peter,IT,113219.62
11435,Williams,Paul,Finance,61842.88
14015,Tran,Paul,IT,100471.58
11675,Mcgee,Phillip,HR,61072.95
14858,Craig,Patrick,IT,78581.78
11729,Hopkins,Patrick,HR,51980.02
14868,Moreno,Peter,Legal,120314.67
11981,Dickerson,Peter,IT,113348.95
14478,Roy,Pamela,Legal,118472.18
11094,Davis,Paula,IT,72431.77
14370,Burns,Patricia,Legal,114013.07
11074,Taylor,Pamela,IT,69293.03
14809,Stewart,Phillip,Legal,103635.48
11241,Williams,Paul,IT,69280.98
14644,Carlson,Patrick,Legal,67951.62
11397,Flores,Peter,IT,62865.62
14066,Castaneda,Patricia,Marketing,91872.19
11677,Horn,Peggy,Legal,113676.29
14463,Phillips,Phillip,Marketing,71559.33
11490,Gould,Patty,Legal,95146.58
14969,Hartman,Phillip,Marketing,58982.34
11285,Roberts,Patrick,Legal,86996.72
14031,Huang,Patrick,Marketing,55097.52
11343,Hunt,Phyllis,Marketing,82399.16
14254,Miller,Preston,Sales,55590.45
11658,Rich,Patrick,Marketing,82008.45
14896,Kennedy,Patrick,Sales,48327.96
11894,Warren,Pamela,Marketing,79426.4
14207,Garcia,Paula,Support,67738.91
11903,Thompson,Paul,Marketing,76204.98
14144,Bright,Paula,Support,44986.17
11053,Knight,Paul,Marketing,69937.34
14154,Hayden,Pamela,Support,42829.92
11865,Hamilton,Penny,Marketing,65590.33
13563,Wallace,Peter,Engineering,105413.12
9110,Smith,Patrick,Engineering,110622.82
5975,Ellis,Patricia,Engineering,105665.58
11998,Rice,Paul,Marketing,59763.72
13561,Moses,Perry,Engineering,100270.43
9702,Meyer,Paige,Engineering,80430.48
5285,Valenzuela,Paul,Engineering,91543.58
11545,Greer,Paula,Marketing,55336.05
13353,Lin,Paula,Engineering,89873.44
9938,Burke,Patricia,Finance,95390.59
5368,Hill,Patrick,Engineering,78805.04
11790,Davis,Phyllis,Sales,86335.74
13011,Foster,Phillip,Engineering,60357.86
9615,Trevino,Patty,Finance,63130.14
5971,Aguirre,Peter,Engineering,70423.48
11033,Hudson,Pamela,Sales,82791.99
13376,Williams,Phillip,Finance,100044.09
9823,Moore,Paul,Finance,59083.69
5038,Chavez,Patricia,Finance,99829.36
11603,Flowers,Pamela,Sales,75618.89
13485,Duffy,Patricia,Finance,90888.46
9398,Mcfarland,Paige,HR,54583.55
5061,Edwards,Pamela,Finance,93461.78
11713,Maldonado,Parker,Sales,54517.28
13585,Lowe,Patricia,Finance,70316.78
9775,Brown,Phillip,IT,64323.07
5123,Brandt,Pamela,Finance,83255.0
11797,Ramsey,Patricia,Support,64918.13
13950,Klein,Patricia,HR,82366.51
9921,Rogers,Patricia,Legal,124679.88
5755,Bond,Patrick,Finance,67628.63
11140,Wheeler,Paige,Support,55333.46
13183,Sullivan,Peter,HR,71706.17
9232,Smith,Patricia,Legal,96903.87
5994,Guerra,Patricia,Finance,58657.26
11151,Green,Peter,Support,55280.09
13360,Sweeney,Paul,HR,50895.41
9092,Williamson,Paul,Marketing,91151.08
5685,Pope,Patty,Finance,57876.35
10623,Diaz,Paul,Engineering,94011.61
13603,Watkins,Pamela,IT,85238.64
9545,Hamilton,Peter,Marketing,82026.01
5775,Thompson,Penny,HR,52646.38
10322,Dunn,Phillip,HR,72022.58
13223,Anderson,Patrick,IT,81063.45
9071,Garcia,Paul,Marketing,71653.91
5706,Heath,Peter,IT,92171.4
10618,Espinoza,Peter,IT,113706.76
13015,Williams,Pamela,IT,65122.44
9809,Weiss,Preston,Marketing,69919.12
5068,Luna,Pamela,IT,86202.76
10263,Smith,Peter,IT,106002.66
13262,Rojas,Pamela,Legal,114304.61
9623,Roberts,Peter,Support,67178.61
5514,Olson,Patricia,Legal,123222.91
10853,Phillips,Pedro,IT,97497.25
13052,Osborn,Paul,Legal,102375.36
9465,Humphrey,Peter,Support,62349.04
5309,Kane,Peter,Legal,101525.79
10387,Singleton,Paul,IT,95590.98
13354,Green,Paul,Legal,76603.46
9184,King,Philip,Support,50333.76
5636,Gross,Patrick,Marketing,74438.72
10778,Grant,Peter,Legal,73009.04
13611,Gonzales,Paul,Marketing,89979.31
5119,Medina,Philip,Marketing,52266.43
10412,Benson,Paige,Marketing,91082.31
13805,Paul,Paul,Marketing,84285.29
5454,Jensen,Patrick,Sales,71226.25
10603,Owens,Peter,Marketing,84496.09
13475,Morales,Pamela,Marketing,77632.12
5179,Martin,Pamela,Sales,62888.21
10030,Flynn,Patrick,Marketing,77737.19
13431,Burnett,Pamela,Marketing,75635.55
5581,Escobar,Phillip,Support,66808.79
10526,Pham,Phillip,Marketing,69593.02
13573,Carr,Paul,Marketing,52205.44
5762,Martinez,Pamela,Support,41439.63
10133,Brandt,Philip,Marketing,65775.0
13803,Wallace,Patrick,Sales,68795.05
704,Wade,Peggy,Engineering,110981.68
10193,Ryan,Paige,Marketing,53387.74
13609,Rodriguez,Phyllis,Sales,51232.99
984,Chen,Pamela,Engineering,82181.86
10833,Walton,Patrick,Support,74869.03
13796,Hoffman,Paul,Sales,51120.19
564,Wilkins,Peter,Engineering,79089.47
10503,Lane,Phillip,Support,46996.01
13884,White,Peter,Support,78048.08
65,Robertson,Phillip,Finance,90612.44
7069,Martinez,Peggy,Engineering,103174.57
13967,Sullivan,Patricia,Support,76428.22
600,Mullins,Patricia,Finance,77678.93
7866,Hoffman,Pamela,Engineering,99556.55
8325,Martinez,Pamela,Engineering,97134.48
508,Dean,Patricia,HR,76315.74
7747,Jones,Patty,Engineering,80234.43
8273,Singh,Patrick,Finance,105854.72
979,Bailey,Peter,HR,60765.59
7521,Clark,Patrick,Finance,105799.76
8939,Franklin,Patricia,HR,90717.83
860,Reeves,Pamela,IT,99179.23
7093,Murray,Philip,HR,50666.36
8416,Kelly,Phillip,HR,77259.31
579,Wilson,Paul,IT,85705.34
7459,Casey,Peter,IT,93623.37
8612,Snow,Paul,HR,70728.93
290,Woods,Pamela,Marketing,97520.6
7020,Wiggins,Patricia,IT,69180.55
8949,Morales,Patricia,HR,64094.16
666,Beck,Patrick,Marketing,90927.45
7572,Smith,Patricia,IT,65911.39
8259,Acosta,Paul,IT,83161.84
621,Costa,Paul,Marketing,84634.58
7123,Farmer,Peter,Legal,110202.5
8098,Wilkinson,Penny,IT,71849.85
578,Martinez,Patrick,Marketing,73020.52
7027,Moore,Pamela,Legal,66070.28
8969,Scott,Pamela,IT,64389.2
11,Gibson,Philip,Sales,63226.94
7997,Hughes,Patricia,Legal,65823.17
8280,Scott,Pamela,Legal,120305.75
13,Patterson,Paul,Sales,50422.63
7498,Woods,Patricia,Marketing,98965.41
8512,Park,Patrick,Legal,116034.55
936,Matthews,Patricia,Support,64272.88
7086,Parker,Patricia,Marketing,83668.48
8988,Mack,Patrick,Legal,115331.06
757,Davis,Patricia,Support,58520.83
7865,Lynch,Penny,Marketing,79726.85
8382,Holmes,Patricia,Legal,103074.07
664,Russell,Pamela,Support,57823.84
7842,Lopez,Paul,Marketing,78448.59
8442,Russell,Pamela,Legal,99994.4
7510,Kramer,Patricia,Marketing,76694.53
8912,Gordon,Phillip,Legal,75249.08
7479,Turner,Paula,Marketing,72295.95
8955,Smith,Paul,Legal,71426.71
7763,Boyd,Patricia,Marketing,66344.25
8796,Massey,Patricia,Legal,69467.43
7224,Cline,Paula,Marketing,55062.1
8125,Shaw,Pamela,Marketing,76896.12
7862,Thompson,Paige,Marketing,53737.53
8529,Moore,Paul,Marketing,74453.65
7957,Huber,Peter,Sales,67839.22
8718,Walker,Pamela,Sales,78035.48
7885,Torres,Paul,Support,70740.17
8388,Hampton,Patrick,Sales,76327.97
7523,Lloyd,Preston,Support,45377.44
8900,Mack,Patricia,Sales,67181.32
12418,Butler,Patricia,Engineering,117173.89
8562,Bentley,Paul,Sales,51875.52
12509,Martinez,Philip,Engineering,95095.19
8828,Mays,Patricia,Support,78599.51
12644,Davis,Pamela,Engineering,75450.12
8211,Mcdonald,Phillip,Support,56606.94
12595,Mullins,Patrick,HR,94244.38
8022,Martinez,Peter,Support,56564.54
12775,Dennis,Paul,HR,82578.91
3836,Wilcox,Patricia,Engineering,110808.27
12437,Miller,Phyllis,HR,77514.12
3178,Cordova,Parker,Engineering,100526.2
12546,Flores,Peter,IT,114971.22
3015,Anderson,Peter,Engineering,88237.51
12655,Ferguson,Patricia,IT,111106.26
3258,Mcdowell,Pamela,Finance,73282.28
12613,Howard,Pamela,IT,109928.21
3148,Christensen,Paul,Finance,67590.28
12178,Arias,Philip,IT,103289.06
3373,Patterson,Phillip,Finance,66807.87
12430,Mitchell,Peter,IT,98743.38
3283,King,Paul,Finance,60001.96
12156,Carlson,Patricia,IT,97663.07
3447,Andrews,Pamela,Finance,59974.24
12468,Bartlett,Patrick,IT,94989.49
3091,Chang,Patrick,HR,76314.73
12643,Osborne,Philip,Legal,103684.81
3763,Simmons,Pamela,HR,74049.8
12953,Knapp,Paul,Marketing,88651.58
3902,Duke,Philip,HR,55704.44
12042,Strong,Peter,Marketing,83425.77
3121,Perez,Patrick,HR,50718.97
12829,Jones,Phillip,Marketing,74209.39
3641,Huang,Pedro,IT,114333.75
12293,Burke,Patricia,Marketing,71454.06
3046,Hayes,Pamela,IT,110885.75
12545,Miller,Paul,Marketing,70540.24
3655,Patterson,Pam,IT,109045.67
12217,Garrett,Peter,Sales,76143.11
3181,Shaw,Pamela,IT,77412.65
12946,Barber,Pamela,Sales,74160.26
3693,Martinez,Pamela,IT,69204.33
12249,Fletcher,Patricia,Sales,58418.95
3722,Santana,Pamela,IT,62079.23
12240,Wilson,Paul,Support,70794.98
3210,Smith,Penny,Legal,95026.02
12285,White,Penny,Support,56876.28
3292,Valentine,Paul,Legal,91758.0
6277,Cherry,Paul,Engineering,104462.66
3609,Booker,Parker,Legal,67237.91
6614,Williams,Pamela,Engineering,77246.9
3764,Hernandez,Paul,Marketing,97154.77
6138,Humphrey,Paul,Engineering,75960.35
3691,Choi,Patrick,Marketing,90526.27
6594,Salazar,Philip,Engineering,72437.63
3512,Bauer,Patricia,Sales,83381.25
6253,Martinez,Paul,Finance,104676.32
3525,Zuniga,Phillip,Sales,77374.63
6484,Martinez,Patricia,Finance,100458.76
3744,Gilbert,Paul,Sales,69924.59
6066,Washington,Patricia,Finance,98897.22
3130,Wright,Peter,Sales,54163.02
6592,Contreras,Patrick,Finance,83591.08
3658,Gordon,Patrick,Support,76402.74
6316,Berger,Phyllis,Finance,67708.02
3115,Flores,Pamela,Support,69996.78
6135,Fields,Philip,HR,92870.37
3665,Casey,Patrick,Support,69468.57
6073,Wood,Patrick,HR,87436.1
3364,Griffith,Patricia,Support,50415.13
6907,Lester,Patrick,HR,76422.39
3964,Snow,Paul,Support,47723.57
6169,Stephens,Pamela,HR,59187.91
3252,Alexander,Peter,Support,45095.78
6744,Roberts,Pamela,IT,113475.19
4781,Bishop,Paula,Engineering,108769.43
6511,Fitzgerald,Patrick,IT,109580.13
4209,Evans,Peter,Engineering,101592.28
6088,Bennett,Phillip,IT,79603.86
4674,Moreno,Paul,Engineering,89878.24
6759,Lee,Peter,IT,75958.76
4212,Nelson,Paul,Finance,105290.6
6746,Valenzuela,Paula,Legal,119950.1
4322,Harris,Phillip,Finance,76736.41
6142,Cardenas,Philip,Legal,109535.52
4299,Hayden,Phyllis,Finance,71679.54
6845,Pierce,Phillip,Legal,108603.07
4950,Wilson,Paige,HR,83327.92
6366,Golden,Paul,Legal,84510.16
4424,Walker,Paul,HR,66595.73
6307,Giles,Patrick,Legal,80282.19
4520,Mcdonald,Patrick,IT,100834.25
6706,Clark,Paul,Marketing,96564.21
4856,Smith,Phillip,IT,93918.78
6038,Lynn,Patrick,Marketing,92739.02
4316,Lewis,Phillip,IT,88076.38
6548,Wilkins,Patricia,Marketing,64715.7
4864,Cruz,Patrick,IT,74760.24
6199,Ferguson,Pamela,Marketing,61192.47
4493,Lopez,Paul,IT,65214.05
6480,Bishop,Paul,Marketing,52261.03
4408,Gross,Patricia,Legal,109887.14
6638,Hatfield,Paul,Sales,83897.22
4878,Cooper,Paul,Legal,80812.09
6195,Fisher,Patrick,Sales,71793.73
4040,Burke,Peter,Marketing,97549.41
6697,Gomez,Pamela,Support,58589.43
4798,Gould,Patricia,Marketing,75751.49
6754,Garcia,Perry,Support,54370.01
4245,Stephenson,Patrick,Marketing,72849.79
15517,Burch,Paul,Engineering,98707.89
4080,Munoz,Patricia,Marketing,57645.12
15707,Vega,Patricia,Engineering,87670.59
4682,Smith,Peter,Marketing,50028.97
15442,Taylor,Paul,Finance,71948.26
4490,Kelley,Patricia,Sales,86066.57
15424,Patton,Paul,Finance,65545.4
4428,Fox,Paul,Sales,60586.86
15781,Webb,Phillip,IT,98239.75
4792,Allen,Paul,Support,65691.55
15648,Peterson,Paige,IT,88049.99
4531,Perez,Patricia,Support,51849.52
15079,Pierce,Patricia,IT,85504.23
4948,Williams,Patrick,Support,45925.32
15960,Meyers,Patricia,IT,72749.1
4093,Bush,Pamela,Support,40773.45
15228,Johnson,Philip,Legal,122295.25
2879,Heath,Paula,Engineering,110609.6
15554,Potter,Pamela,Legal,92848.78
2058,Fleming,Patricia,Engineering,106968.1
15935,Galvan,Phillip,Legal,89320.71
2452,Osborne,Paige,Finance,89456.58
15052,Harvey,Paul,Legal,71139.53
2280,Jacobson,Peter,Finance,66516.77
15486,Wolfe,Patricia,Marketing,74830.08
2655,Page,Paul,HR,75211.55
15586,Parker,Paul,Marketing,60653.8
2744,Love,Patricia,IT,102531.66
15488,Cox,Pamela,Sales,89169.34
2206,Adams,Phillip,IT,101192.14
15327,Moore,Patricia,Sales,58231.91
2398,Chapman,Paul,IT,88515.83
15357,Lamb,Patrick,Support,67585.85
2559,Turner,Patrick,IT,60959.2
15726,Snyder,Paige,Support,60056.52
2470,Perkins,Paul,Legal,86667.1
15803,Khan,Penny,Support,57268.88
2159,Byrd,Philip,Marketing,63999.52
15403,Lam,Perry,Support,50052.23
2032,White,Paul,Marketing,52267.79
15650,Jones,Peter,Support,44407.89
2791,Weaver,Patricia,Sales,86787.95
15206,Brown,Peter,Support,43220.32
2531,Fletcher,Parker,Sales,83505.28
1305,Townsend,Phyllis,Engineering,83337.1
2682,Erickson,Patricia,Sales,63527.81
1436,Anthony,Patricia,Finance,89097.78
2711,Flynn,Penny,Sales,60385.35
1175,Roberson,Peter,Finance,75961.92
2453,Young,Pam,Sales,58643.41
1936,Tran,Peter,HR,83917.33
2276,Yang,Peter,Sales,50732.56
1882,Thornton,Patrick,HR,69005.39
2591,James,Patricia,Sales,47995.31
1876,Lozano,Peter,IT,110759.92
2318,Patterson,Pamela,Support,78992.82
1900,Ortiz,Philip,IT,98621.42
2353,Kennedy,Paul,Support,78440.97
1613,Davis,Phyllis,IT,86320.48
2319,Gallagher,Patrick,Support,64340.45
1283,Hill,Patrick,Legal,111743.91
2981,Parrish,Pamela,Support,55890.56
1998,Gordon,Pamela,Marketing,63905.94
2248,Smith,Peter,Support,54747.78
1894,Ray,Pamela,Sales,86257.45
1418,Dean,Peter,Sales,77413.25
1276,Pace,Paula,Sales,66259.22
1191,Park,Paul,Sales,46143.24
1654,Sanders,Patricia,Support,71901.01
1367,Cole,Patrick,Support,70625.66
1731,Hill,Paul,Support,52969.07
1290,Lewis,Patrick,Support,45565.3
1748,Bender,Patricia,Support,45324.92
1967,Evans,Patrick,Support,43232.91
1765,Cabrera,Paige,Support,42080.84
660,Olson,Rachel,Engineering,119877.3
1974,Gomez,Ryan,Engineering,115553.09
598,Taylor,Ronnie,Engineering,119499.08
1815,Wagner,Raymond,Engineering,112739.81
296,Graves,Rodney,Engineering,113667.0
1450,Cruz,Ryan,Engineering,102214.32
670,Murray,Ryan,Engineering,99756.42
1381,Reeves,Ricky,Engineering,98080.53
907,Tran,Ronald,Engineering,97869.2
1942,Hernandez,Renee,Engineering,92161.04
383,Johnson,Roy,Engineering,84827.79
1047,French,Rose,Engineering,86099.96
610,Cervantes,Richard,Engineering,84293.78
1548,Turner,Rachel,Engineering,61606.36
71,Fleming,Richard,Engineering,67576.22
1019,Gilbert,Richard,Finance,108805.18
285,Zamora,Russell,Engineering,62438.54
1061,Jordan,Robert,Finance,106979.52
323,Bradley,Roy,Engineering,60394.9
1966,Austin,Randall,Finance,100155.58
210,Gray,Roberto,Finance,99914.65
1807,Chandler,Robert,Finance,95314.65
142,Silva,Reginald,Finance,93937.89
1464,Hampton,Roger,Finance,83982.23
612,Scott,Rebecca,Finance,78110.73
1541,Adkins,Robert,Finance,77352.26
758,Taylor,Raven,Finance,72924.98
1725,Wallace,Ryan,Finance,77126.81
961,Irwin,Randy,Finance,61665.27
1740,Warner,Robert,Finance,76483.41
563,Anderson,Ronald,HR,89759.39
1927,Martinez,Robert,Finance,72095.83
908,Evans,Ryan,HR,75802.38
1860,Cook,Robert,HR,87556.07
520,Gardner,Rebecca,HR,67312.78
1671,Welch,Rebecca,HR,76896.82
689,Barber,Richard,HR,58602.25
1022,Hernandez,Robert,HR,76619.37
806,White,Robert,IT,104757.14
1831,French,Ryan,HR,65383.13
644,Rice,Roger,IT,102037.14
1996,Johnson,Rebecca,HR,62367.36
452,Schmitt,Rachel,IT,101634.94
1079,Bryan,Robert,HR,53693.91
86,Robinson,Robert,IT,93109.43
1851,Myers,Rebecca,HR,51794.56
299,Reynolds,Ryan,IT,89321.97
1084,Price,Richard,IT,105009.17
516,Christensen,Richard,IT,80086.23
1259,Smith,Richard,IT,98607.8
33,Martin,Rachel,IT,79315.96
1201,Collins,Robert,IT,92590.76
921,Rice,Rhonda,IT,72239.42
1776,Kline,Ruth,IT,89927.67
170,Garcia,Ronald,IT,69072.04
1505,Lee,Richard,IT,86754.14
252,Brown,Ricky,IT,67543.41
1416,Myers,Robert,IT,76111.52
559,Robertson,Rachel,Legal,113068.86
1698,Carney,Rachel,IT,63156.01
427,Johnson,Rebekah,Legal,108360.11
1495,Nelson,Rhonda,IT,63000.56
549,King,Ronald,Legal,105771.2
1128,Griffin,Ryan,IT,61066.29
350,Long,Rachel,Legal,104231.05
1946,Williams,Ryan,Legal,122280.24
206,Hamilton,Rachel,Legal,101408.72
1757,Robinson,Richard,Legal,118452.27
202,Reed,Rachel,Legal,94480.54
1255,Rhodes,Rebecca,Legal,103160.47
927,Kelly,Ryan,Legal,88905.13
1127,Williams,Rachel,Legal,89825.32
553,Johnson,Ronald,Legal,84130.09
1021,Vaughn,Regina,Legal,86481.36
569,Wood,Renee,Legal,75577.25
1560,Brown,Randall,Legal,79581.62
695,Nguyen,Rebecca,Marketing,90754.5
1579,White,Roger,Legal,75249.39
328,Woodward,Regina,Marketing,70751.12
1074,Hamilton,Raymond,Legal,72437.17
107,Noble,Ryan,Marketing,65188.4
1932,Douglas,Randall,Legal,70893.13
213,Hernandez,Robert,Marketing,60101.15
1244,Weeks,Robert,Marketing,97532.48
126,Vargas,Richard,Marketing,59993.95
1791,Gonzalez,Ricky,Marketing,82253.98
973,Williams,Roger,Sales,89325.95
1312,Jones,Roger,Marketing,69908.56
926,Cain,Roger,Sales,86966.03
1166,Blevins,Robert,Sales,86402.49
426,Jenkins,Reginald,Sales,81567.21
1168,Young,Raymond,Sales,81870.16
420,Maxwell,Ryan,Sales,79646.59
1493,Thompson,Rebecca,Sales,68019.56
730,Johnson,Robert,Sales,78745.93
1129,Armstrong,Roger,Sales,62245.1
442,Miller,Robert,Sales,71282.63
1950,Anderson,Rebecca,Sales,58429.35
548,Brown,Robert,Sales,69397.43
1240,Gonzalez,Rebecca,Sales,47738.05
994,Payne,Robert,Support,71943.06
1040,Fuentes,Russell,Sales,45795.39
632,Dixon,Ryan,Support,65324.69
1755,Hunter,Rodney,Support,75872.26
294,Zavala,Richard,Support,61783.68
1433,Lopez,Rhonda,Support,74243.17
581,Green,Renee,Support,60041.54
1270,Weaver,Ricky,Support,57371.26
9452,Gonzalez,Ryan,Engineering,100218.97
2152,Anderson,Ruth,Engineering,103669.67
14890,Booker,Randall,Engineering,117182.42
1832,Mcmahon,Robert,Support,48752.17
9188,Thompson,Ryan,Engineering,95504.76
2884,Ortiz,Robert,Engineering,96308.28
14374,Williams,Robert,Engineering,99935.74
1153,Nguyen,Ryan,Support,42327.17
9961,Marquez,Riley,Engineering,91212.68
2986,Thomas,Robert,Engineering,93351.77
14777,Fox,Rebekah,Engineering,95479.15
11655,Gregory,Robert,Engineering,115248.23
9812,Collier,Rita,Engineering,90451.6
2497,Hobbs,Russell,Engineering,91702.67
14744,Lewis,Robert,Engineering,88930.79
11091,Reeves,Ricardo,Engineering,103765.66
9990,Steele,Rachel,Engineering,88449.84
2904,Weber,Robert,Engineering,80496.16
14854,Gonzalez,Renee,Engineering,75029.25
11947,Berry,Richard,Engineering,91869.29
9713,Cervantes,Randy,Engineering,84845.85
2103,Garcia,Ryan,Engineering,63219.5
14554,Carroll,Robert,Engineering,67440.03
11473,Crawford,Robin,Engineering,86623.36
9362,Vang,Ryan,Engineering,78504.94
2520,Jimenez,Ryan,Finance,107343.67
15000,Singh,Robyn,Engineering,66086.98
11550,Freeman,Ronald,Engineering,75733.1
9863,Holmes,Rachel,Engineering,72318.58
2405,Campbell,Ruben,Finance,104039.4
14957,Richards,Robert,Engineering,62060.67
11866,Conner,Ryan,Engineering,66306.4
9325,Evans,Ryan,Engineering,71577.96
2610,Tran,Robert,Finance,102830.8
14314,Tran,Ricardo,Engineering,61780.82
11870,Valencia,Rebecca,Engineering,65279.06
9707,Stone,Roger,Engineering,68103.96
2902,Smith,Roger,Finance,91388.25
14852,Arnold,Rachel,Finance,104607.24
11795,Dixon,Randy,Finance,104239.91
9391,Frederick,Rhonda,Finance,91430.1
2583,Figueroa,Raymond,Finance,91209.38
14942,Evans,Robert,Finance,101903.87
11651,Kent,Ricky,Finance,98549.93
9975,Andrews,Robin,Finance,79175.0
2330,Jones,Raymond,Finance,70805.43
14784,Rojas,Russell,Finance,97902.26
11610,Sanchez,Richard,Finance,90296.06
9510,Edwards,Ryan,Finance,76530.54
2285,Miller,Randy,Finance,63428.11
14009,Reynolds,Rebecca,Finance,89676.7
11560,Bennett,Rachel,Finance,84293.25
9948,Anderson,Ryan,Finance,75477.62
2533,Frazier,Ryan,HR,92768.32
14691,Taylor,Ryan,Finance,58421.94
11472,Hughes,Rebecca,Finance,76776.05
9077,Boyd,Ricky,Finance,56957.74
2586,Ramos,Rose,HR,86552.2
14135,Hudson,Ronald,HR,90037.77
11915,Rogers,Roberto,Finance,76043.51
9256,Hall,Rachel,HR,94104.1
2342,Montgomery,Ryan,HR,76270.88
14825,Reid,Rachel,HR,84233.15
11991,Hill,Robert,Finance,71872.13
9911,Henderson,Randy,HR,83035.48
2681,Bray,Roy,HR,73946.99
14622,Green,Robert,HR,75761.57
11973,Montgomery,Rhonda,Finance,70803.89
9254,Day,Ryan,HR,77786.93
2396,Ball,Richard,HR,73048.91
14059,Martin,Rebecca,HR,60408.25
11303,Wilson,Richard,Finance,55268.02
9832,Moses,Robert,HR,74755.72
2395,Petty,Russell,HR,50933.29
14879,Cunningham,Robert,IT,102086.96
11571,Flynn,Ryan,HR,89865.05
9801,Barnes,Renee,HR,74683.7
2263,Chase,Renee,IT,112122.26
14738,Brown,Robert,IT,94638.72
11780,Lopez,Robert,HR,89702.61
9493,Cooper,Ronald,HR,69496.06
2235,Holloway,Richard,IT,99263.37
14782,Lindsey,Rhonda,IT,71876.68
11164,Miller,Roger,HR,88666.36
9202,Lindsey,Rachel,HR,56488.85
2264,Wilson,Russell,IT,96057.05
14952,Young,Robert,IT,67847.9
11674,Mendoza,Robert,HR,73751.84
9722,Cline,Regina,IT,110522.94
2686,Williams,Rebecca,IT,92751.65
14760,Adkins,Robert,Legal,115568.26
11873,Bennett,Ronald,HR,73363.41
9041,Aguirre,Rebecca,IT,104240.7
2382,Nguyen,Rachael,IT,83026.71
14408,Rodriguez,Ronald,Legal,109852.81
11812,Solomon,Roberto,HR,70946.9
9343,Martin,Richard,IT,102125.42
2014,Day,Ryan,IT,79141.43
14680,Sanders,Roberta,Legal,108460.24
11904,Blevins,Rachel,HR,70836.92
9656,Hansen,Ricky,IT,98408.56
2295,Bryant,Ronnie,IT,77320.14
14318,Johnson,Richard,Legal,101847.55
11492,White,Robert,HR,70232.09
9422,Castillo,Robert,IT,88417.15
2818,Rodriguez,Richard,IT,75844.6
14498,Martin,Rebecca,Legal,94203.01
11315,Miller,Robert,HR,60231.32
9502,Sutton,Raymond,IT,87174.68
2188,Gonzalez,Robin,IT,75667.02
14802,Roach,Richard,Legal,91239.54
11214,Mccoy,Richard,HR,55989.17
9091,Olsen,Ryan,IT,86116.38
2799,Maxwell,Rebecca,IT,74755.91
14140,Flores,Rachel,Legal,89618.64
11385,Hicks,Rebecca,HR,52244.28
9847,Watkins,Robert,IT,85914.01
2540,Mclean,Ricky,IT,71937.82
14618,James,Rachel,Legal,88183.55
11160,Nelson,Ryan,HR,51671.63
9003,Adkins,Rachel,IT,81764.82
2423,Adams,Rose,IT,64344.78
14321,Kelley,Ryan,Legal,84097.57
11276,Riley,Ryan,HR,50082.16
9230,Wilson,Ryan,IT,71487.91
2950,Wells,Robert,Legal,105662.39
14663,Rose,Reginald,Legal,66179.23
11896,Johnson,Robert,IT,114018.69
9342,Smith,Rebecca,IT,66399.7
2099,Doyle,Rachel,Legal,105590.88
14044,Moore,Robert,Marketing,97349.02
11974,Rosales,Russell,IT,102935.88
9276,Mann,Robert,IT,61540.06
2761,Walker,Roy,Legal,104649.62
14656,Ramirez,Roger,Marketing,76209.59
11725,Avila,Ronald,IT,98926.04
9372,King,Randy,IT,60487.68
2966,Pearson,Ricardo,Legal,101867.2
14048,Evans,Rita,Marketing,67459.7
11190,Carlson,Robert,IT,98400.85
9018,Fisher,Raymond,Legal,110423.1
2399,Williams,Rebecca,Legal,96782.83
14260,Bates,Ricky,Marketing,65367.7
11279,Bautista,Randall,IT,97386.06
9245,Kim,Richard,Legal,99901.08
2585,Coleman,Ryan,Legal,95379.14
14193,Carter,Ralph,Marketing,57436.92
11548,Miller,Ryan,IT,97286.87
9025,Lee,Richard,Legal,90953.56
2476,Atkins,Richard,Legal,65207.42
14487,Henry,Richard,Marketing,57429.31
11239,Cohen,Rebecca,IT,96881.19
9166,Taylor,Robert,Legal,82903.59
2567,Gonzalez,Robin,Marketing,95805.01
14468,Lewis,Rebecca,Sales,83587.73
11792,Ramirez,Randall,IT,96844.24
9445,Acosta,Rachel,Legal,79396.44
2684,Jones,Regina,Marketing,91546.73
14377,Powers,Rebecca,Sales,80693.36
11244,Swanson,Robert,IT,81082.53
9209,Sanchez,Ryan,Marketing,80346.63
2133,Mcdonald,Ryan,Marketing,85834.64
14971,Allen,Ruth,Sales,71939.6
11079,Martin,Ryan,IT,75091.37
9867,Francis,Ryan,Marketing,67157.24
2870,Mckenzie,Ronnie,Marketing,83469.49
14014,Frederick,Rachel,Sales,66401.54
11459,Allison,Ronald,IT,66926.01
9191,Harris,Robin,Marketing,60709.87
2871,Mendoza,Randall,Marketing,77246.59
14168,Torres,Raymond,Sales,65197.62
11429,Adams,Ryan,IT,65516.64
9519,Walters,Rebecca,Marketing,60376.93
2249,Levine,Rachel,Marketing,75401.43
14778,Schneider,Richard,Sales,63248.32
11051,Wood,Ricardo,IT,60262.22
9607,Lewis,Ryan,Marketing,54233.78
2935,Sullivan,Roberto,Marketing,74310.37
14352,Sutton,Ryan,Sales,58078.33
11361,Hogan,Robert,Legal,123013.6
9265,Williamson,Rhonda,Sales,87350.38
2462,Hunter,Rachel,Marketing,74213.42
14276,Thomas,Rodney,Sales,57819.07
11783,Flores,Ronald,Legal,119456.31
9942,Gray,Robert,Sales,86983.52
2543,Johnson,Ryan,Marketing,65738.16
14517,Cruz,Robert,Sales,55238.72
11734,Simon,Robert,Legal,115551.97
9120,Daniels,Ray,Sales,81202.16
2194,Vasquez,Robert,Marketing,62764.4
14223,Singleton,Ruth,Sales,55092.02
11322,Cohen,Robert,Legal,107630.68
9825,Richards,Raymond,Sales,76699.98
2205,Nunez,Rickey,Marketing,61779.21
14624,Arnold,Rebecca,Sales,46583.83
11184,Hernandez,Robert,Legal,106699.14
9287,Harris,Randy,Sales,73451.85
2588,Kline,Robert,Marketing,57813.29
14967,Morales,Ronnie,Support,79803.68
11323,Medina,Rachel,Legal,82704.09
9436,Herrera,Ronald,Sales,67129.0
2046,Mayo,Richard,Marketing,53455.99
14373,Thompson,Rachael,Support,59404.26
11326,Soto,Rose,Legal,80433.39
9579,Mendoza,Rebecca,Sales,63285.44
2926,Macdonald,Regina,Sales,86052.06
14064,Owen,Ronald,Support,56588.15
11386,Adkins,Robert,Legal,73862.54
9079,Collier,Robert,Sales,62920.86
2580,Rojas,Ronald,Sales,83047.89
14557,Palmer,Richard,Support,53719.01
11050,Watson,Rodney,Marketing,84482.95
9494,Martin,Rhonda,Sales,55897.83
2178,Dodson,Rebecca,Sales,80223.02
14564,Campos,Raven,Support,49702.12
11803,Smith,Rebekah,Marketing,82758.81
9918,Ellis,Rhonda,Sales,48263.06
2141,Kelly,Ryan,Sales,75696.25
14610,Livingston,Ryan,Support,45151.2
11543,Solis,Ryan,Marketing,73003.15
9963,Alexander,Robert,Support,79998.69
2556,Horton,Robert,Sales,66467.91
11945,Sullivan,Ryan,Marketing,72305.14
9497,Burns,Randy,Support,78409.5
2108,Kelly,Rebecca,Sales,59112.29
11194,Lane,Ronald,Marketing,60077.76
9679,Neal,Robert,Support,77300.39
2447,Barr,Rebecca,Sales,54317.41
11039,Gonzalez,Renee,Marketing,53302.93
9692,Vargas,Robert,Support,70366.13
2878,Wagner,Robert,Sales,50802.74
11975,Shaffer,Rachael,Sales,89471.89
9247,Potter,Ronald,Support,60134.3
2481,Holt,Rhonda,Sales,50156.59
11010,Hayes,Rebecca,Sales,85338.77
9399,Lowe,Rachel,Support,47557.52
2657,Moore,Rebecca,Support,76741.64
11121,Coleman,Randall,Sales,85331.49
13261,James,Ronald,Engineering,111204.58
2843,Santiago,Robert,Support,67883.17
11724,Rose,Ryan,Sales,61977.06
13171,Simpson,Rachel,Engineering,102361.87
2850,Martinez,Roberta,Support,63703.48
11376,Kennedy,Richard,Sales,61371.37
13505,Hall,Richard,Engineering,76006.48
2914,Marquez,Richard,Support,63012.39
11818,Lyons,Russell,Sales,58607.38
13507,Duran,Robert,Engineering,73008.04
2622,Dunn,Ruth,Support,54056.11
11388,Robinson,Ronald,Sales,45506.71
13767,Gardner,Robin,Engineering,69590.18
2003,Powell,Ryan,Support,50658.0
11488,Johnston,Renee,Support,71806.24
13660,Simon,Ryan,Engineering,62496.71
2795,Lee,Ryan,Support,46932.76
11225,Kennedy,Roger,Support,62612.91
13236,Freeman,Robert,Finance,107462.34
2779,Maldonado,Ryan,Support,40205.0
11503,Davis,Richard,Support,61304.03
13512,Smith,Robert,Finance,106194.04
5528,Baldwin,Robert,Engineering,116598.87
11280,Torres,Robert,Support,57910.74
13300,Salas,Ryan,Finance,90412.24
5990,Baker,Robert,Engineering,112855.71
11527,Dunn,Rebecca,Support,57122.56
13851,Murphy,Reginald,Finance,86655.41
5955,Ferguson,Regina,Engineering,107339.85
11308,Hart,Robert,Support,56815.19
13453,Carter,Robert,Finance,84428.85
5724,Bell,Rebecca,Engineering,100581.59
11982,Taylor,Richard,Support,48814.6
13970,Mclaughlin,Ryan,Finance,81366.52
5169,Edwards,Rachel,Engineering,90391.04
10457,Cooper,Rachel,Engineering,119400.15
13416,Johnson,Robert,Finance,75834.95
5633,Washington,Ronald,Engineering,80656.07
10234,Graham,Robert,Engineering,109975.49
13821,Osborne,Robyn,Finance,70807.31
5337,Flores,Ryan,Engineering,77401.62
10638,Mcdowell,Rose,Engineering,77799.42
13168,Jones,Rachel,Finance,66225.58
5951,Caldwell,Robin,Engineering,72631.98
10179,Flores,Rhonda,Engineering,66351.98
13935,Garcia,Richard,Finance,65596.76
5623,Hernandez,Raven,Engineering,69568.68
10388,Benton,Ronald,Engineering,64823.06
13156,Howard,Rachel,Finance,61353.59
5773,Williams,Rebecca,Engineering,66633.21
10254,Hawkins,Robert,Engineering,61728.85
13534,Roberts,Randy,Finance,60979.19
5128,James,Richard,Engineering,66060.81
10913,Potter,Robert,Finance,107109.91
13610,Russell,Rachel,Finance,57221.2
5138,Taylor,Raymond,Finance,106526.2
10383,Fowler,Rose,Finance,104215.96
13553,Green,Raymond,HR,92810.09
5070,Martinez,Regina,Finance,89399.36
10758,Bradford,Ryan,Finance,93157.38
13051,Hernandez,Ryan,HR,82613.57
5531,Roberts,Ronald,Finance,77563.19
10302,Roth,Richard,Finance,92765.52
13983,Nelson,Rebecca,HR,81699.36
5448,Daniels,Ryan,Finance,66741.54
10648,Brewer,Ricky,Finance,80964.39
13900,Thomas,Roy,HR,75676.31
5908,Moss,Robert,Finance,64386.22
10861,Sparks,Ryan,Finance,68102.57
13311,Deleon,Robert,HR,69579.61
5262,Smith,Richard,Finance,61428.93
10176,Walker,Rebecca,Finance,55958.58
13686,Sullivan,Roger,HR,61531.44
5662,Hart,Ryan,HR,92410.1
10408,Dixon,Robin,HR,80680.52
13465,Washington,Ryan,IT,95778.43
5471,Lee,Robert,HR,90947.79
10556,Anderson,Robert,HR,76092.8
13843,Hardin,Rebecca,IT,92268.57
5972,Richard,Ronnie,HR,90433.12
10124,Graham,Rebecca,HR,69804.08
13121,Hall,Rita,IT,79288.9
5104,Villa,Rachael,HR,71347.96
10818,Hernandez,Ryan,HR,67458.83
13910,Ramirez,Renee,IT,75228.76
5055,Lyons,Rachel,HR,69304.56
10296,Lee,Rhonda,HR,63618.82
13089,Johnson,Roy,IT,65744.42
5918,Garcia,Ryan,HR,56811.11
10174,Donovan,Roberto,HR,63437.18
13621,Beard,Robert,Legal,113819.2
5176,Sanchez,Robert,IT,108068.2
10877,Henry,Robert,HR,54137.11
13640,Lee,Ryan,Legal,104023.78
5954,Cox,Richard,IT,104978.68
10068,Lopez,Raymond,HR,51795.07
13433,Silva,Raymond,Legal,95526.67
5996,Johnson,Rhonda,IT,94738.29
10033,Lang,Robert,IT,107962.74
13519,Brown,Robert,Legal,93361.84
5035,Kelly,Randall,IT,89902.36
10416,Martin,Robyn,IT,62629.94
13119,Brown,Robert,Legal,87053.82
5465,Johnson,Rhonda,IT,81424.49
10577,Johnson,Rachel,Legal,124724.79
13077,Hurley,Robert,Legal,81249.48
5906,Daniel,Robert,IT,75037.3
10706,Anthony,Ricky,Legal,119231.9
13677,Baker,Roberto,Legal,76919.46
5212,Kelly,Robert,IT,69295.67
10836,Crawford,Roy,Legal,105424.52
13197,Finley,Reginald,Legal,75297.79
5259,Bryant,Ryan,IT,68569.48
10482,Allison,Robert,Legal,102962.11
13650,Shah,Ralph,Legal,65024.44
5831,Parker,Rhonda,IT,63445.24
10817,White,Richard,Legal,88828.06
13042,Ross,Rebecca,Marketing,98476.55
5026,Cohen,Ryan,IT,63189.31
10267,Jordan,Rebecca,Legal,88727.8
13693,Sosa,Ricardo,Marketing,98028.96
5105,Foster,Rebecca,Legal,114695.38
10265,Carroll,Renee,Legal,85223.34
13065,Valdez,Robert,Marketing,90336.92
5429,Brown,Renee,Legal,103744.78
10202,Wilson,Robert,Legal,84114.4
13878,Mccall,Ronnie,Marketing,87542.36
5349,Williams,Raymond,Legal,94696.45
10443,George,Rachel,Legal,82209.86
13830,Gonzalez,Ronald,Marketing,87442.88
5988,Parsons,Robert,Legal,89865.95
10912,Barnes,Robert,Legal,74249.75
13224,Simmons,Russell,Marketing,84004.24
5641,Brown,Richard,Legal,79032.4
10597,Underwood,Robert,Legal,67366.17
13647,Johnson,Richard,Marketing,81290.35
5457,Black,Robin,Legal,73730.38
10542,Erickson,Rebecca,Legal,67354.21
13250,Price,Ryan,Marketing,81279.35
5414,Brooks,Robert,Legal,72213.16
10066,Huang,Raymond,Legal,65979.83
13729,Gibson,Ricky,Marketing,66603.36
5315,Porter,Rachel,Legal,71901.04
10198,Banks,Robert,Marketing,94990.13
13615,Cox,Richard,Marketing,56930.76
5890,Herrera,Robert,Legal,67025.08
10733,Gibbs,Richard,Marketing,93168.31
13478,Noble,Raymond,Sales,86226.58
5281,Schwartz,Ryan,Marketing,84257.41
10310,Wilson,Ryan,Marketing,91938.94
13294,Campos,Robert,Sales,83564.7
5563,Wise,Rodney,Marketing,83685.84
10939,Benitez,Ryan,Marketing,91095.29
13937,Barker,Richard,Sales,79543.64
5452,Frazier,Ronald,Marketing,63647.32
10933,Collins,Rebecca,Marketing,90453.6
13140,Church,Raven,Sales,72458.55
5130,Davis,Robin,Marketing,57399.36
10358,Jones,Roy,Marketing,80303.32
13092,Sparks,Robert,Sales,64180.36
5761,Skinner,Robin,Sales,87223.88
10756,Nash,Rebecca,Marketing,66940.16
13929,Coleman,Raven,Sales,61908.85
5942,Jordan,Robert,Sales,86958.33
10395,Williams,Robert,Marketing,60551.95
13413,Hamilton,Richard,Sales,57047.44
5029,Nielsen,Richard,Sales,86674.17
10291,Johnson,Robert,Marketing,58622.18
13325,Jones,Richard,Sales,48243.75
5387,Torres,Robert,Sales,77086.07
10469,Simpson,Randall,Marketing,57769.39
13361,Fleming,Richard,Sales,46313.68
5768,Taylor,Russell,Sales,76579.25
10994,Smith,Robert,Sales,77237.54
13711,Clark,Robert,Support,76527.26
5378,Burch,Rachel,Sales,72289.27
10287,Lopez,Renee,Sales,67805.23
13145,Warren,Richard,Support,75182.44
5546,Hernandez,Robert,Sales,54505.71
10235,Sandoval,Rebecca,Sales,65787.7
13124,Kaiser,Robert,Support,72832.58
5605,Nunez,Randy,Sales,46705.08
10467,Lara,Richard,Sales,63951.72
13629,Morgan,Rebecca,Support,57651.91
5987,Guzman,Ray,Support,77066.93
10764,Howard,Rebecca,Sales,57619.11
13006,Burke,Richard,Support,56004.66
5940,Maldonado,Ryan,Support,74682.82
10083,Burgess,Raymond,Sales,54283.77
13332,Massey,Rose,Support,51507.8
5719,Brown,Robert,Support,72806.97
10232,Dunn,Robert,Sales,53667.75
14000,Mills,Robert,Support,44844.66
5694,Delacruz,Robert,Support,71359.28
10430,Martinez,Reginald,Sales,51887.11
13289,Bennett,Ryan,Support,40742.05
5225,Wilson,Robert,Support,71352.67
10018,Matthews,Robert,Sales,49765.59
5426,Wheeler,Rebecca,Support,71217.93
10749,Wang,Robert,Sales,47194.17
5150,Palmer,Rick,Support,63532.9
10305,Brown,Ronald,Sales,45002.81
5997,Thompson,Rachael,Support,63297.56
10217,Scott,Rebecca,Support,73523.26
5716,Pham,Rebecca,Support,50994.1
10724,Smith,Rebecca,Support,72315.99
5832,Taylor,Robert,Support,44645.35
10160,Potts,Ryan,Support,67261.15
5842,Frank,Robert,Support,41737.26
10544,Copeland,Robert,Support,66169.3
15501,Griffin,Rhonda,Engineering,119825.73
10889,Hughes,Rebecca,Support,65679.44
15541,Browning,Robert,Engineering,118456.36
10038,Anderson,Richard,Support,64847.13
15824,Murray,Raymond,Engineering,98665.03
10732,Santiago,Ricky,Support,54989.28
15546,Ferguson,Richard,Engineering,93134.09
10304,Thompson,Rebecca,Support,53307.03
15372,Salas,Robert,Engineering,85077.99
10713,Goodman,Ryan,Support,51420.19
15053,Morales,Rhonda,Engineering,77934.64
10525,Reeves,Robin,Support,50780.22
15973,Sellers,Ryan,Engineering,75618.94
10827,Wright,Richard,Support,49838.91
15822,Mack,Ralph,Engineering,75490.73
10041,Roberts,Ronald,Support,46926.59
15092,Huber,Raymond,Engineering,71389.13
10236,Mcclure,Rebecca,Support,46647.78
15003,Walker,Robert,Engineering,65470.57
10587,Wang,Roberto,Support,43469.3
15705,White,Ryan,Engineering,64237.82
12141,Thomas,Rebekah,Engineering,119095.99
15170,Mcdonald,Rebekah,Finance,101968.97
12496,Murphy,Robin,Engineering,100903.47
15806,Wilson,Robert,Finance,100707.21
12662,Monroe,Ray,Engineering,94898.89
15811,White,Rebecca,Finance,100127.83
12478,Garcia,Rodney,Engineering,94568.72
15631,Howe,Ronnie,Finance,99419.14
12924,Fernandez,Robert,Engineering,91939.68
15448,Davis,Robyn,Finance,96217.23
12638,Sanders,Robert,Finance,106908.36
15311,Todd,Ryan,Finance,93244.19
12913,Hamilton,Rebecca,Finance,105814.3
15153,Terry,Robert,Finance,84763.32
12582,Deleon,Randy,Finance,105069.66
15023,Terrell,Raymond,Finance,79337.16
12221,Little,Roger,Finance,95005.22
15920,Mason,Rhonda,Finance,70812.41
12749,Stevens,Randall,Finance,86539.43
15293,Curtis,Robert,Finance,68195.91
12273,Kelly,Rose,Finance,85660.2
15046,Martinez,Ryan,Finance,65569.2
12341,Nichols,Richard,Finance,70662.22
15797,Mclaughlin,Richard,Finance,62980.55
12588,Williams,Robert,Finance,70001.39
15642,Martin,Richard,Finance,58455.07
12640,Hicks,Robert,Finance,60865.6
15817,Stevenson,Ronald,HR,86074.82
12373,Davidson,Ryan,Finance,57118.17
15198,Wood,Ryan,HR,84550.63
12630,Jones,Roger,HR,91701.16
15733,Fowler,Rickey,HR,79462.11
12098,Watkins,Robert,HR,90902.73
15643,Martin,Ricky,HR,73863.91
12391,Hall,Robert,HR,90244.0
15603,Wilson,Raymond,HR,65539.02
12666,Williams,Robert,HR,87234.83
15425,Williams,Richard,HR,64623.79
12017,Gomez,Robert,HR,73507.06
15494,Mclaughlin,Rebecca,HR,55242.54
12523,Guerra,Robin,HR,57980.01
15329,Rowe,Robyn,HR,51760.66
12867,Becker,Randall,HR,50396.59
15679,Smith,Richard,IT,103616.7
12730,Meyers,Rachael,IT,114310.49
15214,Smith,Regina,IT,103203.13
12229,Sutton,Ryan,IT,93958.06
15946,Roberts,Rachel,IT,94333.21
12151,Simpson,Rodney,IT,93305.45
15545,Brown,Robert,IT,90464.04
12634,Brown,Robert,IT,91167.73
15994,Robertson,Ricky,IT,78136.11
12872,Walker,Rebecca,IT,90072.4
15588,Ferguson,Ryan,IT,66156.7
12370,Lozano,Rachel,IT,88302.67
15826,Stevens,Rose,IT,65935.72
12127,Jones,Rachael,IT,78469.15
15165,Medina,Richard,IT,62861.24
12507,Norris,Rachel,IT,68355.87
15862,Aguirre,Rebekah,Legal,124678.98
12118,Adkins,Robert,Legal,122512.53
15576,Chang,Richard,Legal,112012.5
12027,Hebert,Rebecca,Legal,111831.71
15769,Davis,Ronald,Legal,105556.15
12406,Perkins,Richard,Legal,106647.73
15186,Thompson,Randall,Legal,105181.84
12504,Norton,Robert,Legal,88489.49
15608,Middleton,Robert,Legal,102576.42
12857,Green,Roberto,Legal,79125.52
15717,Andersen,Robert,Legal,97168.22
12782,Padilla,Ryan,Legal,77375.86
15051,Fields,Ryan,Legal,87964.6
12631,Bright,Ricky,Legal,73436.53
15097,Miller,Ryan,Legal,86863.75
12533,Fisher,Ronald,Marketing,99845.76
15266,Moore,Randall,Legal,86615.61
12553,Cooper,Roy,Marketing,77750.86
15257,Martinez,Rhonda,Legal,82757.48
12865,Rivera,Rachel,Marketing,61849.39
15059,Barr,Renee,Legal,80423.21
12995,Harrison,Richard,Marketing,59435.43
15905,Blackwell,Rebecca,Legal,73518.83
12334,Roberts,Rachel,Marketing,53653.61
15595,Klein,Robin,Legal,71755.47
12324,Evans,Robert,Marketing,51081.72
15400,Holder,Robert,Marketing,79705.6
12637,Bush,Richard,Sales,88727.01
15025,Fernandez,Ralph,Sales,84611.28
12503,Tapia,Ray,Sales,86952.11
15599,Becker,Richard,Sales,66004.2
12439,Jimenez,Ryan,Sales,81534.52
15858,Reyes,Regina,Sales,63534.04
12664,Oneill,Rebecca,Sales,77263.85
15220,Caldwell,Rebecca,Sales,62750.46
12570,Estrada,Robin,Sales,74633.91
15273,Green,Ryan,Sales,60038.35
12682,Wells,Robert,Sales,71818.02
15729,Bryant,Robert,Sales,47900.2
12672,Williams,Rebecca,Sales,65857.48
15865,Evans,Robert,Support,79960.71
12428,Ibarra,Rebecca,Sales,63023.6
15197,Weber,Ryan,Support,77606.56
12275,Frederick,Randy,Sales,58484.28
15850,Cooper,Roger,Support,75808.48
12868,Carney,Ryan,Sales,58105.27
15444,Armstrong,Ryan,Support,71971.69
12604,White,Roy,Sales,57898.06
15323,Smith,Robert,Support,70318.23
12898,Kennedy,Robert,Sales,55347.71
15364,Chavez,Rebecca,Support,69605.45
12957,Bishop,Raymond,Sales,50692.51
15207,Taylor,Richard,Support,67237.77
12566,Nelson,Rachel,Sales,49134.72
15330,Trujillo,Robin,Support,47121.56
12992,Moon,Rachael,Sales,48661.85
15113,Lewis,Ryan,Support,41088.74
12714,Flores,Richard,Sales,47854.43
15071,Hernandez,Robert,Support,40489.74
12845,Fleming,Ronald,Support,71132.96
7878,Ross,Rachel,Engineering,118095.65
12081,Foster,Rhonda,Support,66260.27
7089,Stanley,Rita,Engineering,115244.05
12942,Adams,Rachel,Support,43503.92
7278,Lopez,Robert,Engineering,114868.97
8848,Salinas,Ryan,Engineering,108158.45
7760,White,Renee,Engineering,113168.32
8990,Martin,Richard,Engineering,100496.87
7771,Berry,Ricardo,Engineering,101612.6
8715,Walsh,Rick,Engineering,97290.63
7587,Giles,Rachel,Engineering,98169.73
8634,Hoffman,Reginald,Engineering,93736.33
7362,Malone,Richard,Engineering,88210.01
8835,Hahn,Robert,Engineering,88444.28
7871,Barrera,Richard,Engineering,67519.37
8408,Nelson,Renee,Engineering,71686.13
7182,Smith,Robert,Finance,105575.94
8210,Stewart,Robert,Engineering,68665.43
7215,Carson,Rebecca,Finance,105213.6
8576,Lopez,Ronald,Finance,90920.47
7435,Johnson,Robert,Finance,95744.33
8510,Anderson,Robin,Finance,87804.24
7432,Miller,Robert,Finance,85819.79
8645,Haney,Randy,Finance,72210.9
7420,Bell,Robert,Finance,78616.3
8215,Li,Rebecca,Finance,70968.24
7898,Evans,Robin,HR,94954.08
8895,Hall,Rhonda,Finance,56666.3
7101,Wilson,Robert,HR,93567.6
8712,Nelson,Ross,HR,89087.38
7074,Lloyd,Regina,HR,87048.55
8840,Wilson,Robert,HR,82884.83
7616,Gordon,Robert,HR,83928.67
8772,Carr,Ricky,HR,81383.11
7570,Sanchez,Ricky,HR,82685.76
8418,Clark,Robert,HR,76042.48
7954,Clark,Robert,HR,79154.2
8345,Lawrence,Richard,HR,75993.41
7212,Williams,Rebecca,HR,78426.09
8214,Miller,Rick,HR,69985.45
7317,Ortega,Ryan,HR,74527.02
8762,Mitchell,Rachel,HR,67084.16
7140,Johnson,Raymond,HR,71239.32
8332,Fisher,Robin,HR,59878.29
7730,Buck,Robert,HR,66488.44
8018,Wiggins,Rachel,HR,55003.8
7711,Robinson,Rebecca,HR,52599.32
8403,James,Roberta,HR,54377.0
7843,Cobb,Ricky,IT,114503.54
8069,Mccall,Randy,HR,50106.86
7940,Buck,Robin,IT,112606.1
8110,Parrish,Rebecca,IT,83175.41
7635,Wells,Rebecca,IT,106576.38
8519,Lewis,Robyn,IT,75834.08
7385,Oliver,Rebecca,IT,105512.57
8021,Fuller,Robert,IT,69963.77
7335,Carpenter,Robert,IT,81012.55
8452,Graham,Raymond,IT,69496.82
7227,White,Robin,IT,76853.04
8644,Mcguire,Ronald,IT,61515.18
7630,Benjamin,Randy,IT,76209.98
8966,West,Robert,Legal,119669.57
7481,Kelly,Richard,IT,61429.94
8285,Walker,Robin,Legal,118076.88
7688,Ochoa,Richard,Legal,119232.0
8660,Wilkerson,Ryan,Legal,109075.55
7340,Edwards,Renee,Legal,119110.28
8478,Harding,Robert,Legal,107814.73
7024,Dominguez,Robert,Legal,115373.3
8611,Spencer,Robert,Legal,101028.39
7226,Love,Richard,Legal,75246.82
8701,Murphy,Ryan,Legal,98164.97
7242,Williamson,Richard,Legal,71450.89
8766,Richardson,Rodney,Legal,93046.19
7418,Taylor,Roy,Legal,68862.2
8142,Gordon,Rita,Legal,84147.17
7368,Peterson,Rose,Marketing,99701.38
8915,Andrade,Robert,Legal,81885.4
7455,Hutchinson,Renee,Marketing,96806.04
8149,Bryant,Robert,Marketing,99873.48
7817,George,Robin,Marketing,86644.15
8405,Black,Richard,Marketing,94840.16
7734,Benson,Rebecca,Marketing,86544.59
8079,Noble,Raymond,Marketing,94670.3
7187,Holland,Ryan,Marketing,84224.97
8617,Foster,Richard,Marketing,89762.51
7795,Joseph,Robert,Marketing,81502.78
8830,Moore,Ruth,Marketing,74832.2
7271,Schmidt,Ross,Marketing,81237.56
8752,Jefferson,Richard,Marketing,70433.65
7283,Merritt,Ruth,Marketing,78215.41
8771,Hale,Ronald,Marketing,61002.99
7714,Lopez,Rachel,Marketing,73114.03
8777,Young,Ralph,Marketing,58343.17
7650,Williams,Renee,Marketing,66911.33
8987,Cook,Robert,Marketing,56843.25
7861,Sherman,Robin,Marketing,56163.22
8458,Johnson,Robert,Marketing,56743.05
7148,Vazquez,Ricky,Sales,89498.13
8783,Juarez,Robert,Marketing,54522.78
7515,Franklin,Rebecca,Sales,87791.48
8732,White,Robert,Marketing,52218.01
7535,Martin,Robin,Sales,87338.79
8029,Mccoy,Rebekah,Sales,89744.84
7038,Roth,Ryan,Sales,84004.29
8276,Riley,Rebecca,Sales,78648.08
7244,Watson,Rachel,Sales,81974.73
8991,Mays,Robert,Sales,71445.64
7922,Smith,Richard,Sales,62377.94
8148,Ford,Roy,Sales,62928.6
7246,Wright,Rebecca,Sales,55355.37
8153,Clayton,Robert,Sales,60582.5
7386,Travis,Raymond,Sales,53921.2
8515,Mann,Robert,Sales,60265.1
7152,Wiggins,Robert,Sales,53347.55
8141,Martinez,Roger,Sales,57878.65
7191,Floyd,Ronald,Sales,48977.21
8940,Costa,Ryan,Sales,52609.46
7174,Arnold,Roger,Support,79792.57
8465,Gomez,Renee,Support,79934.7
7307,Wise,Ryan,Support,68402.76
8355,Rodriguez,Richard,Support,71440.53
7542,Sparks,Robert,Support,67419.79
8123,Morgan,Ronald,Support,70362.83
7178,Monroe,Robert,Support,58806.18
8257,Anderson,Richard,Support,67724.86
7705,Clark,Ronald,Support,54916.75
8089,Rogers,Robin,Support,63875.82
7809,Bell,Roger,Support,54725.68
8086,Barnes,Robert,Support,60717.62
7590,West,Richard,Support,53700.18
8108,Porter,Rebecca,Support,60695.44
7044,Smith,Roberta,Support,42945.12
8728,White,Ronald,Support,54279.39
7713,Wade,Robert,Support,41864.94
8877,Bradley,Russell,Support,40627.46
4547,Gamble,Rachel,Engineering,110789.21
3227,Hutchinson,Rachel,Engineering,119510.3
4619,Washington,Richard,Engineering,76215.69
3972,Murphy,Rhonda,Engineering,106324.91
4259,Goodman,Rodney,Engineering,63999.77
3056,Velez,Russell,Engineering,101812.94
4666,Mccullough,Ricky,Engineering,62449.32
3219,Lambert,Rachael,Engineering,99787.04
4399,Meyer,Reginald,Finance,107226.1
3371,Carpenter,Ryan,Engineering,99410.08
4100,Morrow,Ryan,Finance,104271.91
3012,Simmons,Robert,Engineering,93803.94
4418,Kirk,Robin,Finance,97488.96
3270,Clark,Rachel,Engineering,87861.91
4786,Bradley,Renee,Finance,97159.6
3104,Hess,Rose,Engineering,84959.1
4004,Murray,Rebecca,Finance,94710.09
3881,Sullivan,Rachel,Engineering,81229.1
4805,Becker,Robert,Finance,93709.48
3186,Lewis,Roger,Engineering,65730.75
4320,Cameron,Richard,Finance,80258.36
3937,Benson,Robert,Finance,108058.95
4156,Calderon,Raymond,Finance,73980.92
3452,Snyder,Russell,Finance,87555.01
4231,King,Ronald,Finance,68427.42
3520,Dunn,Rebecca,Finance,78128.49
4997,Foster,Rachael,Finance,63609.32
3577,Shea,Ryan,Finance,61674.18
4166,Lozano,Ray,Finance,61861.17
3090,Morales,Raymond,HR,94029.41
4292,Lyons,Rachel,HR,94687.31
3471,Schmidt,Robert,HR,92493.85
4432,Walker,Rebecca,HR,90940.58
3634,Powell,Robert,HR,92265.82
4353,Odonnell,Rachel,HR,89536.59
3737,Garrett,Reginald,HR,87875.38
4274,Smith,Rachel,HR,76826.73
3302,Tapia,Ryan,HR,87068.08
4410,Jones,Rachel,HR,76198.79
3273,Snyder,Rodney,HR,86919.28
4716,Armstrong,Richard,HR,76144.63
3097,Chapman,Ruben,HR,85389.42
4317,Scott,Rachel,HR,62366.53
3705,Roberts,Ryan,HR,84978.7
4810,Gray,Rebecca,IT,108479.79
3325,Richardson,Reginald,HR,73852.44
4895,Rios,Robert,IT,107861.19
3681,Taylor,Richard,HR,67988.79
4992,Miller,Robert,IT,106812.62
3395,Hale,Renee,HR,63870.1
4881,Boyd,Richard,IT,101193.96
3757,Mendoza,Richard,HR,57002.91
4460,Mueller,Robert,IT,90495.57
3039,Ruiz,Robert,HR,52668.52
4017,Diaz,Robert,IT,87962.06
3330,Olson,Robert,HR,51900.54
4609,Escobar,Richard,IT,85471.83
3941,Winters,Ryan,IT,106652.81
4096,Henderson,Ryan,IT,65302.85
3850,Nash,Ryan,IT,94962.46
4148,Hutchinson,Ronald,Legal,118866.31
3297,Lowe,Russell,IT,92676.92
4849,Foster,Robert,Legal,116713.62
3313,Williams,Rachael,IT,86682.29
4641,Bauer,Robert,Legal,109687.19
3560,Waller,Ryan,IT,84485.34
4479,Rodriguez,Ryan,Legal,107183.22
3994,Harding,Richard,IT,67302.15
4713,Collins,Rebecca,Legal,79825.33
3630,Torres,Rachel,IT,61160.37
4203,Serrano,Richard,Legal,77191.7
3403,Herman,Robert,Legal,122421.96
4398,Parker,Robert,Legal,67968.12
3247,Ward,Ryan,Legal,99904.08
4843,Perry,Rachel,Legal,67434.49
3848,Velasquez,Raymond,Legal,99180.22
4390,Rogers,Ryan,Marketing,93304.34
3334,Allen,Ronald,Legal,83713.85
4952,Ross,Riley,Marketing,90750.89
3793,Frazier,Robert,Legal,69619.69
4228,Mccormick,Robert,Marketing,82980.18
3409,Henderson,Roy,Marketing,94152.91
4690,Rodgers,Robert,Marketing,65992.31
3160,Jackson,Rebecca,Marketing,91645.82
4444,Grant,Renee,Marketing,65527.28
3616,Moore,Rodney,Marketing,90316.94
4776,Strickland,Richard,Marketing,63119.52
3666,Donovan,Rebecca,Marketing,88966.32
4439,Mcgee,Rebecca,Marketing,62449.9
3163,Ramirez,Raymond,Marketing,83427.58
4123,Wilson,Ruth,Marketing,62274.36
3777,Shepard,Rachel,Marketing,76813.17
4588,Duarte,Robert,Marketing,59397.65
3719,Patel,Richard,Marketing,72855.23
4115,Barnes,Renee,Marketing,56031.47
3943,Mason,Renee,Marketing,71245.04
4749,Randolph,Ricky,Sales,88434.13
3421,Carrillo,Richard,Marketing,69574.38
4074,Huang,Ryan,Sales,63383.0
3669,Johnson,Richard,Marketing,57842.6
4139,Russo,Ricky,Sales,62044.25
3315,Marks,Regina,Marketing,54663.56
4109,Powell,Richard,Sales,56151.18
3323,Hall,Robert,Sales,89922.57
4639,Clark,Regina,Sales,45130.94
3276,Gamble,Rhonda,Sales,84940.23
4308,Davila,Robert,Support,78533.02
3328,Stevens,Richard,Sales,66321.23
4537,Espinoza,Robert,Support,77607.94
3188,Fitzgerald,Ralph,Sales,65271.85
4500,Kidd,Randy,Support,76542.27
3552,Clark,Raymond,Sales,64939.25
4405,Tucker,Ronald,Support,70439.77
3828,Harris,Ronald,Sales,61746.98
4286,Williams,Richard,Support,52604.23
3098,Garcia,Rodney,Support,76149.63
4128,Ramirez,Rebecca,Support,44717.71
3601,Rivers,Robert,Support,73429.37
6804,Archer,Robert,Engineering,115643.74
3918,Levine,Regina,Support,65295.13
6723,Hobbs,Randall,Engineering,110341.03
3907,Neal,Ronald,Support,64409.86
6553,Marquez,Richard,Engineering,107203.65
3013,Butler,Richard,Support,63624.82
6516,Ochoa,Ryan,Engineering,93333.63
3916,Smith,Russell,Support,60172.37
6288,Stevenson,Richard,Engineering,89727.53
6129,Melton,Robert,Engineering,89145.43
6818,Morris,Randy,Engineering,84203.12
6501,Combs,Ricky,Engineering,80991.18
6189,Ibarra,Ryan,Engineering,76863.63
6481,Beck,Rebecca,Finance,88356.63
6465,Gordon,Rebekah,Finance,79847.89
6057,Clark,Raymond,Finance,60466.37
6412,Owens,Robert,Finance,59193.28
6447,Anderson,Robert,HR,87533.74
6629,Kennedy,Rebecca,HR,86054.63
6324,Robinson,Roger,HR,83295.96
6786,Keller,Rodney,HR,78659.82
6864,Gregory,Renee,HR,56692.99
6058,Moore,Rhonda,IT,108618.9
6185,Carlson,Randy,IT,93423.2
6643,Christensen,Rebecca,IT,90567.46
6298,Logan,Robert,IT,77324.57
6661,Smith,Roberta,IT,77154.06
6235,Leblanc,Richard,IT,68319.97
6084,Thomas,Robert,IT,66413.04
6791,Williams,Ricardo,IT,62980.72
6500,Dean,Roger,IT,60167.13
6157,Scott,Rachel,Legal,110408.53
6251,Liu,Ryan,Legal,110069.75
6950,Chavez,Rachel,Legal,99882.73
6572,Larson,Ryan,Legal,95871.56
6910,Scott,Robert,Legal,88628.59
6286,Kelley,Robert,Legal,78258.6
6925,Klein,Richard,Legal,71701.48
6909,Olson,Russell,Legal,71044.54
6739,Wood,Ronald,Legal,69107.1
6473,Holden,Ronald,Marketing,98115.51
6995,Johnson,Rachel,Marketing,79744.04
6257,Moore,Rachael,Marketing,78957.38
6578,Simmons,Robert,Marketing,77871.0
6924,Wade,Regina,Marketing,68298.25
6993,Jimenez,Ricky,Marketing,59899.9
6694,Reyes,Richard,Marketing,57410.71
6721,Watson,Rebecca,Sales,83206.09
6596,Cole,Rita,Sales,71200.44
6344,Snyder,Ricardo,Sales,62671.25
6843,Ward,Robert,Support,69367.02
6237,Rodriguez,Robin,Support,66017.07
6917,Snyder,Raymond,Support,65710.29
6838,Smith,Robert,Support,63900.25
6433,Banks,Rebekah,Support,59050.49
6895,Gallagher,Rebecca,Support,56599.5
6660,Brock,Ricardo,Support,52864.54
6531,Robinson,Robert,Support,51987.14
6443,Hill,Robert,Support,49996.73
6911,Lee,Robert,Support,42214.19
13397,Miller,Summer,Engineering,111878.88
6795,Wong,Stephanie,Engineering,117208.26
13152,Beck,Stephanie,Engineering,103229.93
6181,Winters,Scott,Engineering,104577.23
13023,Peters,Sharon,Engineering,100622.01
6310,Gonzalez,Scott,Engineering,104200.74
13652,Glass,Steven,Engineering,97977.76
6461,Taylor,Sara,Engineering,103729.64
13773,Gonzalez,Stephanie,Engineering,94343.66
6139,Bernard,Sara,Engineering,94555.97
13063,Morgan,Sean,Engineering,70943.57
6559,Copeland,Samantha,Engineering,70981.02
13192,Smith,Sonya,Engineering,70231.97
6408,Stafford,Sue,Engineering,70347.52
13293,Jones,Sandra,Engineering,66592.52
6463,Ramirez,Stephanie,Engineering,67236.65
13504,Pierce,Sharon,Engineering,65638.89
6934,Payne,Stephen,Engineering,66239.64
13249,Woodard,Susan,Finance,102055.27
6935,Thomas,Sheila,Engineering,65552.14
13850,Li,Sharon,Finance,100409.12
6753,Garcia,Sarah,Engineering,64294.15
13634,Gibbs,Stephanie,Finance,89380.1
6515,Peterson,Samantha,Engineering,64075.32
13221,Wood,Samantha,Finance,88718.82
6322,Davis,Sierra,Engineering,61542.96
13484,Moran,Sherri,Finance,80804.54
6335,Scott,Stephanie,Finance,99349.35
13844,Wright,Shawn,Finance,70231.02
6782,Williamson,Sean,Finance,97095.2
13335,Lloyd,Stanley,Finance,63369.79
6159,Fox,Susan,Finance,86236.08
13114,Brown,Steven,Finance,62202.53
6329,Thompson,Spencer,Finance,84228.4
13347,Martin,Sharon,Finance,61929.12
6263,Charles,Shannon,Finance,83900.2
13286,Rivera,Stephen,Finance,57722.76
6751,Campbell,Sara,Finance,73522.67
13908,Richards,Sean,HR,91476.77
6865,Johnson,Samantha,Finance,65164.57
13517,Farrell,Susan,HR,90792.24
6093,Wagner,Shane,Finance,64588.83
13657,Evans,Steven,HR,90574.27
6357,Oneal,Steven,Finance,60908.31
13632,Wong,Stephanie,HR,89897.08
6675,Brady,Sandra,Finance,59151.07
13597,Oconnor,Sonya,HR,84143.66
6546,Smith,Susan,HR,89200.03
13104,Bennett,Stephen,HR,82693.6
6688,Rivera,Sydney,HR,85036.15
13815,Franklin,Sandra,HR,81953.88
6348,Coleman,Steven,HR,84592.66
13510,Owens,Shannon,HR,79987.78
6369,Phillips,Shawn,HR,77853.23
13581,Stewart,Scott,HR,72159.54
6029,Fitzgerald,Sherry,HR,77318.28
13506,Murphy,Stanley,HR,71362.3
6466,Parsons,Sarah,HR,75503.2
13367,Gilbert,Shannon,HR,70023.93
6204,Davis,Steven,HR,71867.67
13271,Anderson,Stacey,HR,69884.89
6555,Marsh,Stephen,HR,71131.21
13976,Jackson,Sharon,HR,67749.03
6579,Hays,Samantha,HR,68795.02
13047,Anderson,Shaun,HR,66189.12
6755,Payne,Spencer,HR,67686.5
13533,Barr,Shaun,HR,62461.58
6884,Hernandez,Sharon,HR,65627.1
13775,Smith,Sarah,HR,62147.74
6077,Charles,Sarah,HR,54931.93
13590,Macdonald,Shawn,HR,58543.92
6587,Jones,Shannon,HR,54019.51
13309,Stewart,Sharon,HR,56963.01
6434,Martinez,Seth,HR,53565.86
13984,Brown,Sherry,IT,107443.42
6475,Jackson,Stephanie,HR,53425.2
13797,Norman,Shaun,IT,105586.17
6290,White,Sheila,IT,113723.36
13835,Elliott,Sarah,IT,105410.05
6350,Rivera,Sandra,IT,108562.32
13614,Dawson,Stephanie,IT,102042.2
6415,Acevedo,Sean,IT,97862.57
13567,Arnold,Sonya,IT,98901.05
6682,Harding,Sheila,IT,97236.99
13699,Turner,Scott,IT,95255.35
6114,Mcmillan,Stacey,IT,95597.78
13988,Underwood,Samantha,IT,91799.61
6683,Greer,Stephanie,IT,95294.47
13207,Carroll,Sara,IT,78882.23
6825,Johnson,Sophia,IT,76456.73
13562,Porter,Sydney,IT,66847.21
6551,Kennedy,Samuel,IT,71554.28
13862,Brown,Samantha,Legal,100393.86
6068,Herrera,Steven,IT,69260.68
13085,Mccormick,Sherry,Legal,93950.96
6153,White,Sarah,IT,66850.81
13210,Brock,Stacy,Legal,91900.67
6399,Ross,Shane,IT,65457.06
13283,Mills,Shannon,Legal,91760.69
6393,Murphy,Susan,IT,65273.28
13715,Ewing,Stacy,Legal,85863.47
6722,Daniels,Shawn,IT,62996.0
13705,Leblanc,Stephen,Legal,78925.84
6593,Mann,Steven,Legal,123758.73
13800,Burke,Sarah,Legal,75198.31
6749,Kim,Stephen,Legal,117315.17
13046,Mills,Suzanne,Legal,67186.48
6401,Williamson,Sue,Legal,115803.26
13825,Garcia,Samuel,Marketing,96252.35
6701,Terrell,Samuel,Legal,115133.92
13847,Delacruz,Scott,Marketing,95965.18
6284,Murray,Sherry,Legal,111171.16
13349,Nguyen,Sarah,Marketing,94270.45
6087,Scott,Suzanne,Legal,104043.7
13853,Jones,Scott,Marketing,89797.51
6072,Miller,Shane,Legal,101827.86
13448,Parker,Stephen,Marketing,87675.93
6833,Scott,Suzanne,Legal,101469.85
13912,Wilson,Sara,Marketing,86134.11
6156,Harris,Samuel,Legal,99711.47
13467,Bennett,Sharon,Marketing,85102.74
6970,Brown,Scott,Legal,89864.2
13164,Newman,Shari,Marketing,84486.02
6425,Green,Stephanie,Legal,87339.37
13136,Thompson,Sean,Marketing,80681.29
6495,Ramos,Sophia,Legal,85564.59
13723,Marshall,Steven,Marketing,76991.84
6392,Lewis,Sharon,Legal,65592.51
13334,Wilson,Scott,Marketing,76920.87
6177,Andrade,Shawn,Marketing,92939.84
13067,Parsons,Suzanne,Marketing,75260.16
6059,Smith,Sean,Marketing,88927.01
13109,Rose,Stacy,Marketing,73333.69
6946,Barrera,Sarah,Marketing,72507.46
13891,Beck,Sandra,Marketing,70605.11
6719,Owen,Susan,Marketing,67643.13
13036,Davenport,Stephanie,Marketing,68145.43
6320,Rubio,Scott,Marketing,66697.47
13964,Anderson,Stephanie,Marketing,65903.04
6110,Chen,Stephen,Marketing,62544.95
13406,Garcia,Susan,Marketing,62096.84
6687,Calhoun,Scott,Marketing,53861.0
13408,Bailey,Suzanne,Marketing,56857.93
6990,Bowers,Shannon,Marketing,52599.98
13840,Hernandez,Stephen,Marketing,56723.3
6046,Charles,Sheena,Sales,84247.07
13018,Lopez,Sophia,Marketing,51882.96
6388,Coleman,Sherry,Sales,71625.07
13666,Anderson,Scott,Sales,89706.82
6233,Kerr,Sean,Sales,64997.48
13430,Lopez,Scott,Sales,86657.34
6132,Taylor,Shawn,Sales,61499.97
13445,Robertson,Shawn,Sales,83867.01
6361,Diaz,Sean,Sales,51003.82
13959,Watson,Samantha,Sales,82043.94
6265,Cordova,Sarah,Support,73927.1
13299,Thompson,Spencer,Sales,75078.75
6327,Andrews,Stephanie,Support,73834.22
13753,Wright,Steven,Sales,69151.6
6850,Mendoza,Sarah,Support,72485.93
13529,Taylor,Stacey,Sales,68121.09
6870,Anderson,Sandra,Support,71221.55
13523,Thompson,Shannon,Sales,58919.09
6922,King,Sean,Support,66510.73
13328,Meyers,Shane,Sales,57749.02
6134,Walters,Sarah,Support,64616.57
13940,Hood,Shannon,Sales,57373.06
6479,Church,Stephen,Support,64025.04
13817,Hall,Stephanie,Sales,56697.85
6175,Rodriguez,Steven,Support,60335.92
13281,Turner,Sara,Sales,49679.5
6882,Carr,Sara,Support,56841.27
13675,Orozco,Sandra,Sales,48566.48
6440,Barnes,Samuel,Support,50451.57
13593,Spears,Sarah,Support,76049.87
6574,Leon,Sharon,Support,49860.38
13383,Thompson,Stanley,Support,73903.62
6306,Williams,Shaun,Support,46468.69
13176,Scott,Sandra,Support,72452.77
6817,Clements,Sylvia,Support,44884.46
13594,Scott,Sharon,Support,58237.59
6558,Harrison,Sean,Support,40466.58
13683,Murillo,Sarah,Support,57733.87
444,Whitehead,Shirley,Engineering,112613.81
14147,Good,Sandra,Engineering,119090.04
3112,Valencia,Sandra,Engineering,119087.02
13094,Leonard,Stephanie,Support,56246.08
42,Yates,Sarah,Engineering,111556.46
14630,Donovan,Sandra,Engineering,95469.61
3140,Shelton,Steven,Engineering,113901.87
13396,Campbell,Sean,Support,53620.31
871,Gillespie,Shawn,Engineering,110373.88
14345,Arroyo,Sierra,Engineering,93796.85
3500,Hill,Spencer,Engineering,113783.49
1405,Duran,Sean,Engineering,119456.34
279,Clay,Scott,Engineering,110277.57
14911,Parker,Steven,Engineering,89314.12
3236,Murray,Samuel,Engineering,112368.83
1104,Drake,Susan,Engineering,119132.54
34,Boyer,Susan,Engineering,109966.53
14165,Weber,Stephanie,Engineering,86047.63
3161,Rice,Scott,Engineering,103993.98
1068,Lee,Stacey,Engineering,98607.21
479,Scott,Stephen,Engineering,91473.81
14071,Martinez,Stephanie,Engineering,83699.84
3353,Short,Shelley,Engineering,103746.78
1570,Reynolds,Stacy,Engineering,93883.59
617,Robinson,Samantha,Engineering,80750.52
14122,Mosley,Sharon,Engineering,77691.19
3795,Dominguez,Stephanie,Engineering,82016.08
1452,Norman,Steven,Engineering,91220.34
263,Porter,Shelly,Engineering,79388.35
14998,Allen,Stephanie,Engineering,66867.0
3931,Franklin,Susan,Engineering,76836.51
1975,Castillo,Sharon,Engineering,85155.99
744,Bryant,Samuel,Engineering,74266.57
14652,Rogers,Shannon,Finance,102001.38
3871,Carter,Sheila,Finance,103502.62
1029,Jordan,Sarah,Engineering,83426.26
453,Robertson,Samantha,Engineering,67233.9
14133,Nichols,Sarah,Finance,101371.27
3050,Vance,Sarah,Finance,69275.3
1814,Norman,Sandy,Engineering,81405.03
681,Smith,Sheri,Engineering,60290.43
14535,Gonzales,Scott,Finance,86224.3
3398,Lopez,Sheila,Finance,63194.06
1187,Diaz,Shawn,Engineering,76450.54
140,Ortiz,Sheryl,Finance,105896.42
14302,Scott,Scott,Finance,83755.42
3522,Serrano,Shannon,HR,84806.83
1736,Johnson,Samuel,Engineering,71094.98
293,Brown,Stephanie,Finance,103846.76
14393,Barron,Susan,Finance,77638.56
3949,Martinez,Stephanie,HR,63703.92
1440,Morgan,Samantha,Engineering,64440.33
51,Gibbs,Susan,Finance,101152.94
14774,Gomez,Shawn,Finance,64226.15
3900,Smith,Samuel,HR,59752.59
1059,Barton,Scott,Engineering,61554.53
270,Contreras,Stacie,Finance,96926.94
14032,Chan,Shannon,HR,84958.95
3579,Castillo,Sara,IT,109156.31
1182,Gillespie,Stacey,Finance,103441.58
874,Wagner,Stephen,Finance,89425.91
14540,Gay,Shawn,HR,80568.41
3378,Adams,Shannon,IT,88773.22
1208,Cooper,Sean,Finance,102181.52
433,Vargas,Seth,Finance,82879.8
14182,Walker,Stephanie,HR,80163.21
3629,Martin,Sabrina,IT,65630.05
1106,Thomas,Steven,Finance,98700.15
228,Ritter,Seth,Finance,73652.0
14524,Martin,Samantha,HR,71155.22
3749,Richardson,Samuel,IT,65543.18
1636,Griffin,Stephanie,Finance,97921.61
408,Shaffer,Sheila,Finance,72880.7
14442,Cunningham,Samantha,HR,62682.45
3750,Santiago,Shannon,IT,63714.16
1315,Morgan,Sean,Finance,95814.24
30,Robinson,Stephanie,Finance,70910.6
14339,Taylor,Sharon,HR,60286.11
3287,Robinson,Suzanne,IT,62824.74
1497,Griffin,Susan,Finance,84124.24
869,Holland,Stacey,Finance,66493.01
14317,Jimenez,Sierra,HR,58936.35
3843,Curry,Shannon,Legal,108004.48
1816,Scott,Shelby,Finance,67705.28
46,Jones,Sydney,Finance,60960.5
14920,Flores,Steven,HR,53642.84
3058,Mendoza,Selena,Legal,97863.83
1564,Zamora,Samantha,Finance,58776.51
349,Wells,Susan,Finance,59705.92
14085,Gibson,Samantha,HR,50817.68
3294,Elliott,Stephanie,Legal,96695.53
1530,Rogers,Stephen,HR,87442.79
200,Lewis,Sherry,Finance,59562.61
14787,Dodson,Samantha,HR,50704.47
3193,Hawkins,Stephen,Legal,95238.61
1015,Young,Sarah,HR,86268.39
480,Avila,Sarah,Finance,59164.22
14899,Wallace,Suzanne,IT,104298.08
3486,Lewis,Sheri,Legal,93478.29
1303,Avila,Sara,HR,85045.78
421,Morris,Shannon,HR,89474.35
14537,Smith,Sherri,IT,101493.04
3973,Morgan,Sherry,Legal,87347.12
1446,Hawkins,Sarah,HR,83910.52
182,Hughes,Shane,HR,84201.42
14543,Harris,Samuel,IT,89608.48
3040,Collins,Shane,Legal,81452.94
1412,Porter,Stephen,HR,83487.04
257,Guerrero,Samuel,HR,84072.78
14294,Cook,Scott,IT,88114.57
3868,Kelley,Scott,Legal,74551.36
1188,Butler,Suzanne,HR,77663.56
282,Soto,Sandra,HR,82629.29
14446,Johnson,Stacy,IT,86546.79
3856,Cooper,Stephen,Legal,69664.38
1991,Bryant,Sierra,HR,76315.96
267,Foster,Sylvia,HR,81880.79
14368,Butler,Sarah,IT,80783.85
3557,Glenn,Sarah,Marketing,93552.39
1910,Yang,Sue,HR,76265.7
66,Ford,Stephanie,HR,77828.95
14820,Lane,Steven,IT,78499.05
3529,Collier,Samuel,Marketing,92851.45
1344,Watson,Stephanie,HR,50026.55
485,Dorsey,Sandra,HR,56164.18
14761,Bishop,Sandra,IT,77554.97
3784,Wagner,Sara,Marketing,92730.08
1257,Shelton,Sherry,IT,98523.09
428,Harrison,Stacy,HR,53862.26
14250,Andrade,Suzanne,IT,76034.92
3745,Meyers,Samantha,Marketing,91574.12
1058,Fitzgerald,Stephen,IT,97027.41
321,May,Steven,IT,108514.18
14127,Cox,Steven,Legal,119632.25
3656,Castro,Steven,Marketing,89800.79
1237,Harrison,Sonya,IT,90444.3
637,Craig,Sydney,IT,105071.98
14581,Lucas,Stephen,Legal,119149.76
3786,Gibson,Sabrina,Marketing,80729.38
1680,Shelton,Shelby,IT,79366.94
481,Mccormick,Susan,IT,104601.65
14682,Hall,Steven,Legal,100958.78
3034,Reed,Steven,Marketing,79308.13
1509,Yang,Sarah,IT,77796.33
918,Gonzalez,Steve,IT,98753.62
14199,Guzman,Samantha,Legal,99673.99
3470,Campbell,Stephen,Marketing,78605.88
1951,Holland,Sharon,IT,76736.47
972,Callahan,Samuel,IT,98155.53
14039,Brown,Steven,Legal,96629.05
3402,Evans,Shelia,Marketing,71569.49
1473,Murray,Sherry,IT,69307.64
18,Cunningham,Shannon,IT,96048.53
14075,Davis,Sandy,Legal,87118.93
3170,Clark,Seth,Marketing,68069.77
1227,Martinez,Susan,Legal,110580.56
196,Simpson,Stacey,IT,82666.71
14598,Lopez,Sergio,Legal,87047.86
3124,Bean,Spencer,Marketing,66384.48
1291,Bell,Stephanie,Legal,105414.87
846,Martinez,Shawn,IT,81776.5
14892,Brown,Sharon,Legal,86685.38
3198,Cook,Samuel,Marketing,65853.42
1369,Brady,Shari,Legal,99706.83
607,Lane,Steven,IT,80448.24
14657,Adams,Samantha,Legal,86326.26
3339,Keller,Scott,Marketing,64413.12
1610,Wilson,Sandra,Legal,98708.09
372,Joseph,Sheila,IT,70748.55
14252,Jones,Sarah,Legal,84560.97
3716,Lawrence,Stephanie,Marketing,59789.95
1878,Brown,Scott,Legal,80521.92
447,Lopez,Susan,IT,70521.54
14183,Tate,Shannon,Legal,78217.7
3976,Hinton,Sean,Marketing,54103.5
1861,Knight,Sandra,Legal,79149.52
527,Romero,Spencer,IT,65238.43
14164,Stewart,Steven,Legal,77189.25
3970,Long,Sandra,Marketing,50325.31
1948,Watson,Steven,Legal,77650.6
996,Young,Stephanie,Legal,120773.73
14299,Navarro,Sandra,Legal,75902.76
3251,Hahn,Sophia,Sales,75047.09
1318,Conway,Stacy,Legal,75172.64
989,Dawson,Shawn,Legal,105972.36
14095,Christensen,Steven,Legal,68325.05
3435,Herrera,Sean,Sales,72580.52
1877,Alexander,Selena,Marketing,98036.66
773,Lewis,Summer,Legal,104915.9
14758,Wilson,Stephen,Marketing,99442.37
3383,Hanson,Seth,Sales,71299.23
1540,Torres,Sara,Marketing,97241.65
643,Johnston,Steven,Legal,101603.58
14982,Johnson,Shirley,Marketing,93992.64
3817,Morris,Stephanie,Sales,66212.1
1710,Bond,Sabrina,Marketing,95012.53
603,Obrien,Stacy,Legal,101358.89
14425,Becker,Samantha,Marketing,86712.87
3502,Lynch,Sarah,Sales,63053.86
1562,Brady,Sara,Marketing,93721.54
571,Pruitt,Susan,Legal,85622.0
14683,Wilson,Stacy,Marketing,86487.34
3274,Castro,Stephanie,Sales,47175.78
1398,Alvarez,Steven,Marketing,93424.78
72,Franklin,Steven,Legal,78117.82
14175,Allen,Sarah,Marketing,71062.99
3494,Walton,Sarah,Support,72234.23
1033,Parker,Sarah,Marketing,91691.29
80,Oliver,Sarah,Legal,66485.53
14218,Johnson,Samantha,Marketing,67056.89
3806,Weber,Stephen,Support,57498.88
1076,Lowe,Scott,Marketing,79844.26
838,Spencer,Sheila,Marketing,90450.71
14585,Hughes,Stephen,Marketing,66177.48
3466,Johnson,Susan,Support,56617.91
1429,Mcdonald,Sarah,Marketing,79315.48
954,Allen,Shawn,Marketing,88936.83
14576,Jones,Steven,Marketing,61484.81
3454,Mahoney,Sara,Support,55793.62
1558,Robertson,Shawn,Marketing,73119.44
128,Mason,Stacy,Marketing,88786.02
14196,Taylor,Samuel,Marketing,59077.4
3037,Strong,Scott,Support,41536.44
1133,Moses,Sarah,Marketing,59246.94
243,Berger,Steven,Marketing,82374.69
14905,Wilson,Stephen,Marketing,50027.63
1209,Berry,Steven,Marketing,57455.25
47,Davis,Scott,Marketing,81877.55
14730,Wilson,Sarah,Sales,87993.32
1774,Thomas,Sharon,Marketing,55031.9
312,Singh,Susan,Marketing,65521.69
14385,Robinson,Sonya,Sales,83236.34
1959,Hernandez,Samuel,Marketing,53144.69
166,Beasley,Scott,Marketing,60991.33
14635,Johnson,Scott,Sales,82848.26
1618,Case,Susan,Marketing,51685.31
239,Smith,Steven,Marketing,56513.42
14497,Garza,Seth,Sales,81986.83
1037,Bell,Scott,Marketing,50429.18
355,Schneider,Sean,Marketing,55886.96
14219,Perez,Susan,Sales,77173.41
1997,Knapp,Sabrina,Sales,89828.07
576,Garcia,Stephanie,Marketing,51265.62
14922,Mclaughlin,Sean,Sales,73000.0
1293,Russell,Samantha,Sales,84496.24
93,Harris,Sharon,Sales,77066.52
14484,Ball,Sandy,Sales,71496.23
1488,Flores,Sarah,Sales,63788.92
602,Reed,Shelia,Sales,76997.46
14094,Watson,Sandra,Sales,59062.53
1121,Bryan,Stanley,Sales,63535.59
702,Carter,Sean,Sales,76125.38
14431,Smith,Sarah,Sales,57779.5
1836,Lee,Sean,Sales,62608.29
785,Moon,Scott,Sales,75820.45
14409,Wolfe,Steven,Sales,55509.36
1701,Williams,Susan,Sales,57466.64
1000,Harris,Shannon,Sales,62780.47
14026,Adkins,Suzanne,Sales,50622.45
1577,Blair,Stephanie,Sales,54496.74
793,Simmons,Savannah,Sales,59666.37
14350,Barnes,Shawn,Sales,48214.99
1444,Carter,Scott,Support,79979.12
164,Stein,Sarah,Sales,53423.74
14091,Tate,Sophia,Sales,45027.16
1179,Macias,Steven,Support,78906.04
461,Berry,Stephanie,Sales,50674.72
14477,Herring,Sarah,Support,78694.18
1666,Sullivan,Stephanie,Support,77777.5
115,Myers,Scott,Support,78914.83
14846,Collins,Stacy,Support,76924.94
1035,Stevens,Stephanie,Support,75435.61
379,Rubio,Shannon,Support,78716.81
14921,Hart,Sandra,Support,74675.81
1113,Watts,Stacey,Support,73436.93
330,Cervantes,Sandra,Support,77293.85
14112,Ray,Sabrina,Support,73170.42
1368,Rojas,Sheryl,Support,71166.57
899,Mccormick,Shannon,Support,76277.62
14582,Erickson,Sarah,Support,70901.74
1044,Ramirez,Sara,Support,63152.36
209,Mcknight,Scott,Support,73374.26
14455,Thomas,Shawn,Support,69549.13
1088,Riggs,Scott,Support,57124.01
568,Bates,Stacy,Support,71980.2
14396,Johnson,Stacey,Support,66943.38
1779,Schmidt,Stephen,Support,50042.34
892,Vazquez,Shelby,Support,65349.34
14161,Yates,Shawn,Support,65629.68
1825,Mills,Shawn,Support,47152.63
281,Collier,Suzanne,Support,59186.98
14912,Salazar,Shelley,Support,64608.55
11405,Martin,Samantha,Engineering,114333.33
298,Wong,Sonia,Support,59119.24
14016,Davis,Susan,Support,64099.46
11266,Young,Samantha,Engineering,114177.75
687,Hall,Susan,Support,54778.91
14723,Aguirre,Sarah,Support,59545.1
11013,Wu,Sheena,Engineering,105644.31
274,Harris,Sean,Support,48535.62
14388,Goodman,Shari,Support,52000.8
11169,Brown,Shawn,Engineering,101902.59
236,James,Stephanie,Support,42240.28
14069,Day,Scott,Support,51000.72
11798,Calhoun,Sabrina,Engineering,89298.0
463,Lopez,Scott,Support,40129.72
14827,Brewer,Stacy,Support,46815.97
11705,Rose,Sara,Engineering,84715.75
9439,Rodriguez,Sean,Engineering,117392.09
2676,Lopez,Sheena,Engineering,110608.24
11920,Morales,Steven,Engineering,80406.6
9447,Perry,Seth,Engineering,115518.25
2840,Smith,Steven,Engineering,102753.32
11419,Shelton,Sean,Engineering,67954.32
9669,Williams,Sarah,Engineering,115261.65
2393,Butler,Steven,Engineering,98224.64
11892,Morales,Shawn,Engineering,63149.97
9207,Campbell,Scott,Engineering,110165.31
2175,Phillips,Stephanie,Engineering,93776.71
12000,Hall,Samantha,Finance,106970.85
9154,Roberts,Scott,Engineering,105434.58
2955,Miller,Stephen,Engineering,88764.73
11739,Gonzales,Stanley,Finance,100614.14
9544,Hendrix,Samuel,Engineering,104717.19
2789,White,Steven,Engineering,87850.89
11801,Alexander,Stephen,Finance,95088.93
9872,Valencia,Sean,Engineering,91186.34
2255,Malone,Steven,Engineering,87190.49
11221,Reynolds,Steven,Finance,94082.28
9654,Greene,Steve,Engineering,85087.94
2361,Knight,Scott,Engineering,80452.45
11374,Leon,Stacey,Finance,91250.21
9308,Freeman,Stephanie,Engineering,63066.25
2983,Shepherd,Steven,Engineering,79410.86
11529,Lane,Sarah,Finance,91225.56
9916,Walker,Steven,Finance,87102.04
2875,Atkinson,Susan,Engineering,64742.66
11195,Cook,Sharon,Finance,90645.12
9804,Davis,Steven,Finance,74562.54
2860,Price,Sabrina,Engineering,63899.05
11383,Mason,Stefanie,Finance,80663.29
9027,Nguyen,Shannon,Finance,72300.42
2081,Martinez,Scott,Finance,100751.13
11672,Russo,Sean,Finance,77148.88
9814,Davis,Sara,Finance,57153.71
2995,Steele,Stephanie,Finance,88947.62
11440,Blackburn,Sarah,Finance,72904.26
9090,Daugherty,Sandra,HR,92751.96
2172,Johnson,Susan,Finance,85926.33
11688,Davis,Steven,Finance,72094.12
9929,Perry,Stefanie,HR,84208.79
2819,Simmons,Shannon,Finance,85167.84
11815,Martin,Sherry,Finance,65126.53
9358,Anderson,Sabrina,HR,83992.23
2895,Jensen,Sarah,Finance,77963.45
11669,Stone,Stacy,Finance,61339.16
9995,Thomas,Shane,HR,81695.89
2253,Collins,Stephanie,Finance,68517.02
11842,Solomon,Shelly,Finance,61147.68
9515,Crawford,Scott,HR,80982.96
2214,Shelton,Sandra,Finance,62852.59
11508,Hall,Selena,Finance,56506.25
9836,Lee,Stacy,HR,75968.49
2768,Soto,Sheila,HR,82288.2
11829,Winters,Scott,HR,94805.89
9059,English,Shelby,HR,74272.06
2889,Poole,Stephanie,HR,76552.08
11391,Cook,Stephanie,HR,93728.5
9589,Reilly,Susan,HR,72940.73
2642,Bishop,Stacey,HR,73421.95
11741,Taylor,Scott,HR,93620.74
9817,Davis,Shawn,HR,72398.76
2037,Casey,Steven,HR,65108.91
11296,Gordon,Sharon,HR,90422.84
9791,Pace,Sean,HR,71554.55
2231,Gomez,Sean,HR,64970.92
11220,Mathis,Shannon,HR,81326.09
9195,Bennett,Shane,HR,66952.36
2619,Pham,Sarah,HR,53395.27
11772,Foster,Steven,HR,76018.48
9205,Dixon,Stephanie,HR,56695.52
2745,Adams,Sabrina,IT,111720.26
11856,Hart,Spencer,HR,64486.52
9604,Johnson,Sierra,HR,56482.12
2738,Adams,Susan,IT,107612.73
11141,Davis,Steven,HR,61065.23
9912,Wilson,Shelby,HR,56175.95
2685,Williams,Stacey,IT,107100.7
11474,Navarro,Samantha,HR,55154.18
9320,Lewis,Sean,HR,56124.77
2154,Moss,Sean,IT,103959.42
11562,Hodge,Sharon,IT,113939.29
9220,Erickson,Sheila,HR,52057.95
2921,Grimes,Stephen,IT,98197.56
11616,Woods,Sandra,IT,112594.13
9389,Morris,Samantha,IT,110366.57
2945,Watson,Sandra,IT,96594.6
11047,Butler,Sean,IT,107213.17
9146,Rhodes,Stacey,IT,106740.6
2796,Giles,Sheila,IT,93125.6
11065,Landry,Seth,IT,97923.99
9646,Morris,Scott,IT,104562.98
2256,Arroyo,Stephanie,IT,78235.81
11881,Johnson,Stephanie,IT,86269.34
9157,Lucas,Shannon,IT,99662.58
2919,Cox,Stephanie,IT,74542.73
11007,Morgan,Steven,IT,85978.84
9933,Eaton,Sara,IT,98917.09
2649,Riley,Shelly,IT,71530.03
11159,Walls,Sherry,IT,63534.78
9353,Garcia,Sarah,IT,89762.89
2024,Cross,Scott,IT,69323.57
11580,Munoz,Sean,IT,62514.32
9121,Moore,Sarah,IT,83793.86
2371,Leblanc,Samuel,IT,67817.15
11048,Rivera,Sarah,Legal,113830.82
9173,Burgess,Scott,IT,78675.78
2827,Skinner,Stephanie,Legal,122514.1
11294,Schwartz,Steven,Legal,101301.85
9764,Barajas,Scott,IT,70013.43
2278,Hudson,Stacey,Legal,117409.66
11349,Robertson,Stephanie,Legal,89137.47
9425,Cross,Shannon,Legal,102901.89
2197,Hobbs,Sarah,Legal,115240.9
11425,Mora,Sarah,Legal,80999.8
9190,Hart,Shawn,Legal,102352.25
2360,Leon,Scott,Legal,111065.74
11544,Reed,Spencer,Legal,80374.08
9231,Murphy,Steven,Legal,93757.81
2797,Clements,Sarah,Legal,101994.26
11667,Hudson,Shane,Legal,79902.61
9992,Robertson,Scott,Legal,88148.41
2438,Chavez,Steven,Legal,84462.4
11634,Chapman,Steven,Legal,74680.69
9531,Juarez,Scott,Legal,85182.02
2270,Gonzalez,Scott,Legal,84164.87
11573,Nunez,Sandy,Legal,74091.98
9985,Miller,Scott,Legal,82849.07
2282,Mcgrath,Stephen,Legal,81301.24
11816,Huang,Sean,Legal,71427.63
9262,Rose,Sarah,Legal,79815.83
2391,Greene,Samantha,Legal,74692.61
11505,Butler,Susan,Marketing,85038.8
9375,Duke,Stephen,Legal,71838.65
2307,Thompson,Sabrina,Marketing,98431.32
11029,Meadows,Sarah,Marketing,80507.08
9994,Johnson,Steve,Legal,67642.74
2351,Patrick,Sheila,Marketing,97890.02
11437,Graham,Scott,Marketing,70266.05
9795,Beard,Sabrina,Legal,66537.78
2415,Taylor,Stacy,Marketing,96487.77
11528,Meza,Stephanie,Marketing,68485.52
9449,Santos,Sydney,Marketing,89782.83
2219,Miller,Stephen,Marketing,84517.46
11930,Holt,Sabrina,Marketing,65646.08
9476,Rodriguez,Sarah,Marketing,87529.2
2706,Morris,Scott,Marketing,82431.64
11152,Hansen,Samuel,Marketing,63644.36
9512,White,Susan,Marketing,87014.33
2916,Delgado,Sharon,Marketing,80873.81
11679,Espinoza,Sarah,Sales,85665.67
9576,Joyce,Samuel,Marketing,79203.76
2751,Smith,Samantha,Marketing,78595.79
11612,Tyler,Stephen,Sales,74001.66
9471,Cox,Sierra,Marketing,78936.31
2714,Thomas,Sandra,Marketing,75726.88
11832,Wilkins,Sara,Sales,63214.86
9868,Diaz,Sarah,Marketing,66185.16
2801,Meza,Samuel,Marketing,74166.15
11993,Smith,Sarah,Sales,52037.1
9075,Fuller,Susan,Sales,88166.94
2558,Graham,Sandra,Marketing,69821.02
11598,Smith,Steven,Support,73618.56
9620,Sanders,Scott,Sales,86198.26
2575,Carpenter,Samantha,Marketing,69088.05
11069,Smith,Sara,Support,68176.13
9093,Williams,Steven,Sales,80632.83
2530,Lucas,Steven,Marketing,62776.94
11566,Lee,Stephanie,Support,63263.25
9374,Chen,Shelly,Sales,79533.01
2898,Ferguson,Sarah,Sales,67732.44
11154,Garcia,Suzanne,Support,58495.35
9153,Warren,Samantha,Sales,78107.86
2931,Shelton,Scott,Sales,59188.41
11565,Ferguson,Suzanne,Support,55790.22
9650,Weaver,Shannon,Sales,70411.88
2922,Johnson,Stephen,Sales,51486.15
11697,Miller,Sara,Support,55555.0
9214,Bruce,Sierra,Sales,66554.44
2483,Guerrero,Sabrina,Sales,47685.8
11849,Weber,Sara,Support,52891.21
9467,Barker,Sharon,Sales,55405.34
2554,Foster,Shane,Sales,45783.0
11467,Watts,Sara,Support,48907.1
9172,Ballard,Sarah,Sales,49292.49
2145,Long,Stephanie,Support,76035.07
11318,Wallace,Sarah,Support,47298.48
9720,Austin,Steven,Support,76418.53
2822,Garcia,Sean,Support,64946.47
11804,Brooks,Susan,Support,43061.47
9744,Ross,Steven,Support,66091.69
2494,Barnes,Sophia,Support,64578.46
9621,Johnson,Sarah,Support,65603.27
2448,Williams,Shawn,Support,52612.98
9570,Marks,Stephanie,Support,58834.91
2647,Simmons,Shane,Support,52194.28
9741,Dunn,Samuel,Support,55342.82
2513,Hayden,Sarah,Support,42281.13
9285,Waters,Shane,Support,53188.37
4925,Sanchez,Sarah,Engineering,116519.87
9368,Mitchell,Susan,Support,49126.09
4649,Ellison,Stephanie,Engineering,114347.0
9527,Jimenez,Steven,Support,48943.7
4819,Mack,Scott,Engineering,109809.01
15141,Gomez,Samantha,Engineering,114207.99
4372,Torres,Sheena,Engineering,109785.21
15430,Kelley,Sherry,Engineering,108399.33
4988,Blake,Sarah,Engineering,105195.5
15040,Buchanan,Sandra,Engineering,103753.77
4279,Maldonado,Samantha,Engineering,104464.99
15127,Chang,Scott,Engineering,103583.53
4083,Medina,Shannon,Engineering,103402.46
15440,Castro,Steven,Engineering,99285.75
4647,Johnson,Sydney,Engineering,98098.41
15646,Bailey,Stephen,Engineering,98405.27
4367,Velasquez,Suzanne,Engineering,96522.98
15752,Blair,Samantha,Engineering,91113.03
4303,Knight,Steven,Engineering,87792.17
15619,Beltran,Shawn,Engineering,88872.71
4324,Williams,Samuel,Engineering,79765.5
15582,Miller,Stephen,Engineering,86480.22
4285,Wong,Sarah,Engineering,77065.77
15840,Brown,Steven,Engineering,81831.87
4112,Marquez,Shawna,Engineering,76247.38
15149,Ramos,Shawn,Engineering,79596.31
4643,Davis,Scott,Engineering,73253.15
15738,Baker,Shannon,Engineering,62024.92
4492,Smith,Samantha,Finance,105168.58
15056,Galvan,Stephen,Finance,103826.74
4471,Franklin,Stephen,Finance,86420.55
15434,Hernandez,Samantha,Finance,100466.65
4037,Dunn,Sara,Finance,84365.34
15693,Gibson,Sara,Finance,99522.44
4061,Harper,Shane,Finance,81820.09
15410,Stafford,Stephen,Finance,98394.6
4240,King,Sara,Finance,69946.68
15566,Bush,Sharon,Finance,75121.26
4634,Jones,Shannon,Finance,69758.69
15926,Montgomery,Sheryl,Finance,69739.78
4025,Parker,Stephanie,Finance,65665.44
15359,Grant,Stacy,HR,92880.99
4446,Spencer,Sylvia,HR,90442.29
15184,Mays,Stephen,HR,86141.43
4766,Estrada,Susan,HR,86569.66
15605,Garcia,Seth,HR,85683.6
4809,Hughes,Sherri,HR,76897.67
15856,Fitzgerald,Scott,HR,83852.11
4171,Thompson,Sheena,HR,75337.05
15499,James,Sharon,HR,79696.3
4345,Wade,Sarah,HR,71554.21
15888,Wall,Sarah,HR,78353.07
4932,Reynolds,Steven,HR,69239.94
15080,Crawford,Samantha,HR,72921.35
4512,Fletcher,Stephanie,HR,60781.82
15378,Patrick,Suzanne,HR,56727.63
4804,Smith,Sue,HR,55802.69
15703,Nielsen,Shelby,HR,55620.07
4290,Sanford,Stephanie,IT,105221.15
15957,Sanchez,Sherry,HR,51343.87
4669,Phillips,Scott,IT,101080.03
15504,Matthews,Shirley,IT,112412.86
4467,Ho,Stacey,IT,93614.53
15427,Warren,Scott,IT,112085.38
4271,Ellis,Sherry,IT,84764.85
15279,Hill,Sandra,IT,71355.0
4417,Hicks,Sarah,IT,73314.32
15291,Fernandez,Sonya,IT,66499.83
4704,Osborn,Sara,IT,64682.36
15725,Rodriguez,Sherri,IT,62994.87
4107,Morrow,Steven,IT,60963.5
15367,Hudson,Stephanie,Legal,123919.14
4583,Watts,Summer,Legal,122295.59
15026,Watson,Steven,Legal,108972.3
4746,Thompson,Sierra,Legal,117230.11
15612,Buck,Scott,Legal,107433.23
4170,Hardin,Sandra,Legal,109185.84
15005,Carney,Shane,Legal,107169.47
4912,Rodriguez,Sarah,Legal,104871.95
15877,Yang,Shawn,Legal,106316.16
4879,Rasmussen,Steven,Legal,103314.81
15243,Evans,Sarah,Legal,105343.6
4635,Perry,Samantha,Legal,101882.81
15692,Hayes,Sarah,Legal,102249.72
4631,Smith,Sarah,Legal,99737.2
15623,Cooper,Sarah,Legal,95557.32
4958,Williams,Scott,Legal,96980.6
15036,Simon,Samantha,Legal,94886.38
4969,Webster,Stacy,Legal,88260.99
15234,Bauer,Stephen,Legal,92126.88
4039,Burgess,Stephanie,Legal,80269.85
15039,Ramirez,Shelly,Legal,90903.88
4506,Padilla,Stacey,Marketing,98951.64
15227,Miller,Shannon,Legal,81461.55
4565,Walter,Stephanie,Marketing,86917.98
15706,Ayala,Stephanie,Legal,76064.95
4676,Garcia,Susan,Marketing,82888.48
15033,Myers,Susan,Legal,66715.67
4573,Guerra,Steven,Marketing,67477.35
15975,Martin,Samuel,Marketing,99828.15
4957,Orozco,Suzanne,Marketing,63339.87
15758,Harris,Sarah,Marketing,92196.76
4870,Dunn,Scott,Sales,71669.89
15651,Garner,Sarah,Marketing,90450.62
4571,Bond,Steven,Sales,71620.25
15953,Perry,Sean,Marketing,87188.8
4382,Davis,Samuel,Sales,71205.1
15028,Harris,Sarah,Marketing,75353.07
4611,Jones,Stephanie,Sales,69485.73
15082,Snow,Seth,Marketing,56612.16
4876,Benjamin,Sharon,Sales,68898.8
15991,Cochran,Stefanie,Marketing,55258.9
4226,Daniel,Stephanie,Sales,67655.93
15248,Newman,Savannah,Sales,82243.77
4760,Smith,Shelby,Sales,63579.31
15043,Campbell,Shawn,Sales,68083.51
4906,Wright,Samantha,Sales,54930.18
15839,Evans,Scott,Sales,62530.42
4738,Castillo,Samantha,Sales,48196.61
15438,Gonzales,Steven,Sales,61266.5
4790,Morris,Stephanie,Sales,47669.07
15711,Butler,Sarah,Sales,59099.5
4278,Bryant,Sylvia,Support,74990.2
15828,Luna,Sophia,Sales,55692.32
4763,Wilson,Susan,Support,72670.66
15813,Barnes,Sandra,Sales,54805.84
4815,Adams,Samantha,Support,71743.99
15361,Brown,Susan,Sales,52832.12
4402,Hall,Scott,Support,71159.43
15786,Scott,Sara,Support,75935.24
4216,Smith,Sabrina,Support,69649.07
15629,Shannon,Scott,Support,72204.65
4513,French,Shannon,Support,65122.26
15535,Diaz,Samantha,Support,65797.23
4863,Schmidt,Samantha,Support,61965.98
15632,Boyd,Scott,Support,65602.97
4722,Walters,Stephen,Support,53340.44
15589,Martinez,Stacy,Support,61656.4
4735,Edwards,Sabrina,Support,43268.2
15798,Fritz,Susan,Support,56081.05
4568,Garcia,Sarah,Support,41822.16
15103,Garcia,Samantha,Support,51506.0
4535,Donaldson,Steven,Support,41769.62
15454,Haas,Sandra,Support,46527.77
5120,Larson,Susan,Engineering,118737.54
15674,Jones,Sue,Support,41382.71
5811,Jimenez,Sarah,Engineering,116871.14
10739,Castillo,Scott,Engineering,118086.0
5973,Anderson,Steven,Engineering,116394.45
10314,Thompson,Sean,Engineering,107945.19
5537,Duncan,Sarah,Engineering,114902.57
10865,Casey,Shannon,Engineering,105414.57
5749,Martinez,Stacey,Engineering,110794.61
10585,Thompson,Stephanie,Engineering,91111.7
5577,Hoffman,Shannon,Engineering,93467.91
10909,Le,Stanley,Engineering,82785.53
5509,Gonzalez,Samantha,Engineering,81169.38
10374,Smith,Sergio,Engineering,79772.18
5422,Blair,Scott,Engineering,61435.38
10517,Bell,Samuel,Engineering,71929.22
5849,Henry,Stacy,Finance,109498.17
10261,Smith,Steven,Engineering,71211.93
5384,Lopez,Stephanie,Finance,100849.46
10762,Perry,Sarah,Finance,99265.74
5235,Rocha,Sherry,Finance,99473.9
10750,Gonzalez,Shannon,Finance,93304.11
5237,Kelly,Samuel,Finance,93381.43
10248,Figueroa,Susan,Finance,92303.89
5174,Thomas,Stephen,Finance,75356.98
10141,Gibson,Samuel,Finance,91729.89
5240,Clark,Stephanie,Finance,56133.69
10608,Delgado,Sara,Finance,71012.24
5043,Anderson,Sharon,HR,91253.9
10385,Garcia,Susan,Finance,68903.43
5425,Rose,Samantha,HR,90480.44
10685,Graham,Savannah,Finance,62139.08
5446,Estrada,Shirley,HR,89421.18
10619,Ballard,Sandra,Finance,59205.11
5873,Martinez,Sara,HR,87167.45
10112,Duran,Seth,HR,90504.04
5555,Vaughan,Sandra,HR,78205.52
10727,Phelps,Sara,HR,89795.93
5462,Jimenez,Shawn,HR,70781.88
10183,Irwin,Shannon,HR,81627.17
5356,Wilkins,Suzanne,HR,67820.63
10704,Jones,Susan,HR,80271.19
5597,Wilson,Samantha,HR,67389.03
10377,Williams,Shane,HR,74287.04
5014,Montgomery,Susan,HR,64052.56
10028,Robinson,Steven,HR,73246.22
5917,Pope,Sergio,HR,62284.26
10794,Matthews,Susan,HR,66619.86
5420,Green,Sara,HR,62157.5
10870,Dorsey,Sara,HR,55523.28
5153,Martin,Sarah,HR,58847.41
10349,Perry,Sonya,HR,55202.69
5095,Gonzalez,Stephanie,HR,54613.07
10123,Whitaker,Sarah,HR,52992.72
5234,Williams,Sarah,HR,50418.37
10282,Brennan,Sara,IT,109466.38
5022,Pierce,Samantha,IT,103114.04
10710,Walker,Samantha,IT,107667.47
5835,Simmons,Stephanie,IT,101501.15
10687,Cruz,Susan,IT,100211.37
5629,Miller,Sheila,IT,100822.7
10409,Jackson,Sara,IT,95657.99
5400,Duffy,Stacy,IT,93021.11
10071,Carey,Stefanie,IT,90299.11
5304,Adams,Sally,IT,92034.98
10766,Bell,Samantha,IT,81622.64
5722,Erickson,Susan,IT,80121.92
10669,Shaw,Sherry,IT,76414.42
5476,Webster,Stacy,IT,73967.44
10560,Ramirez,Shannon,IT,72106.97
5870,King,Stephen,IT,73439.83
10946,Baxter,Shirley,IT,61583.04
5711,Herrera,Shannon,IT,60092.23
10281,Sanchez,Spencer,Legal,124306.42
5045,Rivera,Sara,Legal,117057.32
10516,Liu,Samantha,Legal,124289.31
5856,Hopkins,Sharon,Legal,112726.71
10397,Thomas,Sonya,Legal,121761.51
5292,Spears,Susan,Legal,108350.19
10129,Alexander,Samantha,Legal,119641.32
5960,Johnson,Shawn,Legal,107923.22
10450,Reed,Sarah,Legal,117738.15
5950,Blair,Stacie,Legal,96032.24
10690,Velazquez,Scott,Legal,115517.16
5361,Rhodes,Steven,Legal,88357.05
10369,Pena,Sherri,Legal,114822.61
5083,Lopez,Sarah,Legal,76122.16
10379,Howard,Steven,Legal,108554.08
5142,Mcdonald,Shannon,Marketing,98889.65
10761,Nash,Stephanie,Legal,105558.25
5148,Nguyen,Sarah,Marketing,97325.75
10707,Aguilar,Scott,Legal,103052.84
5459,Burke,Sara,Marketing,93240.09
10404,Wong,Sarah,Legal,88605.61
5735,Edwards,Sheila,Marketing,93146.34
10719,Wilson,Stefanie,Legal,85039.08
5347,Chapman,Stephanie,Marketing,72881.72
10043,Hawkins,Stacy,Legal,79598.24
5544,Ramos,Sherri,Marketing,69380.68
10405,Patterson,Scott,Marketing,97380.53
5884,Oneill,Sally,Marketing,53688.75
10013,Chase,Sydney,Marketing,94573.56
5132,Wiley,Sarah,Sales,87868.63
10521,Martin,Shelley,Marketing,92096.63
5160,Beck,Sara,Sales,85899.67
10219,Mitchell,Stephanie,Marketing,87659.2
5317,Chen,Steven,Sales,85526.2
10908,Macias,Scott,Marketing,83398.03
5208,Adams,Steven,Sales,83821.33
10491,Smith,Sylvia,Marketing,80390.35
5562,Turner,Shannon,Sales,78451.75
10949,Butler,Shane,Marketing,76574.77
5479,Smith,Sean,Sales,76796.81
10185,Thompson,Sharon,Marketing,75835.19
5214,Taylor,Sabrina,Sales,73768.51
10849,Cortez,Stephen,Marketing,74559.2
5382,Gates,Stephanie,Sales,73101.87
10259,Hernandez,Scott,Marketing,72914.82
5157,Harmon,Samantha,Sales,64743.68
10907,Garner,Scott,Marketing,71939.43
5547,Thompson,Sherri,Sales,60622.11
10485,Jones,Samantha,Marketing,69896.7
5494,Alvarez,Steven,Sales,58714.87
10851,Shaffer,Samantha,Marketing,67071.34
5718,Harris,Susan,Support,76174.53
10508,Davis,Sarah,Marketing,66097.37
5799,Watson,Shannon,Support,64579.12
10791,Vargas,Sarah,Marketing,66036.59
5096,Lambert,Steven,Support,62264.59
10069,Shaffer,Shane,Marketing,59557.65
5116,Marshall,Shannon,Support,59643.11
10338,Krause,Scott,Marketing,56045.35
5980,Rodgers,Shawn,Support,45561.14
10678,Barton,Sylvia,Marketing,54616.63
5413,Vance,Sarah,Support,42739.09
10336,Hernandez,Stephanie,Sales,75761.21
8199,Bailey,Sara,Engineering,119558.86
10206,Thomas,Stacy,Sales,75625.72
8007,Holmes,Sarah,Engineering,117519.18
10611,Trujillo,Sarah,Sales,70345.21
8205,Hall,Sandra,Engineering,115694.08
10271,Rojas,Stephen,Sales,60322.24
8586,Bradshaw,Sarah,Engineering,111734.04
10106,Scott,Sean,Sales,47775.24
8422,Salas,Scott,Engineering,94490.81
10534,Santos,Sandy,Support,77524.96
8488,Griffin,Stephanie,Engineering,91381.22
10218,Clark,Samuel,Support,76186.94
8043,Smith,Stacey,Engineering,91283.54
10700,Green,Sarah,Support,75218.32
8410,Grant,Samuel,Engineering,90737.52
10812,Higgins,Stuart,Support,72151.09
8956,Bryant,Sheila,Engineering,89513.53
10647,Garrison,Samuel,Support,71739.61
8497,Rogers,Sue,Engineering,87994.53
10605,Cole,Sabrina,Support,69740.36
8973,Roberts,Shelley,Engineering,85952.97
10189,Welch,Sherri,Support,66094.34
8742,Weiss,Sean,Engineering,82210.46
10911,Gillespie,Spencer,Support,63277.52
8521,Wells,Scott,Engineering,79526.9
10884,Shaffer,Sara,Support,58023.96
8309,Mathis,Sheryl,Engineering,78862.51
10095,Newman,Sonia,Support,53938.01
8347,Briggs,Sarah,Engineering,72357.35
10676,Moreno,Stephen,Support,52934.61
8012,Lee,Sue,Engineering,70822.99
10846,Mcmahon,Shelly,Support,50901.25
8331,Johnston,Stacie,Engineering,68921.8
10435,Villanueva,Samantha,Support,50326.83
8342,Johnson,Samuel,Engineering,65171.9
12612,Pugh,Sean,Engineering,105830.89
8366,Coleman,Susan,Engineering,62708.24
12465,Conner,Sandra,Engineering,89113.19
8203,Johnson,Shawn,Finance,109217.32
12516,Williams,Sarah,Engineering,82452.78
8360,Ho,Sarah,Finance,105988.68
12046,Harper,Sally,Engineering,70703.79
8974,Wise,Steven,Finance,101617.81
12455,Nguyen,Samantha,Engineering,67548.68
8707,Murphy,Sean,Finance,80932.81
12112,Powers,Sherry,Engineering,66209.97
8146,Taylor,Scott,HR,94201.95
12993,Turner,Shelby,Finance,103484.13
8888,Daniel,Stephen,HR,91542.15
12699,Holt,Steve,Finance,99946.16
8227,Scott,Samuel,HR,91505.81
12061,Walton,Sonya,Finance,94019.79
8051,Rose,Steven,HR,90637.34
12210,Martin,Stephanie,Finance,92054.96
8361,Serrano,Savannah,HR,87039.62
12187,Oliver,Shaun,Finance,85120.72
8679,Jones,Shannon,HR,85767.26
12447,Miller,Steven,Finance,82957.34
8242,Jones,Samantha,HR,79097.21
12417,Price,Shannon,Finance,81654.01
8061,Scott,Seth,HR,76222.74
12354,Lopez,Shane,Finance,72592.56
8284,Garrison,Stephanie,HR,56068.61
12019,Watson,Sean,Finance,60031.16
8619,Davis,Samantha,HR,51600.56
12791,Bradley,Sheena,Finance,59837.18
8170,Schmidt,Stephen,IT,112646.73
12806,Humphrey,Sarah,Finance,56517.15
8897,King,Susan,IT,107791.15
12290,Evans,Susan,HR,92242.9
8970,Trevino,Sarah,IT,107295.53
12214,Peters,Shawn,HR,89187.98
8552,Cole,Stephanie,IT,98054.44
12820,Kelly,Sarah,HR,88125.85
8896,Garcia,Stacy,IT,95475.86
12161,Stevenson,Sylvia,HR,79996.07
8948,Sharp,Sandra,IT,89609.76
12282,Fernandez,Sean,HR,74052.53
8378,Henderson,Scott,IT,82503.22
12062,Montes,Stephanie,HR,73365.22
8364,Turner,Stephen,IT,78146.57
12424,Armstrong,Sharon,HR,72117.4
8995,Price,Scott,IT,73233.37
12676,Boyd,Sheila,HR,70971.78
8546,Williams,Sarah,IT,68759.45
12456,Harris,Sara,HR,70503.35
8563,Jones,Sharon,IT,68598.43
12958,Beck,Savannah,HR,59992.3
8564,Roberson,Selena,IT,60122.52
12440,Thomas,Steven,IT,114180.77
8101,Douglas,Susan,Legal,119819.88
12022,Camacho,Shawn,IT,112420.95
8841,Foster,Sharon,Legal,116716.91
12810,Davis,Sarah,IT,108032.27
8265,Brown,Shawn,Legal,110915.76
12244,Santiago,Shawn,IT,104471.51
8424,Davis,Seth,Legal,94587.64
12167,Wilson,Stephanie,IT,103919.53
8130,Montgomery,Sherry,Legal,93447.92
12681,Hess,Steven,IT,103825.45
8688,Nunez,Scott,Legal,89684.91
12165,Kennedy,Samantha,IT,100302.01
8689,Cole,Steven,Legal,86201.53
12482,Murray,Stephen,IT,92528.09
8548,Singh,Stephen,Legal,84802.4
12723,Bailey,Susan,IT,88207.98
8616,Harris,Sheena,Legal,82130.89
12477,Mcdowell,Sean,IT,87005.05
8483,Frank,Sarah,Legal,81505.68
12586,Lewis,Scott,IT,82955.31
8816,Hale,Sandra,Legal,78163.74
12092,Williams,Stephen,IT,78629.49
8293,Williams,Samantha,Marketing,99250.99
12883,Woodard,Susan,IT,72030.94
8677,Clark,Samantha,Marketing,91259.25
12619,Bennett,Sherri,IT,60413.49
8577,Sharp,Shirley,Marketing,80221.65
12415,Gallegos,Scott,Legal,118985.86
8891,White,Stephanie,Marketing,73669.78
12961,Frazier,Sandra,Legal,112032.82
8859,Hughes,Stacy,Marketing,72333.86
12561,Stevenson,Scott,Legal,85569.04
8028,Evans,Sarah,Marketing,66407.4
12611,Gomez,Stephanie,Legal,79453.33
8095,Allen,Sharon,Marketing,64572.5
12051,Diaz,Sarah,Legal,74099.61
8433,Morgan,Shawn,Marketing,57412.39
12014,Owen,Sabrina,Legal,68302.28
8984,Reid,Stephanie,Marketing,51375.36
12739,Deleon,Scott,Legal,67480.19
8244,Morrow,Sean,Sales,82934.79
12052,Heath,Sarah,Legal,66836.58
8439,Yoder,Sierra,Sales,77781.62
12302,Khan,Sarah,Marketing,98058.14
8910,Hart,Sarah,Sales,75720.39
12287,Miller,Sarah,Marketing,96849.08
8420,Powers,Sarah,Sales,68228.59
12320,Sparks,Steven,Marketing,96414.21
8476,Howe,Stephen,Sales,65636.33
12262,Suarez,Sarah,Marketing,90638.22
8104,Robles,Spencer,Sales,60194.25
12902,Lyons,Sandra,Marketing,83736.37
8224,Wagner,Sarah,Sales,58621.8
12469,Hogan,Samuel,Marketing,81281.35
8206,Barnes,Sylvia,Sales,55971.14
12296,Larson,Savannah,Marketing,73891.65
8053,Allen,Stephen,Sales,52607.7
12197,Rivas,Susan,Marketing,70712.11
8916,Berg,Sara,Support,76000.77
12048,Walls,Stephanie,Marketing,70224.1
8467,Jones,Samuel,Support,74907.02
12577,Higgins,Stephanie,Marketing,65602.93
8690,Fletcher,Seth,Support,73220.57
12873,Obrien,Sarah,Marketing,64016.8
8989,Jackson,Steven,Support,67639.27
12307,Sherman,Shane,Marketing,62627.37
8705,Gonzalez,Sandra,Support,64010.62
12531,Armstrong,Susan,Marketing,62430.97
8391,Cole,Sarah,Support,62126.81
12460,Flowers,Stephanie,Marketing,59807.46
8692,Guzman,Samantha,Support,58294.83
12361,Nash,Stephanie,Marketing,54776.69
8275,Thompson,Steven,Support,52874.79
12786,Ryan,Stephanie,Marketing,50452.83
8751,Becker,Samantha,Support,50316.66
12335,Adams,Samantha,Sales,86964.43
8026,Dawson,Sierra,Support,40485.41
12321,Ross,Samuel,Sales,82863.35
7895,Horn,Suzanne,Engineering,108881.89
12746,Hooper,Sean,Sales,80988.5
7430,Walker,Seth,Engineering,105372.1
12401,Jones,Sharon,Sales,79429.54
7228,Ramirez,Stephanie,Engineering,99743.16
12267,Owens,Sandra,Sales,66794.45
7260,Sanchez,Scott,Engineering,92517.67
12626,Jenkins,Shannon,Sales,52413.81
7787,Wagner,Steven,Engineering,86255.97
12241,Bell,Steven,Sales,51190.67
7428,Barrett,Sarah,Engineering,81873.96
12100,Contreras,Sean,Support,73211.69
7464,Henry,Shelley,Engineering,79970.76
12735,Alvarez,Stephanie,Support,72549.01
7872,Reynolds,Sonya,Engineering,62799.83
12793,Rice,Sarah,Support,67811.17
7423,Lewis,Sandra,Engineering,60028.17
12277,Murphy,Steven,Support,61105.58
7079,Clark,Shannon,Finance,109615.71
12773,Brown,Steven,Support,51119.34
7517,Cortez,Stacey,Finance,99810.19
12344,Mahoney,Sandra,Support,50152.67
7012,Hicks,Susan,Finance,99144.58
7449,Kaiser,Seth,Finance,97200.38
7731,Clayton,Shelley,Finance,93321.7
7899,Barton,Sara,Finance,93236.68
7531,Brown,Samuel,Finance,86041.35
7863,Tran,Scott,Finance,73571.18
7190,Carter,Shelby,Finance,59028.31
7004,Davis,Steven,Finance,57238.8
7959,Hunter,Stacie,HR,88726.11
7359,Madden,Sean,HR,87940.97
7337,Jackson,Samantha,HR,86251.03
7935,Roberts,Sarah,HR,82756.01
7119,Johnson,Sarah,HR,75641.46
7377,Garrison,Sean,HR,64836.08
7325,Walton,Shannon,HR,61943.03
7851,Hart,Steven,HR,58671.33
7030,Long,Steven,HR,50868.03
7275,Lee,Sydney,IT,103080.25
7884,Palmer,Shane,IT,100192.4
7111,Randall,Stephanie,IT,94888.14
7202,Johnson,Shelby,IT,92541.38
7239,Lopez,Sean,IT,90504.03
7967,Moss,Sean,IT,89708.81
7491,Harvey,Savannah,IT,89208.79
7807,Weeks,Sara,IT,61929.19
7375,Johnson,Shawn,Legal,124439.29
7607,Bell,Sierra,Legal,124249.2
7268,George,Sarah,Legal,124013.88
7742,Martin,Steven,Legal,121570.02
7712,Cox,Sarah,Legal,116433.07
7985,Krueger,Samuel,Legal,107737.13
7209,Sanford,Stacey,Legal,106911.97
7735,Wong,Sylvia,Legal,100562.49
7757,Stewart,Sarah,Legal,99830.05
7965,Wong,Steven,Legal,98165.82
7219,Hall,Steven,Legal,78684.4
7890,Smith,Steven,Legal,76482.12
7334,Wise,Samuel,Legal,74577.88
7238,Meza,Samantha,Legal,73207.35
7189,Cook,Shannon,Marketing,94178.52
7324,Lee,Seth,Marketing,91047.45
7591,Hughes,Stephanie,Marketing,83642.38
7993,Smith,Sarah,Marketing,79621.09
7777,Rice,Stephanie,Marketing,76319.13
7788,Morris,Stephanie,Marketing,76080.18
7210,Brown,Scott,Marketing,70011.62
7850,Brooks,Sharon,Marketing,59782.54
7153,Barrett,Stephen,Sales,86106.39
7647,Jones,Sarah,Sales,81812.8
7511,Morris,Shirley,Sales,76133.39
7557,Strong,Susan,Sales,58718.45
7053,Lawson,Suzanne,Sales,53298.96
7810,George,Sherry,Sales,51743.81
7998,Colon,Sean,Sales,45387.86
7548,Barajas,Sandra,Support,78909.34
7326,Reyes,Samantha,Support,75717.67
7465,Martin,Stuart,Support,67930.32
7848,Carroll,Stephanie,Support,61349.35
7127,Thomas,Sarah,Support,61307.9
7976,Stafford,Steven,Support,52961.02
7722,Townsend,Stephen,Support,49843.1
7847,Beltran,Steven,Support,46110.92
7576,Mccoy,Shawn,Support,43776.3
7563,Williamson,Steven,Support,42322.89
7167,Nelson,Stephanie,Support,40678.85
12268,Phelps,Trevor,Engineering,112448.38
7487,Frederick,Thomas,Engineering,113670.04
12109,Osborne,Tracy,Engineering,105313.68
7397,Hernandez,Taylor,Engineering,112229.44
12842,Palmer,Taylor,Engineering,97339.91
7355,Travis,Tony,Engineering,110231.76
12884,Patton,Tamara,Engineering,92063.87
7023,Ramirez,Tara,Engineering,106198.56
12312,Webster,Trevor,Engineering,71596.03
7765,Hodges,Tony,Engineering,91208.37
12129,Lee,Tanya,Engineering,67469.11
7095,Choi,Tony,Engineering,85784.87
12895,Valencia,Tina,Finance,106372.55
7188,Blackwell,Taylor,Engineering,73992.97
12336,Maldonado,Tina,Finance,104435.01
7436,Crane,Thomas,Finance,107274.03
12889,Watson,Tabitha,Finance,90527.66
7389,Lester,Tiffany,Finance,95990.52
12036,Bailey,Tammy,Finance,87730.09
7532,Reyes,Travis,Finance,91756.61
12803,Higgins,Tamara,Finance,82740.63
7873,Vega,Timothy,Finance,80335.12
12904,Sanders,Tyler,Finance,77909.33
7088,Sutton,Tammy,Finance,77671.32
12774,Moyer,Troy,Finance,73828.75
7783,Martinez,Timothy,Finance,61316.68
12458,Martinez,Timothy,Finance,72986.98
7961,Hamilton,Tami,Finance,57201.89
12929,Kelley,Thomas,Finance,72972.2
7732,Jones,Theresa,HR,86218.21
12822,Collins,Timothy,Finance,58613.69
7912,Williams,Travis,HR,85659.76
12308,Rodriguez,Timothy,Finance,57217.24
7460,Ross,Teresa,HR,81848.02
12279,Matthews,Tonya,HR,90197.22
7393,Cordova,Tracy,HR,66205.87
12294,Harris,Tonya,HR,85572.5
7784,Chavez,Tamara,HR,60702.08
12651,Peterson,Tabitha,HR,77754.55
7754,Lee,Thomas,IT,114525.85
12423,Davis,Tracey,HR,60844.65
7022,Brown,Tara,IT,113836.05
12280,Foster,Tony,HR,54147.52
7826,Willis,Travis,IT,111784.07
12393,Knight,Thomas,HR,52294.44
7773,Price,Tina,IT,99065.1
12390,Stevens,Thomas,IT,114091.83
7067,Johnson,Thomas,IT,98098.12
12510,Pham,Tyler,IT,106503.48
7545,Newman,Tanya,IT,97051.16
12584,Walker,Tanya,IT,102444.93
7667,Reyes,Timothy,IT,96944.15
12501,Romero,Teresa,IT,97761.88
7558,Smith,Theresa,IT,92733.45
12230,Hall,Tabitha,IT,79138.66
7372,Santos,Tony,IT,68472.57
12526,Ingram,Tiffany,IT,70370.51
7820,Cummings,Tara,Legal,110371.41
12825,Sherman,Troy,IT,68424.31
7431,Davis,Travis,Legal,107942.29
12824,Rivas,Tina,Legal,123751.38
7415,Aguilar,Travis,Legal,93880.59
12154,Johnson,Tiffany,Legal,86561.38
7699,Martinez,Teresa,Legal,88293.59
12113,Rangel,Tanya,Legal,78637.74
7642,Olsen,Tanya,Legal,87709.63
12869,Wilson,Tyler,Legal,76655.87
7724,Singh,Tammie,Legal,82494.78
12031,Santos,Timothy,Legal,76417.61
7939,Williams,Tami,Legal,80706.85
12779,Todd,Tracey,Marketing,93768.84
7110,Clark,Timothy,Marketing,85464.16
12618,Murray,Terry,Marketing,85371.18
7886,Schultz,Thomas,Marketing,70493.27
12686,Parsons,Timothy,Marketing,73665.22
7160,Pratt,Traci,Marketing,61654.23
12818,Cole,Timothy,Marketing,50657.53
7690,Jackson,Tiffany,Marketing,60671.35
12896,Stevens,Thomas,Sales,87123.66
7354,Crawford,Timothy,Marketing,55749.46
12211,Brown,Thomas,Sales,84877.75
7568,White,Taylor,Sales,70615.31
12305,Edwards,Troy,Sales,83175.52
7562,Ewing,Thomas,Sales,68592.62
12388,Harrington,Traci,Sales,69198.86
7394,Olson,Theresa,Sales,65724.38
12943,Ochoa,Toni,Sales,65060.1
7366,Henry,Tanya,Sales,60946.38
12343,Smith,Thomas,Sales,63164.13
7666,Jones,Teresa,Sales,57636.96
12090,Dominguez,Tiffany,Sales,59659.5
7358,Romero,Tyler,Sales,52895.78
12097,Webb,Thomas,Sales,46799.94
7549,Rojas,Tammy,Sales,49175.02
12762,Brown,Troy,Support,78641.3
7680,Lane,Timothy,Support,79257.17
12376,Kirk,Timothy,Support,78035.84
7373,Collins,Theresa,Support,74510.79
12787,Preston,Thomas,Support,77465.48
7633,Perry,Thomas,Support,72672.47
12490,Farmer,Tonya,Support,73695.48
7971,Cox,Tara,Support,71440.44
12606,Salazar,Theresa,Support,70368.88
7367,Thompson,Tara,Support,60027.79
12204,Bird,Travis,Support,58349.12
7746,Palmer,Tanya,Support,50472.36
12534,Mcguire,Timothy,Support,52278.83
11538,Hampton,Thomas,Engineering,116780.67
6387,Wall,Tiffany,Engineering,117088.19
3858,Hunter,Tina,Engineering,98683.63
12079,Kelley,Trevor,Support,49890.19
11233,Parrish,Theresa,Engineering,114668.84
6221,Blackwell,Tammy,Engineering,115474.09
3332,Cortez,Tyler,Engineering,96179.8
12826,Rivera,Tiffany,Support,48621.05
11516,Adams,Thomas,Engineering,112276.06
6867,White,Tracey,Engineering,113772.28
3899,Fernandez,Tara,Engineering,93988.54
12652,White,Tina,Support,44518.89
11342,Morrison,Thomas,Engineering,106589.59
6939,Phillips,Timothy,Engineering,102944.42
3370,Klein,Tyler,Engineering,90043.83
12213,Robbins,Tiffany,Support,43926.37
11020,Thompson,Timothy,Finance,109297.8
6020,Hernandez,Tim,Engineering,77942.1
3882,Myers,Tiffany,Engineering,69123.68
13468,Bailey,Tammy,Engineering,119456.87
11653,Maldonado,Thomas,Finance,104966.52
6792,Smith,Tamara,Engineering,73284.38
3132,Wilson,Teresa,Engineering,63181.12
13264,Thomas,Tyler,Engineering,111859.35
11146,Wright,Troy,Finance,96666.31
6258,King,Timothy,Engineering,73066.64
3727,Bentley,Tracie,Finance,98743.14
13414,Armstrong,Tiffany,Engineering,107335.37
11469,Francis,Tony,Finance,96446.62
6808,Jenkins,Thomas,Engineering,70932.54
3042,George,Tanner,Finance,97400.44
13232,Reynolds,Timothy,Engineering,103402.32
11557,Jackson,Todd,Finance,86591.0
6052,Reed,Tina,Finance,79651.35
3767,Lynch,Todd,Finance,92305.46
13204,Moore,Terri,Engineering,93695.21
11572,Hopkins,Teresa,Finance,84603.76
6213,Scott,Troy,Finance,74546.89
3222,Rivers,Theresa,Finance,83300.86
13665,Washington,Taylor,Engineering,90892.6
11301,Campbell,Tracy,Finance,80738.6
6331,Farmer,Theresa,Finance,70064.05
3279,Berg,Thomas,Finance,81459.64
13479,Henry,Taylor,Engineering,87998.99
11257,Benson,Travis,Finance,71422.8
6453,Jones,Timothy,Finance,58125.02
3306,Moore,Tara,Finance,80382.64
13524,Brown,Thomas,Engineering,81854.0
11355,Torres,Tonya,Finance,64902.5
6116,Chavez,Tina,HR,83059.67
3462,Wright,Timothy,Finance,73347.31
13520,Campbell,Timothy,Engineering,72167.16
11174,Sutton,Tiffany,Finance,58370.32
6828,Hutchinson,Thomas,HR,82665.24
3975,Mcintyre,Tricia,Finance,73127.07
13142,Costa,Tiffany,Engineering,69589.39
11569,Williams,Thomas,Finance,57559.58
6472,Savage,Timothy,HR,66812.61
3740,Moore,Tiffany,Finance,64649.83
13179,Moran,Timothy,Engineering,69461.52
11704,Sanford,Travis,HR,93521.99
6182,Green,Tyler,HR,61543.72
3379,Gonzalez,Teresa,Finance,59509.75
13374,Bryant,Tammy,Engineering,64894.97
11171,Parrish,Tracy,HR,90500.07
6716,Vance,Tiffany,HR,59495.3
3128,Murphy,Tyler,HR,94365.78
13986,Wang,Terri,Engineering,64537.55
11390,Meza,Tina,HR,87571.3
6942,Guzman,Timothy,HR,58152.08
3436,Ford,Troy,HR,90448.54
13874,Gray,Timothy,Finance,107782.39
11561,Moss,Teresa,HR,84296.78
6971,Huff,Troy,HR,55774.47
3381,Murphy,Timothy,HR,90341.09
13213,Wright,Thomas,Finance,91199.4
11830,Morales,Tiffany,HR,83153.69
6438,Delgado,Tracy,HR,54446.83
3293,Wilson,Timothy,HR,84691.33
13177,Roman,Tiffany,Finance,90724.44
11883,Gill,Tami,HR,78775.65
6658,Anderson,Tara,IT,100562.49
3019,Lopez,Terri,HR,76653.69
13670,Clark,Thomas,Finance,81245.8
11117,Walton,Timothy,HR,73937.51
6202,Morris,Teresa,IT,97748.68
3271,Lynch,Thomas,HR,70001.23
13005,Cline,Taylor,Finance,75451.92
11185,Jackson,Thomas,HR,60663.49
6168,Gibbs,Theresa,IT,96723.33
3672,Reid,Tyler,HR,67914.62
13826,Brown,Timothy,Finance,65880.8
11187,Harris,Thomas,HR,60637.81
6402,Hall,Terri,IT,81828.15
3659,Crawford,Tonya,HR,56888.02
13948,Long,Tony,Finance,60422.38
11514,Bridges,Terri,IT,110439.28
6599,Chapman,Tyler,IT,77490.01
3266,Johnson,Traci,HR,54735.87
13852,Taylor,Tommy,HR,91748.57
11791,Cohen,Theresa,IT,108281.25
6679,Barker,Tammy,IT,72933.59
3076,Hernandez,Tammy,HR,53252.58
13417,Doyle,Todd,HR,82896.77
11471,Schultz,Tanner,IT,102392.64
6155,Black,Todd,IT,63542.34
3216,Hansen,Timothy,IT,87517.65
13108,Browning,Tammy,HR,77593.53
11452,Robertson,Tiffany,IT,71115.88
6513,Boyd,Tim,Legal,110919.1
3677,Washington,Timothy,IT,71830.5
13019,Marshall,Tracy,HR,52020.32
11970,Gordon,Thomas,IT,68676.21
6071,Daugherty,Teresa,Legal,83904.41
3798,Smith,Teresa,IT,70887.38
13024,Duran,Tyler,HR,51182.05
11749,Cole,Tiffany,Legal,123667.72
6403,Perry,Teresa,Legal,83534.54
3131,Fletcher,Travis,IT,62705.17
13012,Dunn,Thomas,IT,113078.52
11649,Stone,Timothy,Legal,111911.62
6457,Bryant,Taylor,Marketing,97144.35
3496,Hunt,Tina,Legal,122403.96
13989,Mendez,Theresa,IT,108368.6
11223,West,Thomas,Legal,109878.11
6478,Baker,Timothy,Marketing,94886.98
3753,Jones,Tammy,Legal,121781.58
13934,Henson,Tina,IT,95860.77
11197,Stein,Trevor,Legal,109550.29
6566,Parker,Tamara,Marketing,86548.84
3977,Adams,Tricia,Legal,116928.52
13721,Roberts,Tyrone,IT,83773.94
11638,Fernandez,Tina,Legal,73287.96
6248,Martin,Tony,Marketing,80280.86
3993,Long,Teresa,Legal,111498.28
13911,Gonzalez,Todd,IT,82326.65
11564,Lyons,Tanner,Legal,68182.64
6367,Nelson,Teresa,Marketing,76924.6
3461,Salinas,Timothy,Legal,108424.72
13782,Schmidt,Tammy,IT,77780.13
11785,Thompson,Theresa,Marketing,93015.87
6192,Johnson,Tracy,Marketing,63139.82
3319,Ford,Travis,Legal,105184.01
13681,Gonzales,Teresa,IT,74064.31
11128,Ward,Thomas,Marketing,87850.67
6900,Johnson,Theresa,Marketing,62954.13
3205,Raymond,Thomas,Legal,104339.02
13186,Nelson,Todd,IT,65126.33
11977,Hicks,Tina,Marketing,77834.29
6232,Gilbert,Thomas,Marketing,60751.08
3794,Fox,Tina,Legal,98435.07
13659,Mullen,Tristan,Legal,111022.35
11861,Chavez,Tracie,Marketing,73296.88
6789,Williams,Tara,Marketing,60027.36
3896,Velez,Troy,Legal,93998.38
13066,Hernandez,Taylor,Legal,106164.77
11125,Peterson,Timothy,Marketing,60393.31
6166,Miranda,Tina,Marketing,58953.07
3374,Wong,Tyler,Marketing,89955.22
13173,Matthews,Tiffany,Legal,91836.46
11015,Irwin,Tracy,Marketing,55155.96
6416,Jones,Tina,Marketing,55574.21
3417,Bird,Tyler,Marketing,87456.49
13596,Mcguire,Timothy,Legal,90788.88
11268,Jordan,Timothy,Sales,87298.32
6853,Richards,Timothy,Sales,71243.34
3445,Cole,Troy,Marketing,81095.08
13377,Bishop,Taylor,Marketing,93393.69
11132,Castro,Tracy,Sales,85113.07
6330,Hernandez,Tammy,Sales,68299.91
3114,Hubbard,Tara,Marketing,72627.24
13394,Ramos,Theresa,Marketing,85763.27
11031,Day,Todd,Sales,73041.73
6353,Sampson,Timothy,Sales,67393.75
3320,Allen,Timothy,Marketing,54897.32
13348,Ruiz,Thomas,Marketing,74347.36
11758,Montoya,Tiffany,Support,79708.39
6821,Valenzuela,Thomas,Sales,49025.54
3732,Kline,Tina,Marketing,52537.47
13571,Villa,Thomas,Marketing,69605.59
11475,Dillon,Theresa,Support,77564.69
6386,Cole,Thomas,Support,79472.61
3827,Wagner,Tony,Sales,85603.79
13869,Buckley,Tracy,Marketing,63146.96
11381,Young,Taylor,Support,71613.03
6285,Valencia,Travis,Support,78827.57
3884,Murray,Thomas,Sales,80500.79
13725,Mccormick,Timothy,Marketing,52274.96
11346,Cochran,Tara,Support,71459.31
6878,Whitney,Tracy,Support,55678.73
3898,Wood,Thomas,Sales,77292.28
13792,Alvarado,Timothy,Sales,87852.87
11673,Mcclure,Timothy,Support,70097.99
6619,Zhang,Tina,Support,51471.71
3796,Carrillo,Tina,Sales,73997.17
13556,Williams,Thomas,Sales,56786.96
11707,Martinez,Tamara,Support,68309.79
6264,Yu,Tiffany,Support,49093.46
3979,Gonzalez,Timothy,Sales,66207.21
13528,Bates,Tammie,Sales,51143.77
11329,Williams,Todd,Support,66147.83
3047,Guzman,Tiffany,Sales,65768.64
13895,Walls,Thomas,Sales,47157.68
11373,Franklin,Tiffany,Support,58779.96
3687,Cisneros,Troy,Sales,49568.49
13159,Carpenter,Thomas,Sales,46685.84
11644,Holland,Tara,Support,56741.63
3723,Lang,Teresa,Sales,47009.89
13516,Paul,Trevor,Support,79664.26
11426,Phillips,Tyler,Support,54133.36
3612,Clark,Tina,Support,79165.05
13718,Watts,Thomas,Support,79023.8
11157,Rhodes,Thomas,Support,52760.46
3460,Young,Tonya,Support,75458.28
13662,Taylor,Tamara,Support,74649.15
11370,Giles,Tiffany,Support,49652.02
3183,Lowe,Tiffany,Support,73784.14
13674,Finley,Timothy,Support,68594.96
11428,Cruz,Theresa,Support,41650.35
3285,Kelley,Tiffany,Support,68983.22
13559,Mccoy,Tiffany,Support,66395.03
14297,Kemp,Thomas,Engineering,117849.13
3633,Hill,Tracy,Support,55466.61
13839,Dorsey,Tiffany,Support,64181.05
14333,Gordon,Taylor,Engineering,107093.76
3026,Riley,Tamara,Support,52595.53
13746,Hall,Taylor,Support,61712.5
14958,Hansen,Taylor,Engineering,105101.27
3996,Anderson,Thomas,Support,48839.17
1337,Herrera,Tracy,Engineering,112044.73
14963,Bryant,Tracy,Engineering,94339.63
3956,Fleming,Todd,Support,45460.4
1205,Patterson,Todd,Engineering,100923.71
14288,Gibbs,Tiffany,Engineering,83643.54
3771,Thomas,Thomas,Support,44856.53
1211,Hines,Terri,Finance,97397.06
14556,Floyd,Thomas,Engineering,75313.76
3715,Newman,Timothy,Support,41885.52
1853,Smith,Timothy,Finance,90034.53
14067,Suarez,Thomas,Engineering,74470.4
3310,Howard,Thomas,Support,40633.08
1150,Gordon,Timothy,Finance,83313.9
14197,Green,Tiffany,Engineering,69354.08
156,Hanson,Tammy,Engineering,118927.89
1542,Ward,Tracey,Finance,75297.53
14235,Humphrey,Thomas,Engineering,63022.42
752,Hayes,Tammy,Engineering,98818.52
1342,Brock,Tony,Finance,62634.06
14697,Holmes,Tommy,Finance,107728.21
145,Wilson,Tina,Engineering,87852.92
1789,Alvarez,Todd,Finance,61757.16
14365,Torres,Timothy,Finance,98589.2
676,Johnson,Tyler,Engineering,85241.74
1761,Vasquez,Theresa,HR,91386.92
14522,Conrad,Timothy,Finance,95645.04
626,Reid,Thomas,Engineering,82639.03
1683,Sutton,Timothy,HR,78119.21
14018,Rodriguez,Taylor,Finance,86636.05
844,Powell,Tyler,Engineering,71147.6
1899,Miller,Tracy,HR,70584.64
14953,Alexander,Tyler,Finance,85396.45
414,Elliott,Terri,Engineering,68716.77
1024,Myers,Tracy,IT,103979.68
14526,Anderson,Tara,Finance,83020.5
171,Watkins,Tiffany,Engineering,66861.07
1304,Martin,Tracy,IT,97087.75
14655,Bowers,Tommy,Finance,78984.32
470,Roman,Taylor,Finance,107953.55
1349,Long,Toni,IT,92642.42
14976,Davis,Tina,Finance,78338.01
88,Rodriguez,Tanner,Finance,101082.01
1869,Carroll,Tamara,IT,73512.61
14392,Pope,Travis,Finance,71802.63
722,Lucas,Timothy,Finance,98337.18
1987,Harris,Timothy,IT,67766.11
14348,Hansen,Timothy,HR,93172.79
465,Rodriguez,Todd,Finance,96361.96
1454,Adams,Terri,IT,66569.69
14749,Price,Thomas,HR,90905.88
127,Martinez,Tammy,Finance,91623.15
1650,Parker,Tammy,IT,66010.23
14286,Huang,Timothy,HR,88073.45
540,Forbes,Tiffany,Finance,69846.01
1693,Carter,Tammie,IT,62397.89
14311,Matthews,Thomas,HR,64998.38
753,Crawford,Tammy,Finance,66114.65
1067,Thompson,Tammie,IT,60315.14
14083,Miller,Tyler,HR,56681.82
661,Hughes,Tonya,Finance,56158.07
1587,West,Timothy,Legal,111240.14
14728,Phillips,Tina,IT,113794.91
365,Allen,Timothy,Finance,55940.37
1391,Moreno,Tracy,Legal,96804.32
14074,Young,Teresa,IT,100623.64
930,Frost,Terry,HR,90933.74
1006,Cervantes,Tina,Legal,71229.44
14542,Hill,Tamara,IT,94961.14
805,Hoffman,Tonya,HR,89807.23
1490,Combs,Tim,Legal,71216.95
14188,Anderson,Travis,IT,86453.27
528,Wilson,Tami,HR,86911.95
1961,Moore,Tiffany,Legal,67716.17
14684,Miller,Todd,IT,82411.99
119,Evans,Tiffany,HR,69151.77
1517,Lopez,Taylor,Marketing,95529.85
14176,Wallace,Tyler,Legal,122729.6
125,Wilson,Timothy,HR,60394.87
1655,Williams,Timothy,Marketing,73424.56
14955,Walker,Timothy,Legal,115837.6
754,Perez,Timothy,HR,55100.87
1268,Grant,Tammy,Marketing,72427.28
14209,Baker,Thomas,Legal,112176.49
941,Morris,Thomas,HR,54498.76
1566,Joyce,Timothy,Marketing,69763.44
14415,Walls,Timothy,Legal,111110.46
591,Thomas,Todd,IT,114825.87
1053,King,Tina,Marketing,65272.72
14732,Larsen,Thomas,Legal,110611.42
44,Williams,Teresa,IT,111833.71
1222,Paul,Thomas,Marketing,52751.71
14496,Campbell,Thomas,Legal,99777.99
684,Merritt,Tara,IT,89475.61
1197,Gonzalez,Taylor,Sales,85724.4
14662,Lester,Tasha,Legal,90398.92
663,Jones,Tiffany,IT,83231.89
1813,Moreno,Timothy,Sales,84483.74
14173,Fernandez,Terry,Legal,82060.01
476,Caldwell,Thomas,IT,77152.77
1400,Madden,Tiffany,Sales,83478.79
14840,Sweeney,Timothy,Legal,76204.16
832,Casey,Tiffany,IT,72626.09
1572,Williamson,Tara,Sales,82144.15
14731,Kelley,Thomas,Legal,72407.69
382,Nguyen,Teresa,IT,63024.71
1409,Ortiz,Teresa,Sales,65329.74
14770,Robertson,Thomas,Marketing,69414.75
144,Kim,Travis,Legal,122871.01
1904,Hill,Tara,Sales,56647.32
14812,Martin,Tracey,Marketing,66369.72
697,Gilbert,Todd,Legal,97636.08
1645,Austin,Tracy,Sales,56382.29
14604,Miranda,Tiffany,Marketing,57838.49
152,Rice,Tiffany,Legal,78648.07
1177,Rogers,Timothy,Support,72353.44
14511,Garcia,Tammy,Marketing,55219.94
978,Carter,Tiffany,Legal,66215.09
1551,Fernandez,Thomas,Support,70450.15
14148,Koch,Tristan,Sales,86903.45
708,Todd,Tammy,Legal,65761.69
1621,Williams,Theresa,Support,68579.45
14757,Mcdonald,Tyler,Sales,86238.1
822,Roberts,Timothy,Marketing,87693.76
1819,Taylor,Tamara,Support,67470.14
14887,Chen,Thomas,Sales,77339.35
221,Cox,Timothy,Marketing,78535.61
1689,Johnson,Timothy,Support,66780.25
14724,Smith,Tyler,Sales,74285.06
726,Thompson,Tara,Marketing,62762.21
1498,Mann,Timothy,Support,56565.78
14213,Hunt,Tina,Sales,69773.36
394,Smith,Tiffany,Marketing,51900.19
1661,Hester,Theresa,Support,48758.46
14668,Alexander,Tyler,Sales,67372.67
356,Wu,Tiffany,Sales,88199.34
14561,Norris,Tanya,Sales,59637.62
441,Freeman,Tiffany,Sales,71360.69
14433,Frazier,Theresa,Sales,54376.98
841,Davis,Tyler,Sales,66003.64
14710,Morales,Timothy,Sales,50328.75
587,Green,Timothy,Sales,62050.3
14701,Burgess,Tracy,Sales,49723.69
983,Cunningham,Teresa,Sales,59124.76
14606,Harris,Travis,Sales,47750.79
952,Krause,Tiffany,Sales,53126.53
14261,Hahn,Tami,Support,70833.77
48,Thompson,Travis,Sales,46613.56
14040,Duffy,Timothy,Support,49179.23
935,White,Timothy,Support,71891.0
14458,Aguirre,Tara,Support,43202.08
19,Gardner,Tracy,Support,70300.31
8350,Gray,Tiffany,Engineering,116081.03
877,Day,Travis,Support,62644.55
8931,Jones,Theodore,Engineering,109715.12
938,Hunt,Tami,Support,61705.89
8874,Collins,Timothy,Engineering,102693.7
56,Wood,Thomas,Support,60843.41
8504,Evans,Tyler,Engineering,72327.9
956,Aguilar,Tracy,Support,51435.38
8087,Dennis,Todd,Engineering,72296.1
857,Fisher,Tammy,Support,46105.34
8398,Moore,Tony,Engineering,65524.55
411,Wong,Traci,Support,40394.88
8303,Flores,Tammy,Finance,106729.88
4660,Williams,Teresa,Engineering,118367.59
8096,Davis,Tyler,Finance,102775.78
4622,Freeman,Tom,Engineering,104239.14
8721,Thompson,Timothy,Finance,96086.76
4543,Castro,Thomas,Engineering,100006.29
8826,Martin,Tami,Finance,92054.25
4624,Miller,Tammy,Engineering,89841.14
8958,Jones,Terry,Finance,87283.19
4057,Elliott,Thomas,Engineering,79224.36
8979,Holmes,Thomas,Finance,84877.62
4835,Maddox,Theresa,Engineering,77524.76
8857,Warren,Tricia,Finance,84818.29
4435,Burns,Thomas,Engineering,62983.79
8884,Santos,Tanya,Finance,79270.69
4740,Jimenez,Teresa,Finance,93758.89
8137,Jones,Tonya,Finance,64895.05
4788,Wong,Tracy,Finance,83887.92
8202,Gould,Tina,Finance,61517.2
4145,Reid,Timothy,Finance,83500.56
8181,Young,Timothy,Finance,58975.5
4818,Nguyen,Tammy,Finance,83395.78
8311,Mitchell,Timothy,Finance,57117.4
4295,Wilson,Timothy,Finance,77263.16
8436,Garcia,Thomas,HR,92543.76
4124,Burke,Timothy,Finance,75897.79
8354,Yates,Thomas,HR,89699.05
4703,Cooper,Timothy,Finance,63907.01
8336,Lane,Tyrone,HR,84287.09
4172,Hamilton,Timothy,Finance,55379.36
8464,Lopez,Theresa,HR,73001.46
4131,Khan,Timothy,HR,93510.78
8695,Wolfe,Tammy,HR,72784.38
4830,Morton,Taylor,HR,87071.57
8959,Edwards,Tara,HR,71036.53
4689,Jones,Thomas,HR,81130.6
8831,Cook,Tiffany,HR,64840.87
4767,Campbell,Terri,HR,76493.86
8654,Norman,Timothy,HR,55217.1
4637,Boone,Teresa,HR,52809.21
8133,Cobb,Teresa,HR,55111.14
4987,Roach,Timothy,IT,107781.51
8683,Thompson,Theresa,IT,102015.87
4393,Freeman,Tyler,IT,92772.92
8869,Newton,Tracy,IT,100232.58
4937,Perez,Thomas,IT,90849.82
8748,Barnes,Timothy,IT,78999.72
4241,Burns,Tanya,IT,86616.86
8568,Reynolds,Thomas,IT,60180.63
4592,Spears,Tonya,IT,83010.56
8598,Robertson,Tina,Legal,120660.11
4739,Parker,Tony,IT,80358.17
8818,Rodriguez,Taylor,Legal,115107.49
4662,Palmer,Travis,IT,65822.26
8993,David,Tonya,Legal,111986.02
4185,Rodriguez,Tammie,Legal,120559.53
8447,Bell,Tyler,Legal,104162.15
4915,Holland,Tina,Legal,107312.53
8298,Perry,Taylor,Legal,86796.88
4606,Lozano,Tara,Legal,101467.08
8299,Hart,Tyler,Legal,85691.44
4102,Barber,Tamara,Legal,91023.58
8448,Santiago,Travis,Legal,82076.26
4965,Sawyer,Thomas,Legal,73905.01
8739,Chavez,Thomas,Legal,71128.45
4009,Ramirez,Tiffany,Legal,65662.84
8716,Turner,Tiffany,Marketing,93268.27
4859,Gutierrez,Timothy,Marketing,94408.5
8684,Brandt,Tammy,Marketing,70134.76
4555,Miller,Trevor,Marketing,91391.33
8585,Skinner,Tina,Marketing,63295.23
4422,Stewart,Tracy,Marketing,87417.3
8854,Bird,Timothy,Marketing,50222.56
4747,Rogers,Tiffany,Marketing,83904.18
8250,Rivas,Todd,Sales,77756.54
4664,Jones,Tina,Marketing,80056.21
8449,Huerta,Thomas,Sales,52606.32
4412,Stafford,Thomas,Marketing,72221.01
8821,Parrish,Teresa,Sales,47770.46
4291,Fernandez,Thomas,Marketing,70904.96
8950,Ferguson,Timothy,Support,67195.09
4812,Robertson,Todd,Marketing,67769.5
8119,Chapman,Tammy,Support,56913.89
4356,Mays,Todd,Marketing,63825.01
8682,Moss,Todd,Support,52274.43
4574,Butler,Timothy,Marketing,59483.37
8923,Blackwell,Tammy,Support,50806.65
4834,Allen,Tammy,Marketing,55067.29
8040,Johnson,Trevor,Support,43530.2
4562,Wilkinson,Trevor,Sales,89588.44
2442,Gonzalez,Tonya,Engineering,100926.36
4282,Velazquez,Travis,Sales,80080.23
2872,Nichols,Tracey,Engineering,71997.06
4869,Fields,Thomas,Sales,59885.99
2695,Ruiz,Teresa,Engineering,66526.7
4371,Ramirez,Timothy,Sales,56696.63
2327,Wright,Tristan,Finance,93426.27
4160,Stark,Trevor,Sales,49134.34
2837,Richards,Travis,Finance,93256.44
4440,Thomas,Tyler,Support,75074.32
2786,Brooks,Tyler,Finance,90905.82
4578,Ray,Tara,Support,74510.43
2980,Barrera,Timothy,Finance,88029.73
4949,Miller,Tracy,Support,73881.33
2925,Rubio,Tracey,Finance,73931.63
4008,Schmidt,Todd,Support,66854.8
2842,Stafford,Tiffany,Finance,71333.02
4658,Valdez,Thomas,Support,62305.34
2707,Snyder,Todd,Finance,66199.01
4508,Chavez,Timothy,Support,47310.43
2222,Wilson,Thomas,Finance,58915.64
4702,Skinner,Todd,Support,44801.78
2500,Alvarez,Tiffany,HR,61785.61
9298,Campos,Timothy,Engineering,106370.2
2798,Jones,Tyler,IT,114561.77
9402,Murray,Thomas,Engineering,96018.86
2160,Jennings,Todd,IT,109066.68
9577,Walker,Taylor,Engineering,94714.93
2272,Willis,Theodore,IT,104503.06
9269,Rivera,Terri,Engineering,87600.71
2972,Phillips,Taylor,IT,85287.35
9729,Ortiz,Tony,Engineering,85568.64
2368,Hansen,Tammy,IT,67292.44
9841,Malone,Thomas,Engineering,78415.3
2536,Taylor,Tammy,Legal,117166.27
9997,Cooper,Trevor,Engineering,76983.13
2499,Jackson,Tabitha,Legal,102550.09
9496,Russell,Tanya,Engineering,69331.26
2587,Harrington,Theresa,Legal,101478.46
9614,Pace,Tara,Engineering,67556.02
2549,Morgan,Thomas,Legal,90671.18
9114,Scott,Tina,Finance,108031.74
2363,Brown,Timothy,Legal,82313.36
9401,Munoz,Tyler,Finance,94522.88
2864,Davis,Tiffany,Legal,76790.35
9773,Mercer,Taylor,Finance,92526.45
2990,Mcfarland,Theresa,Legal,73772.95
9617,Thompson,Timothy,Finance,87745.67
2106,Chen,Timothy,Legal,66704.95
9539,Carroll,Todd,Finance,81671.0
2663,Oneill,Timothy,Marketing,99159.35
9264,Martinez,Teresa,Finance,80959.62
2865,Malone,Tammy,Marketing,97782.23
9089,Yu,Tara,Finance,62732.47
2702,Glover,Timothy,Marketing,80406.85
9225,Reyes,Traci,Finance,60701.41
2625,Hartman,Teresa,Marketing,71654.8
9397,Dean,Teresa,Finance,57560.99
2660,Lewis,Theresa,Marketing,70188.47
9135,King,Tammy,HR,93693.5
2092,Serrano,Tanya,Marketing,68034.18
9281,Hull,Tracy,HR,92925.42
2506,Parker,Thomas,Marketing,60758.42
9644,Cox,Taylor,HR,82044.93
2924,Dickerson,Travis,Sales,74172.8
9699,Ray,Tyler,HR,71962.21
2636,Jones,Timothy,Sales,57832.69
9332,Baker,Timothy,HR,67983.45
2579,Gordon,Thomas,Sales,54264.85
9595,Riggs,Tonya,HR,57968.0
2312,Washington,Thomas,Sales,53561.08
9674,Wallace,Tonya,IT,102023.52
2803,Lamb,Thomas,Sales,49969.93
9286,Hunt,Tony,IT,98019.23
2023,Reid,Teresa,Support,79176.5
9267,Thomas,Tracey,IT,87314.77
2337,Cochran,Tammy,Support,68626.54
9236,Greene,Tammy,IT,83260.49
2503,Tate,Thomas,Support,62997.79
9687,Carr,Tina,IT,80767.13
2946,Sharp,Tanya,Support,62894.62
9019,Kelley,Tiffany,IT,68987.89
2808,Smith,Tony,Support,60285.92
9689,Holder,Thomas,Legal,107356.02
2196,Clark,Tammy,Support,55593.65
9708,Shannon,Tyrone,Legal,105002.15
2730,Eaton,Thomas,Support,54363.77
9459,Anderson,Tony,Legal,101681.58
2029,Thomas,Tiffany,Support,51883.09
9244,Rios,Travis,Legal,91535.34
2991,Brown,Tyler,Support,50816.06
9428,Rivera,Theresa,Legal,86650.75
10139,Rhodes,Thomas,Engineering,115813.05
9767,Solomon,Troy,Legal,81943.99
10579,Crane,Timothy,Engineering,98474.54
9834,Chavez,Tommy,Legal,80732.67
10588,Patterson,Thomas,Engineering,85586.45
9501,Schmidt,Terri,Legal,73519.48
10381,Hawkins,Tanya,Engineering,72473.42
9352,Johnson,Tracey,Marketing,90463.89
10117,Mueller,Tiffany,Finance,98135.66
9338,Sanford,Todd,Marketing,88790.58
10471,Lam,Tom,Finance,85147.9
9850,Wright,Tyler,Marketing,78819.72
10148,Jacobson,Thomas,Finance,79208.2
9385,Martin,Tina,Marketing,72060.06
10449,Mullins,Travis,Finance,66238.61
9859,Barajas,Thomas,Marketing,69618.84
10752,Garcia,Tara,Finance,65434.97
9959,Wright,Thomas,Marketing,68184.2
10785,Smith,Tony,Finance,63950.42
9505,Hudson,Teresa,Marketing,68081.68
10298,Campos,Terri,Finance,61151.19
9521,Quinn,Tracy,Marketing,62711.24
10634,Cherry,Tracy,Finance,58626.2
9340,Lambert,Tami,Marketing,61680.95
10240,Wu,Timothy,HR,93001.38
9580,Hill,Travis,Marketing,50423.23
10085,Merritt,Timothy,HR,92989.76
9491,Moreno,Tina,Sales,84857.55
10456,Skinner,Troy,HR,89951.27
9395,Miller,Teresa,Sales,75821.99
10926,Miller,Thomas,HR,73370.53
9838,Johnson,Tammy,Sales,70447.78
10144,Kane,Tyler,IT,107721.65
9927,Miller,Tammy,Sales,68402.27
10223,Rogers,Theresa,IT,96553.91
9345,Barnes,Timothy,Sales,64569.43
10566,Villegas,Timothy,IT,87008.33
9907,Elliott,Thomas,Sales,57900.48
10380,Moreno,Teresa,IT,79828.31
9237,Weeks,Tara,Sales,49098.3
10565,Garza,Terry,IT,79811.02
9478,Reyes,Travis,Support,72834.94
10288,Brown,Terri,IT,68977.05
9954,Walton,Tracy,Support,72539.62
10226,Nunez,Thomas,Legal,119448.14
9290,Jones,Theresa,Support,63670.04
10569,Burch,Thomas,Legal,117597.72
9474,Stanton,Travis,Support,56531.77
10309,Mccullough,Timothy,Legal,114121.39
9874,Curtis,Tonya,Support,51341.0
10869,Fletcher,Timothy,Legal,108701.94
15094,Johnson,Tanya,Engineering,113101.44
10451,Martin,Timothy,Legal,87834.41
15309,Shaw,Todd,Engineering,111598.91
10023,Ortiz,Tammy,Legal,84345.05
15155,Johnson,Tracy,Engineering,108790.03
10584,Sullivan,Todd,Marketing,96373.61
15613,Schmidt,Taylor,Finance,108784.17
10557,Garcia,Tammy,Marketing,63315.77
15479,Haynes,Terrance,Finance,107097.61
10882,Nguyen,Troy,Marketing,62491.12
15191,Frost,Thomas,Finance,106185.38
10393,Christian,Theresa,Marketing,60524.18
15606,Lee,Thomas,Finance,105106.85
10163,Saunders,Travis,Marketing,59892.47
15794,Gonzalez,Timothy,Finance,105106.59
10317,Lawrence,Tony,Marketing,56227.4
15021,Burnett,Tara,Finance,99506.21
10880,Patel,Theresa,Sales,89501.85
15969,Bird,Tanya,Finance,94821.37
10360,Nguyen,Tammy,Sales,76320.61
15301,Best,Tammie,Finance,75398.89
10834,Greene,Timothy,Sales,65825.47
15896,Brooks,Tonya,Finance,57897.6
10274,Miller,Thomas,Support,78657.42
15331,Fernandez,Tracy,HR,84738.85
10527,Wright,Tracy,Support,75287.58
15551,Wang,Teresa,HR,70792.44
10025,Stokes,Todd,Support,65640.41
15020,Scott,Troy,HR,64135.81
10272,Adams,Thomas,Support,52069.47
15805,Thompson,Thomas,HR,52980.63
10077,Moore,Timothy,Support,50835.7
15513,May,Tyler,IT,100246.01
10421,Sutton,Tiffany,Support,41612.12
15701,Stuart,Troy,IT,88435.54
5704,Perez,Tanya,Engineering,110614.44
15624,Thomas,Teresa,IT,85064.03
5534,Aguilar,Taylor,Engineering,90653.57
15218,Smith,Tami,IT,73047.19
5947,Allen,Tiffany,Engineering,80224.83
15790,Contreras,Tyrone,IT,63549.48
5415,Jones,Troy,Engineering,79472.07
15120,White,Tyler,Legal,120416.73
5328,Keller,Thomas,Engineering,67527.82
15123,Frazier,Tiffany,Legal,107433.45
5469,Bradshaw,Tamara,Engineering,64722.28
15436,Hudson,Travis,Legal,105912.91
5373,Buckley,Timothy,Finance,102296.18
15778,Mullins,Traci,Legal,105724.76
5143,Smith,Tammy,Finance,95063.21
15568,Reeves,Tina,Legal,95576.5
5659,Sharp,Thomas,Finance,92886.35
15746,Morgan,Thomas,Legal,90774.02
5515,Cook,Theresa,Finance,88561.14
15420,Jacobs,Timothy,Legal,88533.27
5565,Hoover,Tammy,Finance,70169.18
15945,Francis,Tara,Legal,81899.66
5723,Owen,Tina,HR,94768.47
15783,Carey,Tonya,Legal,79479.2
5107,Burton,Tracey,HR,87305.56
15791,Santos,Tyler,Legal,76809.18
5505,Whitaker,Terri,HR,86588.77
15352,Shaw,Tracy,Legal,74403.52
5661,Richard,Tiffany,HR,72231.53
15148,Garcia,Troy,Marketing,99966.91
5364,Suarez,Tyler,HR,70698.44
15303,Pacheco,Timothy,Marketing,96124.37
5698,Johnson,Tracy,HR,60052.64
15433,Wallace,Timothy,Marketing,85862.02
5867,Wilson,Taylor,HR,59663.66
15911,Stewart,Travis,Marketing,80099.47
5298,Moore,Trevor,HR,55350.14
15472,Potts,Tammy,Marketing,70549.28
5676,Fitzgerald,Timothy,HR,52689.75
15874,Smith,Timothy,Marketing,69607.73
5017,Medina,Todd,IT,100618.16
15062,Bruce,Thomas,Marketing,64489.9
5348,Howell,Timothy,IT,99556.39
15356,Pope,Trevor,Marketing,57697.87
5275,Rodriguez,Tamara,IT,95421.76
15007,Flores,Tamara,Sales,89333.21
5189,James,Tim,IT,95378.51
15132,Ballard,Tyler,Sales,87911.35
5868,Dean,Travis,IT,74237.3
15252,Good,Teresa,Sales,79844.89
5185,Baker,Timothy,IT,64958.81
15019,Russell,Thomas,Sales,73223.26
5144,Mcknight,Tracey,Legal,99613.18
15413,Barton,Tammy,Sales,65931.99
5360,Brown,Tanya,Legal,93957.36
15891,Johnson,Thomas,Sales,63456.57
5003,Chen,Tammy,Legal,93230.59
15233,Jacobs,Tammy,Sales,53725.07
5242,Williams,Tammy,Legal,84738.22
15061,Bowman,Trevor,Sales,50076.96
5643,Chandler,Thomas,Legal,78635.56
15474,Smith,Timothy,Sales,48277.35
5028,Foster,Tina,Legal,69979.16
15360,Coleman,Tammy,Support,74546.13
5976,Wallace,Tanner,Marketing,94219.25
15368,Farmer,Tammy,Support,63145.95
5891,Norman,Timothy,Marketing,86825.37
15407,Morton,Tyler,Support,51844.91
5314,Mullins,Thomas,Marketing,53932.56
15579,Bond,Teresa,Support,49920.31
5363,Sandoval,Troy,Sales,82379.61
15450,Freeman,Traci,Support,48536.49
5850,Lee,Thomas,Sales,79641.41
15269,Stephenson,Tonya,Support,45647.38
5872,Jones,Tamara,Sales,78493.75
15838,Phillips,Teresa,Support,45300.83
5406,Johnson,Thomas,Sales,72383.09
15428,Kline,Thomas,Support,42429.57
5958,Hartman,Terri,Sales,67981.75
5159,Jackson,Timothy,Sales,64385.85
5492,Holland,Thomas,Support,65850.48
5475,Chang,Tracy,Support,65773.2
5355,Washington,Tommy,Support,53156.89
15154,Jones,Veronica,Engineering,67746.63
5266,Johnson,Veronica,Engineering,90026.82
15068,Jackson,Vincent,HR,75241.4
5270,Clark,Veronica,Finance,90850.9
15240,Thompson,Valerie,IT,105258.31
5301,White,Vincent,Finance,59149.65
15916,Murphy,Victoria,IT,104910.0
5640,Caldwell,Veronica,HR,86881.79
15655,Pruitt,Victoria,IT,102188.61
5922,Howard,Veronica,HR,63211.23
15265,Le,Victoria,IT,101540.81
5252,Guerrero,Veronica,IT,109585.37
15057,Ramirez,Victoria,IT,72799.89
5763,Williams,Veronica,IT,90407.07
15548,Sanders,Valerie,Legal,93161.41
5502,Graham,Vincent,IT,66440.29
15534,Fox,Victoria,Legal,81885.71
5865,Bradshaw,Vincent,Legal,102717.35
15597,Dillon,Victoria,Legal,71212.99
5129,King,Vincent,Marketing,82376.48
15089,Mcguire,Victoria,Marketing,89014.13
5460,Martin,Vincent,Marketing,70006.03
15929,Torres,Vickie,Marketing,84537.62
5093,Greene,Veronica,Sales,51326.8
15915,Barnes,Victoria,Marketing,72382.11
5366,Morris,Veronica,Support,46242.8
15105,Lopez,Veronica,Sales,77536.53
5525,Thomas,Victoria,Support,42327.66
15719,Rodriguez,Victor,Sales,67522.81
6034,Anderson,Vanessa,IT,72950.62
7411,Pope,Vanessa,Engineering,70145.37
1665,Gomez,Vickie,Engineering,69627.38
15662,Brooks,Victoria,Sales,55352.85
6218,Lee,Victor,Legal,94863.55
7514,Baker,Veronica,Engineering,66548.67
1835,Montes,Vincent,Finance,105663.59
15319,Livingston,Victoria,Support,79447.79
6879,Daniels,Veronica,Legal,92246.35
7390,Manning,Valerie,Finance,86839.46
1921,Mathis,Vicki,HR,84990.25
12433,Dean,Victor,Finance,92890.07
6404,Thomas,Veronica,Marketing,85021.44
7218,Randolph,Vanessa,Finance,77872.66
1923,Andrews,Veronica,HR,84428.72
12985,Mckenzie,Vanessa,Finance,90124.23
6054,Blanchard,Vanessa,Marketing,52625.94
7261,Lambert,Vanessa,HR,55702.54
1907,Molina,Valerie,HR,63535.6
12300,West,Vincent,HR,84175.44
6128,Johnson,Victoria,Sales,52162.19
7336,Jenkins,Vicki,IT,112591.66
1637,Larson,Valerie,HR,60874.29
12193,Jacobson,Victoria,HR,81559.7
6891,Davis,Virginia,Support,73150.97
7221,Price,Vanessa,Legal,124853.57
1930,Fletcher,Valerie,Legal,95996.48
12722,Daniel,Veronica,HR,65117.63
7856,Hicks,Victoria,Legal,74697.44
1601,Hayes,Vincent,Sales,80492.03
12737,Stewart,Valerie,Legal,102772.71
7285,Ellison,Valerie,Sales,49566.84
1102,Khan,Virginia,Sales,69588.27
12005,Gilmore,Victor,Marketing,68693.92
7314,Lopez,Vincent,Support,77435.24
1467,Drake,Victoria,Support,45972.5
12506,Harris,Vincent,Marketing,63198.33
3295,Moore,Veronica,Engineering,103156.47
11599,Grant,Vanessa,Engineering,110149.18
12789,King,Veronica,Sales,58836.44
3099,Greer,Valerie,Engineering,69653.43
11076,Rhodes,Vincent,Engineering,66746.69
12915,Chandler,Vanessa,Sales,48314.62
3631,Johnston,Vanessa,Engineering,65501.89
11524,Garcia,Virginia,Finance,65930.09
12665,Murillo,Vanessa,Support,75562.37
3503,White,Vincent,Finance,109890.57
11149,Diaz,Virginia,HR,88120.86
12146,Evans,Victoria,Support,46047.33
3225,Smith,Victoria,HR,77778.56
11403,Washington,Veronica,HR,83526.45
13336,Miller,Vincent,Finance,107148.23
3506,Clark,Vernon,IT,90845.24
11482,Cummings,Vanessa,HR,83403.82
13679,Watson,Vincent,IT,81074.37
3851,Romero,Virginia,Legal,67260.04
11142,Bishop,Vanessa,HR,51688.02
13518,Hicks,Veronica,Legal,113770.08
3508,Roth,Virginia,Marketing,93783.59
11835,Johnson,Vickie,Legal,94785.02
13938,Clayton,Victoria,Support,69520.7
3209,Avila,Vernon,Marketing,76164.36
11940,Morales,Vicki,Legal,85438.6
3927,Barnett,Vanessa,Sales,53100.52
11332,Gomez,Victoria,Sales,82888.73
3192,Martin,Victoria,Sales,49626.94
11684,Garcia,Virginia,Sales,74359.79
3654,Sharp,Valerie,Support,48450.98
11379,Williams,Victoria,Sales,70917.44
10902,Wilkins,Victoria,Finance,97363.13
11059,Moore,Valerie,Sales,55542.77
10099,Schultz,Virginia,Finance,59721.83
8945,Harmon,Victor,Engineering,116400.78
10389,Hamilton,Vanessa,Finance,55406.44
8673,Sanchez,Veronica,Engineering,65996.48
10701,Brown,Vanessa,IT,110565.88
8487,Gonzalez,Vanessa,Finance,72516.93
10500,Stevens,Vincent,IT,60577.48
8471,Carney,Victor,Legal,86718.65
10547,Baldwin,Victoria,Legal,84579.56
8743,Boyd,Valerie,Marketing,90009.64
10155,Humphrey,Victor,Legal,81345.5
8456,Simon,Vickie,Marketing,88456.43
10564,Hayden,Veronica,Legal,75597.68
8341,Thompson,Valerie,Sales,55224.45
10662,Gibbs,Victoria,Sales,83734.58
14660,Casey,Vanessa,Engineering,112394.09
10874,Smith,Vicki,Sales,56472.18
14469,Allen,Victor,Engineering,94131.94
10090,Johnson,Vanessa,Support,69366.99
14292,Cox,Valerie,Finance,58795.06
10055,Bowers,Virginia,Support,62833.95
14783,Campbell,Vanessa,Finance,55207.39
10774,Hall,Victoria,Support,58868.37
14310,Friedman,Victoria,IT,89872.02
10024,Cruz,Vicki,Support,52252.0
14117,Martinez,Victoria,Marketing,85467.76
54,Porter,Vanessa,Engineering,103723.56
14391,White,Victoria,Marketing,85296.69
483,Heath,Vickie,Engineering,82399.65
14087,Miller,Victor,Sales,52356.84
135,Garcia,Victoria,Finance,86349.52
14696,Miller,Veronica,Support,75536.77
605,Curtis,Victor,HR,57151.57
14180,Hampton,Victoria,Support,73737.13
831,Dawson,Veronica,IT,113259.7
14888,Logan,Vincent,Support,70259.79
439,Patel,Vanessa,Legal,81948.47
9251,Henry,Victoria,Engineering,109153.17
112,Freeman,Victoria,Marketing,96196.21
9802,Marks,Valerie,Engineering,65107.11
238,Keller,Victor,Marketing,77516.73
9072,Santos,Victoria,Finance,100369.55
113,Santiago,Victor,Marketing,59282.48
9930,Perry,Victoria,Finance,80980.75
518,Beltran,Vickie,Support,79520.44
9597,Wade,Veronica,IT,91854.5
418,Anderson,Victoria,Support,71220.17
9934,Summers,Veronica,Legal,95503.68
4644,Barnes,Veronica,Finance,86237.46
9525,Moore,Vanessa,Legal,77699.06
4936,Wheeler,Vanessa,Legal,117128.12
9179,Shelton,Veronica,Sales,87306.1
4186,Lawrence,Valerie,Legal,115285.69
9424,Morton,Vanessa,Sales,60221.15
4328,Hernandez,Virginia,Legal,108795.19
9296,Willis,Victoria,Support,47001.34
4900,Mcconnell,Vicki,Legal,93836.69
2309,Michael,Valerie,Engineering,111265.67
4701,Boyd,Vicki,Legal,90758.62
2512,Parker,Valerie,Engineering,66816.71
4695,Ramirez,Victoria,Marketing,74938.27
2696,Boyd,Valerie,Finance,101464.95
4753,Rasmussen,Veronica,Marketing,51162.61
2409,Mcdaniel,Vanessa,Finance,91361.61
4926,Mills,Veronica,Marketing,50475.06
2041,Preston,Valerie,Finance,76412.24
4053,Miller,Vincent,Sales,82840.64
2073,Barrera,Victor,HR,86036.75
4146,Williams,Vanessa,Sales,45438.44
2970,Byrd,Vincent,HR,54757.18
4437,Mendez,Victoria,Support,57669.76
2771,Brown,Vickie,IT,114134.53
2413,Jones,Veronica,IT,77881.29
2515,Mathis,Valerie,IT,72297.03
2929,Choi,Valerie,Legal,112970.09
2578,Jones,Victoria,Legal,83606.76
2856,Rose,Virginia,Marketing,94314.84
2173,Singh,Vanessa,Marketing,93344.83
2670,King,Victoria,Marketing,66311.68
2629,Carlson,Victoria,Marketing,53466.46
2390,Allen,Victoria,Sales,89959.32
2621,Estes,Veronica,Sales,87524.84
2597,Perez,Victoria,Support,79320.97
2566,James,Victor,Support,66325.2
2100,Gibson,Vincent,Support,50177.34
6122,Williams,Willie,Engineering,113275.72
2912,Harrison,Wyatt,Engineering,71986.66
6657,Vasquez,Wendy,Engineering,95345.42
2189,Hardin,Wayne,HR,68636.9
6368,Crawford,Wendy,Engineering,79240.32
2598,Gonzalez,William,HR,60805.3
6778,Collins,William,Engineering,78916.65
2457,Johnson,William,IT,114427.94
6642,Perez,Warren,Engineering,76286.2
2721,Anderson,William,IT,110388.25
6957,Carr,William,Engineering,67539.33
2310,Jones,Whitney,IT,96911.42
6711,Nichols,William,Finance,107498.05
2119,Sanders,William,IT,94915.39
6507,Jacobs,Wendy,Finance,93820.31
2525,Newman,William,Legal,113159.41
6176,Thompson,William,Finance,91190.52
2940,Thompson,Wendy,Legal,84606.62
6766,Hill,Wanda,Finance,90279.76
2847,Weber,Wendy,Marketing,57852.12
6690,House,Willie,Finance,88166.86
2328,Arias,William,Sales,87834.71
6696,Rocha,Wendy,Finance,82604.35
2867,Richmond,Wesley,Sales,81597.38
6677,Liu,William,HR,88327.26
2246,Morris,William,Support,65065.61
6105,Gordon,Wendy,HR,81625.25
2581,Lindsey,Wendy,Support,63493.28
6003,Davis,Wendy,HR,79352.74
2383,Barrett,William,Support,57702.51
6811,Stone,Wendy,IT,85216.82
2166,Brandt,Whitney,Support,49758.51
6997,Pacheco,Whitney,Legal,117733.58
4273,West,William,Finance,103076.04
5602,Phillips,William,Engineering,110731.36
13807,Neal,William,Engineering,109893.89
6101,Clarke,Wanda,Legal,114333.5
4754,Madden,William,Finance,62835.43
5814,West,Whitney,Engineering,107779.33
13734,Bentley,William,Engineering,96125.69
6609,Kline,William,Legal,76952.64
4967,Burke,William,HR,92543.49
5930,Miller,William,Engineering,93885.78
13292,Allen,Wendy,Engineering,66134.38
6227,Collins,William,Legal,76947.58
4691,Martin,William,HR,65659.16
5692,Shaffer,William,Engineering,82059.04
13244,Ward,Wesley,Finance,82709.79
6525,Jordan,Whitney,Marketing,59072.39
4287,Fleming,William,HR,55631.39
5351,Ballard,Willie,Finance,103143.79
13194,Martinez,Willie,Finance,75628.64
6186,Lopez,William,Sales,87140.21
4608,Mills,William,Legal,114916.13
5323,Cisneros,William,Finance,67720.45
13461,Jackson,Warren,HR,86616.64
6334,King,Wanda,Sales,81216.48
4144,Vasquez,Wendy,Legal,109681.88
5967,Lindsey,William,HR,92640.56
13858,Wallace,Wayne,HR,79257.53
6979,Hamilton,William,Sales,80797.65
4243,Martin,Wendy,Legal,92247.12
5464,Farmer,Wendy,HR,80057.65
13157,Weiss,Wesley,HR,74850.88
6036,Wilkerson,William,Sales,61099.65
4558,Grant,William,Marketing,90782.06
5691,Fletcher,William,HR,69473.06
13742,Gutierrez,Wendy,IT,104742.28
6869,Jackson,William,Support,60632.16
4182,Patton,William,Marketing,75555.41
5118,Mendoza,Walter,HR,61540.51
13234,Ramirez,William,Legal,73701.25
6632,Lee,William,Support,48141.52
4348,Jones,William,Marketing,67733.06
5639,Garcia,William,IT,73547.42
13857,Lin,William,Legal,65219.29
6193,Velazquez,Wesley,Support,47469.05
4748,Johnson,William,Marketing,59355.7
5776,Gonzalez,Willie,Legal,119712.08
13816,Brown,William,Marketing,90310.18
6301,Underwood,William,Support,40276.07
4447,Davis,William,Support,68711.47
5848,Wheeler,William,Legal,94407.83
13794,Hernandez,William,Marketing,59321.73
15246,Smith,William,Engineering,115924.26
5734,Jordan,Wayne,Legal,79591.54
13783,Casey,Willie,Support,78717.28
15718,Byrd,Wanda,Engineering,98464.49
5041,Hoover,William,Marketing,72251.94
13818,Perry,Wesley,Support,58569.04
15967,Wilson,William,Engineering,79326.71
14435,Solis,William,Engineering,70075.05
15982,Peck,William,Finance,82269.04
14216,Reed,William,Finance,92485.42
15869,Pittman,Wendy,HR,83512.4
14358,Hatfield,William,Finance,81907.44
15457,Gonzalez,Walter,IT,112081.2
14959,Smith,Walter,Finance,73764.55
15358,Edwards,William,IT,108584.12
14906,Evans,Walter,HR,92663.33
15163,Steele,Wendy,IT,98029.65
14439,Martin,William,HR,92542.91
15353,Schmitt,Wayne,IT,95674.43
14121,Morales,William,HR,86618.27
15377,Boyd,William,IT,90165.14
14366,Patel,Wendy,IT,91510.15
15741,Christensen,William,IT,70592.9
14768,Cannon,Wanda,IT,63907.05
15069,Francis,Wendy,Legal,118483.84
14528,Hodge,William,Legal,122345.81
15426,Castillo,William,Legal,95910.41
14708,Whitehead,William,Legal,107113.6
15136,Smith,Wendy,Marketing,65881.74
14152,Burns,William,Legal,93716.56
15774,Salazar,Walter,Marketing,60237.37
14371,Rivera,William,Legal,74488.27
15964,Carter,William,Sales,50856.7
14472,Smith,Wendy,Legal,70351.18
15647,Jones,William,Support,75936.7
14945,Bailey,Wanda,Marketing,71085.57
15315,Harper,William,Support,69622.26
14277,Anderson,William,Sales,58838.57
15639,Glass,Wendy,Support,52125.1
14773,Adams,Wendy,Support,49998.55
15064,Harrell,Walter,Support,46591.82
14204,Newman,William,Support,47927.95
5791,Castillo,William,Marketing,58827.78
12291,Winters,William,Engineering,119535.96
5701,Moore,Wanda,Sales,89543.85
12599,Larson,William,Engineering,108673.05
5859,Lopez,William,Sales,77378.95
12950,Garcia,Wayne,Engineering,97640.97
5412,Ware,William,Sales,71313.2
12058,Holland,William,Engineering,82895.28
5229,Benton,Wayne,Sales,69818.79
12349,Strickland,William,Engineering,71386.49
5616,Grant,William,Support,52235.39
12049,Leblanc,Wendy,HR,88083.07
7655,Wilkinson,William,Engineering,114564.9
12484,Pollard,William,HR,74901.68
7310,Holmes,William,Finance,103898.55
12888,Riley,Willie,HR,50633.15
7779,Jacobson,William,Finance,91587.29
12494,Wells,William,IT,94277.62
7661,Gibbs,William,Finance,85288.4
12088,Diaz,William,IT,84871.0
7245,Hart,Whitney,HR,77472.92
12541,Dudley,William,Legal,112730.85
7920,Rivera,William,IT,88036.46
12984,Harris,William,Legal,109500.6
7648,Rose,Wanda,IT,80447.32
12560,Kemp,William,Legal,87358.91
7050,Galvan,William,Marketing,88201.76
12006,Daniels,Wendy,Legal,85169.55
7943,Sanchez,William,Marketing,80100.36
12352,Larsen,Wesley,Sales,89206.4
7445,Jones,William,Marketing,73239.23
12191,Schwartz,Wayne,Sales,85849.27
7854,Mills,Wayne,Marketing,62285.91
12537,Allen,William,Sales,60518.46
7092,Huffman,William,Sales,79888.51
12143,Gray,William,Support,63902.04
7108,Hines,Wendy,Sales,76335.94
12050,Ferrell,Wesley,Support,53792.91
7483,Garcia,William,Sales,65525.0
12999,Livingston,Whitney,Support,48898.11
7963,Harmon,William,Sales,57732.84
1049,Johnson,William,Engineering,99569.01
7318,Huynh,Wanda,Support,79844.43
1895,Benitez,William,Engineering,88336.4
7737,Martinez,William,Support,53051.4
1307,Rios,William,Engineering,81957.79
9855,Moore,William,Finance,62881.43
1614,Wolf,Whitney,Engineering,68050.18
9865,Gross,William,HR,86049.38
1722,Baker,Wendy,Finance,98595.23
9999,Garcia,Walter,HR,74695.98
1277,West,William,Finance,73245.29
9483,Miranda,William,IT,99930.54
1471,Mills,Wesley,Finance,61960.17
9862,Curtis,William,IT,86457.16
1230,Myers,William,HR,94984.99
9637,Sullivan,Wayne,Legal,104759.23
1296,Lopez,William,HR,84562.16
9976,Castillo,Wayne,Legal,92470.36
1865,Benson,William,HR,54841.89
9881,Huffman,William,Legal,87647.54
1173,Hardy,William,IT,88787.35
9860,Thomas,Wayne,Marketing,86875.02
1531,Thomas,William,IT,68156.47
9241,Jacobs,William,Marketing,81992.03
1617,Kim,William,IT,64598.24
9022,Meyer,William,Marketing,73324.31
1599,Perez,Wayne,Legal,114085.77
9085,Brown,Walter,Marketing,65500.1
1630,Herrera,William,Legal,84783.03
9211,Evans,William,Sales,83593.79
1678,Saunders,William,Legal,83573.21
9797,Franklin,Wendy,Sales,81153.76
1282,Singh,William,Marketing,97887.23
9605,Edwards,William,Sales,67523.38
1660,Tanner,William,Marketing,94304.68
9705,Sanchez,Wendy,Support,61781.24
1466,Jarvis,Wendy,Marketing,82190.43
9103,White,Wanda,Support,56912.99
1565,Smith,Wendy,Sales,77738.96
8582,Kelley,William,Engineering,106333.13
1165,Spencer,William,Sales,52495.34
8357,Bryant,Wendy,Engineering,100152.55
1325,Jones,Whitney,Support,44687.01
8755,Ingram,William,Engineering,69634.63
3708,Pierce,Wendy,Engineering,111240.26
8058,Little,Walter,Engineering,63390.48
3942,Munoz,Wyatt,Engineering,83319.17
8947,Bullock,Whitney,Finance,103297.79
3730,Jackson,William,Engineering,77993.97
8055,Todd,William,HR,86578.64
3697,Taylor,Wayne,Finance,96682.34
8473,Harris,Walter,HR,50043.51
3932,Jimenez,Willie,HR,60943.0
8376,Morrison,Warren,IT,104007.55
3610,Rogers,Wesley,IT,114212.14
8860,Frank,William,IT,98236.96
3174,Davis,Wanda,Marketing,94742.21
8624,Mclaughlin,Wendy,IT,78632.82
3528,Sullivan,Wayne,Marketing,91934.21
8412,Jensen,Wayne,Legal,87307.01
3788,Johnson,Wendy,Sales,45928.39
8846,Williamson,Wanda,Legal,86461.74
3060,Snyder,William,Support,72077.1
8492,Fox,William,Legal,85288.49
3067,Thomas,William,Support,62788.49
8277,Bowman,William,Marketing,81263.99
11500,King,Wayne,Engineering,82068.42
8589,Smith,William,Marketing,78543.54
11229,Reed,Willie,HR,76088.57
8446,Payne,William,Sales,73822.68
11868,Paul,Wendy,HR,60818.63
8528,Ray,William,Sales,60403.63
11030,Rodriguez,William,HR,60781.81
8764,Smith,Wesley,Support,59343.34
11188,Hines,Wayne,IT,104926.98
8779,Cochran,William,Support,41254.92
11483,Oliver,William,Legal,69350.29
477,Klein,William,Engineering,106839.2
10977,Carson,William,Engineering,118592.97
11424,Jennings,William,Marketing,85312.1
840,Lara,William,Engineering,86362.79
10164,Cisneros,William,Engineering,106557.34
11120,Guzman,William,Marketing,74847.07
671,Wall,William,HR,89421.59
10483,Vaughn,Wayne,Finance,105664.27
11844,Sharp,William,Sales,45319.54
971,Rodriguez,William,HR,84076.13
10308,Snow,Whitney,Finance,101960.48
11071,Roberts,William,Support,69011.15
707,Knight,Wendy,HR,58230.15
10825,Hughes,William,Finance,94683.3
11726,Wright,Wayne,Support,41739.36
742,Garcia,Whitney,IT,114731.89
10863,Munoz,William,Finance,80781.26
916,Mack,Wendy,IT,96982.33
10554,Martin,William,Finance,75088.28
297,Byrd,William,IT,85083.02
10337,Watts,Walter,Finance,70450.71
370,Richardson,William,IT,71830.85
10805,Greene,Wendy,HR,69177.86
789,Scott,William,IT,60899.44
10899,Williams,Wanda,HR,63530.35
226,Herrera,Whitney,Legal,113410.31
10759,Yoder,Wanda,HR,59693.94
247,Mason,Walter,Legal,95882.93
10862,Knapp,William,IT,104737.53
604,Cooper,William,Legal,67989.17
10143,Coleman,Walter,IT,82918.55
90,Daniels,William,Marketing,86852.39
10082,Aguilar,Wesley,IT,67911.54
178,Thompson,William,Marketing,83998.4
10695,Pugh,William,IT,62514.56
495,Munoz,William,Marketing,81913.63
10192,Montgomery,Wendy,Legal,117550.37
970,Davis,William,Marketing,78904.85
10548,Horn,Wendy,Marketing,60808.82
530,Hernandez,William,Marketing,75085.31
10722,Morgan,William,Sales,78937.2
788,Montgomery,Wesley,Marketing,62162.52
10470,Flores,William,Sales,69010.55
675,Brown,Wyatt,Sales,79413.77
10726,Hardy,Willie,Support,49352.55
714,Allen,Wesley,Sales,62980.22
686,Dixon,Wanda,Support,55533.9
751,Martinez,Wendy,Support,54710.24
4892,Huang,Xavier,IT,95518.91
6960,Figueroa,Xavier,Finance,88443.26
4775,Ross,Yolanda,HR,69969.11
6903,Johnson,Yolanda,Marketing,51435.15
4466,Moore,Yvonne,Marketing,96265.94
6184,Nunez,Yvonne,Support,44842.41
11862,Vargas,Yolanda,HR,52261.15
12163,Boyd,Yvette,Sales,47435.75
2484,Larson,Yvette,Finance,63261.43
5265,Norton,Yolanda,HR,82208.97
2135,Williams,Yolanda,Sales,51894.93
5283,Freeman,Yvonne,IT,109954.06
15739,Johnson,Yvette,Finance,91994.97
5032,Everett,Yolanda,IT,64477.74
14830,Keller,Yvonne,Engineering,74757.91
5683,Davidson,Yolanda,Support,50339.1
14977,Anderson,Yolanda,Finance,106691.25
818,Powell,Yvonne,Engineering,72132.0
14932,Phillips,Yvette,Finance,55767.14
808,Johns,Yolanda,Finance,87002.66
14465,Wang,Yesenia,HR,53764.15
853,Rose,Yvette,HR,51807.4
14011,Cox,Yolanda,Marketing,93710.98
8601,Garcia,Yesenia,Engineering,77825.59
3100,Mitchell,Yvonne,Support,65082.73
8557,Vaughn,Yolanda,Sales,87905.69
8724,Rodriguez,Yvonne,Sales,74314.91
14432,Reed,Zachary,Marketing,91379.02
8545,Ramos,Zachary,Engineering,83651.71
14653,Massey,Zachary,Sales,53921.17
8368,Campbell,Zoe,Finance,106395.35
14895,Martin,Zachary,Support,42819.12
5367,Nelson,Zachary,Engineering,117205.73
9582,Sanchez,Zachary,Engineering,71971.77
5542,Murray,Zachary,Engineering,61152.3
9968,Bryant,Zachary,Legal,84858.12
5938,Rivera,Zachary,Finance,101837.18
9782,Mccoy,Zachary,Sales,78776.93
5496,Reyes,Zachary,Sales,57044.46
7672,Rodriguez,Zachary,Finance,92960.34
12899,Howard,Zoe,Finance,90627.77
7869,Gillespie,Zachary,HR,61502.18
12346,Smith,Zachary,Sales,56913.77
7090,Lowe,Zachary,IT,86603.29
12521,Gonzalez,Zachary,Sales,50615.81
7739,Avery,Zachary,IT,72971.33
11511,Warren,Zachary,Engineering,117271.59
4865,Gibbs,Zachary,Finance,68408.32
11038,Mccullough,Zachary,HR,89456.01
4498,Green,Zoe,Legal,67575.74
11273,Anderson,Zachary,HR,74092.31
4966,Nash,Zachary,Marketing,65399.21
11822,Wallace,Zachary,IT,113172.45
10795,Perez,Zachary,Engineering,102565.43
11021,Garcia,Zachary,Sales,76237.31
10103,Monroe,Zachary,IT,79052.09
589,Harrington,Zoe,Engineering,92326.37
10441,Howell,Zachary,Legal,72680.02
659,Freeman,Zachary,HR,58715.35
10094,Smith,Zachary,Marketing,93994.41
560,Romero,Zachary,Sales,62678.51
10425,Allen,Zachary,Marketing,64333.96
658,Dickerson,Zachary,Support,72950.96
1699,Bryant,Zachary,Engineering,71319.66
2009,Acosta,Zachary,Engineering,103713.0
1501,Walker,Zachary,HR,72150.29
2406,Mitchell,Zoe,HR,90445.56
1218,Davis,Zachary,Marketing,80101.02
2896,Russell,Zachary,HR,71828.76
6978,Roberson,Zachary,IT,108829.73
2542,Dickerson,Zachary,Sales,54750.45
6520,Pearson,Zachary,IT,72976.29
3718,Torres,Zachary,Engineering,83613.4
6543,Willis,Zachary,Marketing,93074.26
3563,Chung,Zachary,HR,71621.38
15536,Murillo,Zachary,HR,81904.68
3841,Ramirez,Zachary,IT,111733.45
15933,Wolfe,Zachary,IT,94259.15
3686,Holt,Zachary,IT,109702.22
15687,Mckenzie,Zachary,Marketing,71403.67
3657,Dunn,Zachary,IT,87961.97
3969,Nguyen,Zoe,IT,73401.12
3879,Jones,Zachary,Legal,106305.19
